filename,label,img_dir
Image_4898.jpg,ADONIS,c:\Users\ricar\Downloads\TP2-Students\aca-butterflies\train
Image_1850.jpg,ADONIS,c:\Users\ricar\Downloads\TP2-Students\aca-butterflies\train
Image_2568.jpg,ADONIS,c:\Users\ricar\Downloads\TP2-Students\aca-butterflies\train
Image_4215.jpg,ADONIS,c:\Users\ricar\Downloads\TP2-Students\aca-butterflies\train
Image_189.jpg,ADONIS,c:\Users\ricar\Downloads\TP2-Students\aca-butterflies\train
Image_4845.jpg,ADONIS,c:\Users\ricar\Downloads\TP2-Students\aca-butterflies\train
Image_3208.jpg,ADONIS,c:\Users\ricar\Downloads\TP2-Students\aca-butterflies\train
Image_2084.jpg,ADONIS,c:\Users\ricar\Downloads\TP2-Students\aca-butterflies\train
Image_1393.jpg,ADONIS,c:\Users\ricar\Downloads\TP2-Students\aca-butterflies\train
Image_482.jpg,ADONIS,c:\Users\ricar\Downloads\TP2-Students\aca-butterflies\train
Image_4835.jpg,ADONIS,c:\Users\ricar\Downloads\TP2-Students\aca-butterflies\train
Image_1159.jpg,ADONIS,c:\Users\ricar\Downloads\TP2-Students\aca-butterflies\train
Image_3026.jpg,ADONIS,c:\Users\ricar\Downloads\TP2-Students\aca-butterflies\train
Image_5153.jpg,ADONIS,c:\Users\ricar\Downloads\TP2-Students\aca-butterflies\train
Image_4773.jpg,ADONIS,c:\Users\ricar\Downloads\TP2-Students\aca-butterflies\train
Image_3311.jpg,ADONIS,c:\Users\ricar\Downloads\TP2-Students\aca-butterflies\train
Image_3266.jpg,ADONIS,c:\Users\ricar\Downloads\TP2-Students\aca-butterflies\train
Image_375.jpg,ADONIS,c:\Users\ricar\Downloads\TP2-Students\aca-butterflies\train
Image_108.jpg,ADONIS,c:\Users\ricar\Downloads\TP2-Students\aca-butterflies\train
Image_1613.jpg,ADONIS,c:\Users\ricar\Downloads\TP2-Students\aca-butterflies\train
Image_5019.jpg,ADONIS,c:\Users\ricar\Downloads\TP2-Students\aca-butterflies\train
Image_2189.jpg,ADONIS,c:\Users\ricar\Downloads\TP2-Students\aca-butterflies\train
Image_3536.jpg,ADONIS,c:\Users\ricar\Downloads\TP2-Students\aca-butterflies\train
Image_2167.jpg,ADONIS,c:\Users\ricar\Downloads\TP2-Students\aca-butterflies\train
Image_4927.jpg,ADONIS,c:\Users\ricar\Downloads\TP2-Students\aca-butterflies\train
Image_1409.jpg,ADONIS,c:\Users\ricar\Downloads\TP2-Students\aca-butterflies\train
Image_4233.jpg,ADONIS,c:\Users\ricar\Downloads\TP2-Students\aca-butterflies\train
Image_3935.jpg,ADONIS,c:\Users\ricar\Downloads\TP2-Students\aca-butterflies\train
Image_183.jpg,ADONIS,c:\Users\ricar\Downloads\TP2-Students\aca-butterflies\train
Image_4707.jpg,ADONIS,c:\Users\ricar\Downloads\TP2-Students\aca-butterflies\train
Image_2316.jpg,ADONIS,c:\Users\ricar\Downloads\TP2-Students\aca-butterflies\train
Image_1983.jpg,ADONIS,c:\Users\ricar\Downloads\TP2-Students\aca-butterflies\train
Image_2600.jpg,ADONIS,c:\Users\ricar\Downloads\TP2-Students\aca-butterflies\train
Image_1726.jpg,ADONIS,c:\Users\ricar\Downloads\TP2-Students\aca-butterflies\train
Image_3140.jpg,ADONIS,c:\Users\ricar\Downloads\TP2-Students\aca-butterflies\train
Image_1001.jpg,ADONIS,c:\Users\ricar\Downloads\TP2-Students\aca-butterflies\train
Image_579.jpg,ADONIS,c:\Users\ricar\Downloads\TP2-Students\aca-butterflies\train
Image_2475.jpg,ADONIS,c:\Users\ricar\Downloads\TP2-Students\aca-butterflies\train
Image_4026.jpg,ADONIS,c:\Users\ricar\Downloads\TP2-Students\aca-butterflies\train
Image_1126.jpg,ADONIS,c:\Users\ricar\Downloads\TP2-Students\aca-butterflies\train
Image_4786.jpg,ADONIS,c:\Users\ricar\Downloads\TP2-Students\aca-butterflies\train
Image_188.jpg,ADONIS,c:\Users\ricar\Downloads\TP2-Students\aca-butterflies\train
Image_2847.jpg,ADONIS,c:\Users\ricar\Downloads\TP2-Students\aca-butterflies\train
Image_2352.jpg,ADONIS,c:\Users\ricar\Downloads\TP2-Students\aca-butterflies\train
Image_590.jpg,ADONIS,c:\Users\ricar\Downloads\TP2-Students\aca-butterflies\train
Image_4665.jpg,ADONIS,c:\Users\ricar\Downloads\TP2-Students\aca-butterflies\train
Image_5113.jpg,ADONIS,c:\Users\ricar\Downloads\TP2-Students\aca-butterflies\train
Image_477.jpg,ADONIS,c:\Users\ricar\Downloads\TP2-Students\aca-butterflies\train
Image_3136.jpg,ADONIS,c:\Users\ricar\Downloads\TP2-Students\aca-butterflies\train
Image_2945.jpg,AFRICAN GIANT SWALLOWTAIL,c:\Users\ricar\Downloads\TP2-Students\aca-butterflies\train
Image_159.jpg,AFRICAN GIANT SWALLOWTAIL,c:\Users\ricar\Downloads\TP2-Students\aca-butterflies\train
Image_3579.jpg,AFRICAN GIANT SWALLOWTAIL,c:\Users\ricar\Downloads\TP2-Students\aca-butterflies\train
Image_1155.jpg,AFRICAN GIANT SWALLOWTAIL,c:\Users\ricar\Downloads\TP2-Students\aca-butterflies\train
Image_1326.jpg,AFRICAN GIANT SWALLOWTAIL,c:\Users\ricar\Downloads\TP2-Students\aca-butterflies\train
Image_382.jpg,AFRICAN GIANT SWALLOWTAIL,c:\Users\ricar\Downloads\TP2-Students\aca-butterflies\train
Image_336.jpg,AFRICAN GIANT SWALLOWTAIL,c:\Users\ricar\Downloads\TP2-Students\aca-butterflies\train
Image_303.jpg,AFRICAN GIANT SWALLOWTAIL,c:\Users\ricar\Downloads\TP2-Students\aca-butterflies\train
Image_1260.jpg,AFRICAN GIANT SWALLOWTAIL,c:\Users\ricar\Downloads\TP2-Students\aca-butterflies\train
Image_4553.jpg,AFRICAN GIANT SWALLOWTAIL,c:\Users\ricar\Downloads\TP2-Students\aca-butterflies\train
Image_39.jpg,AFRICAN GIANT SWALLOWTAIL,c:\Users\ricar\Downloads\TP2-Students\aca-butterflies\train
Image_4626.jpg,AFRICAN GIANT SWALLOWTAIL,c:\Users\ricar\Downloads\TP2-Students\aca-butterflies\train
Image_3387.jpg,AFRICAN GIANT SWALLOWTAIL,c:\Users\ricar\Downloads\TP2-Students\aca-butterflies\train
Image_1825.jpg,AFRICAN GIANT SWALLOWTAIL,c:\Users\ricar\Downloads\TP2-Students\aca-butterflies\train
Image_1233.jpg,AFRICAN GIANT SWALLOWTAIL,c:\Users\ricar\Downloads\TP2-Students\aca-butterflies\train
Image_4017.jpg,AFRICAN GIANT SWALLOWTAIL,c:\Users\ricar\Downloads\TP2-Students\aca-butterflies\train
Image_4634.jpg,AFRICAN GIANT SWALLOWTAIL,c:\Users\ricar\Downloads\TP2-Students\aca-butterflies\train
Image_1849.jpg,AFRICAN GIANT SWALLOWTAIL,c:\Users\ricar\Downloads\TP2-Students\aca-butterflies\train
Image_1424.jpg,AFRICAN GIANT SWALLOWTAIL,c:\Users\ricar\Downloads\TP2-Students\aca-butterflies\train
Image_1208.jpg,AFRICAN GIANT SWALLOWTAIL,c:\Users\ricar\Downloads\TP2-Students\aca-butterflies\train
Image_3905.jpg,AFRICAN GIANT SWALLOWTAIL,c:\Users\ricar\Downloads\TP2-Students\aca-butterflies\train
Image_2480.jpg,AFRICAN GIANT SWALLOWTAIL,c:\Users\ricar\Downloads\TP2-Students\aca-butterflies\train
Image_4706.jpg,AFRICAN GIANT SWALLOWTAIL,c:\Users\ricar\Downloads\TP2-Students\aca-butterflies\train
Image_2912.jpg,AFRICAN GIANT SWALLOWTAIL,c:\Users\ricar\Downloads\TP2-Students\aca-butterflies\train
Image_1211.jpg,AFRICAN GIANT SWALLOWTAIL,c:\Users\ricar\Downloads\TP2-Students\aca-butterflies\train
Image_3246.jpg,AFRICAN GIANT SWALLOWTAIL,c:\Users\ricar\Downloads\TP2-Students\aca-butterflies\train
Image_4551.jpg,AFRICAN GIANT SWALLOWTAIL,c:\Users\ricar\Downloads\TP2-Students\aca-butterflies\train
Image_4208.jpg,AFRICAN GIANT SWALLOWTAIL,c:\Users\ricar\Downloads\TP2-Students\aca-butterflies\train
Image_1392.jpg,AFRICAN GIANT SWALLOWTAIL,c:\Users\ricar\Downloads\TP2-Students\aca-butterflies\train
Image_1420.jpg,AFRICAN GIANT SWALLOWTAIL,c:\Users\ricar\Downloads\TP2-Students\aca-butterflies\train
Image_2193.jpg,AFRICAN GIANT SWALLOWTAIL,c:\Users\ricar\Downloads\TP2-Students\aca-butterflies\train
Image_4042.jpg,AFRICAN GIANT SWALLOWTAIL,c:\Users\ricar\Downloads\TP2-Students\aca-butterflies\train
Image_3404.jpg,AFRICAN GIANT SWALLOWTAIL,c:\Users\ricar\Downloads\TP2-Students\aca-butterflies\train
Image_3903.jpg,AFRICAN GIANT SWALLOWTAIL,c:\Users\ricar\Downloads\TP2-Students\aca-butterflies\train
Image_718.jpg,AFRICAN GIANT SWALLOWTAIL,c:\Users\ricar\Downloads\TP2-Students\aca-butterflies\train
Image_1217.jpg,AFRICAN GIANT SWALLOWTAIL,c:\Users\ricar\Downloads\TP2-Students\aca-butterflies\train
Image_2072.jpg,AFRICAN GIANT SWALLOWTAIL,c:\Users\ricar\Downloads\TP2-Students\aca-butterflies\train
Image_3083.jpg,AFRICAN GIANT SWALLOWTAIL,c:\Users\ricar\Downloads\TP2-Students\aca-butterflies\train
Image_874.jpg,AFRICAN GIANT SWALLOWTAIL,c:\Users\ricar\Downloads\TP2-Students\aca-butterflies\train
Image_3808.jpg,AFRICAN GIANT SWALLOWTAIL,c:\Users\ricar\Downloads\TP2-Students\aca-butterflies\train
Image_1483.jpg,AFRICAN GIANT SWALLOWTAIL,c:\Users\ricar\Downloads\TP2-Students\aca-butterflies\train
Image_3998.jpg,AFRICAN GIANT SWALLOWTAIL,c:\Users\ricar\Downloads\TP2-Students\aca-butterflies\train
Image_4630.jpg,AMERICAN SNOOT,c:\Users\ricar\Downloads\TP2-Students\aca-butterflies\train
Image_988.jpg,AMERICAN SNOOT,c:\Users\ricar\Downloads\TP2-Students\aca-butterflies\train
Image_4560.jpg,AMERICAN SNOOT,c:\Users\ricar\Downloads\TP2-Students\aca-butterflies\train
Image_3177.jpg,AMERICAN SNOOT,c:\Users\ricar\Downloads\TP2-Students\aca-butterflies\train
Image_454.jpg,AMERICAN SNOOT,c:\Users\ricar\Downloads\TP2-Students\aca-butterflies\train
Image_1674.jpg,AMERICAN SNOOT,c:\Users\ricar\Downloads\TP2-Students\aca-butterflies\train
Image_1578.jpg,AMERICAN SNOOT,c:\Users\ricar\Downloads\TP2-Students\aca-butterflies\train
Image_1512.jpg,AMERICAN SNOOT,c:\Users\ricar\Downloads\TP2-Students\aca-butterflies\train
Image_4225.jpg,AMERICAN SNOOT,c:\Users\ricar\Downloads\TP2-Students\aca-butterflies\train
Image_4238.jpg,AMERICAN SNOOT,c:\Users\ricar\Downloads\TP2-Students\aca-butterflies\train
Image_2726.jpg,AMERICAN SNOOT,c:\Users\ricar\Downloads\TP2-Students\aca-butterflies\train
Image_1704.jpg,AMERICAN SNOOT,c:\Users\ricar\Downloads\TP2-Students\aca-butterflies\train
Image_4080.jpg,AMERICAN SNOOT,c:\Users\ricar\Downloads\TP2-Students\aca-butterflies\train
Image_3435.jpg,AMERICAN SNOOT,c:\Users\ricar\Downloads\TP2-Students\aca-butterflies\train
Image_3546.jpg,AMERICAN SNOOT,c:\Users\ricar\Downloads\TP2-Students\aca-butterflies\train
Image_473.jpg,AMERICAN SNOOT,c:\Users\ricar\Downloads\TP2-Students\aca-butterflies\train
Image_560.jpg,AMERICAN SNOOT,c:\Users\ricar\Downloads\TP2-Students\aca-butterflies\train
Image_5058.jpg,AMERICAN SNOOT,c:\Users\ricar\Downloads\TP2-Students\aca-butterflies\train
Image_2910.jpg,AMERICAN SNOOT,c:\Users\ricar\Downloads\TP2-Students\aca-butterflies\train
Image_5177.jpg,AMERICAN SNOOT,c:\Users\ricar\Downloads\TP2-Students\aca-butterflies\train
Image_990.jpg,AMERICAN SNOOT,c:\Users\ricar\Downloads\TP2-Students\aca-butterflies\train
Image_255.jpg,AMERICAN SNOOT,c:\Users\ricar\Downloads\TP2-Students\aca-butterflies\train
Image_1580.jpg,AMERICAN SNOOT,c:\Users\ricar\Downloads\TP2-Students\aca-butterflies\train
Image_366.jpg,AMERICAN SNOOT,c:\Users\ricar\Downloads\TP2-Students\aca-butterflies\train
Image_1782.jpg,AMERICAN SNOOT,c:\Users\ricar\Downloads\TP2-Students\aca-butterflies\train
Image_1152.jpg,AMERICAN SNOOT,c:\Users\ricar\Downloads\TP2-Students\aca-butterflies\train
Image_529.jpg,AMERICAN SNOOT,c:\Users\ricar\Downloads\TP2-Students\aca-butterflies\train
Image_1808.jpg,AMERICAN SNOOT,c:\Users\ricar\Downloads\TP2-Students\aca-butterflies\train
Image_1817.jpg,AMERICAN SNOOT,c:\Users\ricar\Downloads\TP2-Students\aca-butterflies\train
Image_901.jpg,AMERICAN SNOOT,c:\Users\ricar\Downloads\TP2-Students\aca-butterflies\train
Image_1259.jpg,AMERICAN SNOOT,c:\Users\ricar\Downloads\TP2-Students\aca-butterflies\train
Image_2395.jpg,AMERICAN SNOOT,c:\Users\ricar\Downloads\TP2-Students\aca-butterflies\train
Image_2458.jpg,AMERICAN SNOOT,c:\Users\ricar\Downloads\TP2-Students\aca-butterflies\train
Image_5001.jpg,AMERICAN SNOOT,c:\Users\ricar\Downloads\TP2-Students\aca-butterflies\train
Image_413.jpg,AMERICAN SNOOT,c:\Users\ricar\Downloads\TP2-Students\aca-butterflies\train
Image_4848.jpg,AMERICAN SNOOT,c:\Users\ricar\Downloads\TP2-Students\aca-butterflies\train
Image_2120.jpg,AMERICAN SNOOT,c:\Users\ricar\Downloads\TP2-Students\aca-butterflies\train
Image_4911.jpg,AMERICAN SNOOT,c:\Users\ricar\Downloads\TP2-Students\aca-butterflies\train
Image_1803.jpg,AMERICAN SNOOT,c:\Users\ricar\Downloads\TP2-Students\aca-butterflies\train
Image_372.jpg,AMERICAN SNOOT,c:\Users\ricar\Downloads\TP2-Students\aca-butterflies\train
Image_3557.jpg,AMERICAN SNOOT,c:\Users\ricar\Downloads\TP2-Students\aca-butterflies\train
Image_4088.jpg,AN 88,c:\Users\ricar\Downloads\TP2-Students\aca-butterflies\train
Image_1939.jpg,AN 88,c:\Users\ricar\Downloads\TP2-Students\aca-butterflies\train
Image_1287.jpg,AN 88,c:\Users\ricar\Downloads\TP2-Students\aca-butterflies\train
Image_4606.jpg,AN 88,c:\Users\ricar\Downloads\TP2-Students\aca-butterflies\train
Image_3296.jpg,AN 88,c:\Users\ricar\Downloads\TP2-Students\aca-butterflies\train
Image_3883.jpg,AN 88,c:\Users\ricar\Downloads\TP2-Students\aca-butterflies\train
Image_537.jpg,AN 88,c:\Users\ricar\Downloads\TP2-Students\aca-butterflies\train
Image_201.jpg,AN 88,c:\Users\ricar\Downloads\TP2-Students\aca-butterflies\train
Image_1033.jpg,AN 88,c:\Users\ricar\Downloads\TP2-Students\aca-butterflies\train
Image_4587.jpg,AN 88,c:\Users\ricar\Downloads\TP2-Students\aca-butterflies\train
Image_280.jpg,AN 88,c:\Users\ricar\Downloads\TP2-Students\aca-butterflies\train
Image_1338.jpg,AN 88,c:\Users\ricar\Downloads\TP2-Students\aca-butterflies\train
Image_3606.jpg,AN 88,c:\Users\ricar\Downloads\TP2-Students\aca-butterflies\train
Image_2915.jpg,AN 88,c:\Users\ricar\Downloads\TP2-Students\aca-butterflies\train
Image_1947.jpg,AN 88,c:\Users\ricar\Downloads\TP2-Students\aca-butterflies\train
Image_606.jpg,AN 88,c:\Users\ricar\Downloads\TP2-Students\aca-butterflies\train
Image_3869.jpg,AN 88,c:\Users\ricar\Downloads\TP2-Students\aca-butterflies\train
Image_4454.jpg,AN 88,c:\Users\ricar\Downloads\TP2-Students\aca-butterflies\train
Image_3324.jpg,AN 88,c:\Users\ricar\Downloads\TP2-Students\aca-butterflies\train
Image_3110.jpg,AN 88,c:\Users\ricar\Downloads\TP2-Students\aca-butterflies\train
Image_318.jpg,AN 88,c:\Users\ricar\Downloads\TP2-Students\aca-butterflies\train
Image_285.jpg,AN 88,c:\Users\ricar\Downloads\TP2-Students\aca-butterflies\train
Image_4112.jpg,AN 88,c:\Users\ricar\Downloads\TP2-Students\aca-butterflies\train
Image_3318.jpg,AN 88,c:\Users\ricar\Downloads\TP2-Students\aca-butterflies\train
Image_4468.jpg,AN 88,c:\Users\ricar\Downloads\TP2-Students\aca-butterflies\train
Image_1123.jpg,AN 88,c:\Users\ricar\Downloads\TP2-Students\aca-butterflies\train
Image_3780.jpg,AN 88,c:\Users\ricar\Downloads\TP2-Students\aca-butterflies\train
Image_3661.jpg,AN 88,c:\Users\ricar\Downloads\TP2-Students\aca-butterflies\train
Image_507.jpg,AN 88,c:\Users\ricar\Downloads\TP2-Students\aca-butterflies\train
Image_3511.jpg,AN 88,c:\Users\ricar\Downloads\TP2-Students\aca-butterflies\train
Image_5026.jpg,AN 88,c:\Users\ricar\Downloads\TP2-Students\aca-butterflies\train
Image_38.jpg,AN 88,c:\Users\ricar\Downloads\TP2-Students\aca-butterflies\train
Image_164.jpg,AN 88,c:\Users\ricar\Downloads\TP2-Students\aca-butterflies\train
Image_3517.jpg,AN 88,c:\Users\ricar\Downloads\TP2-Students\aca-butterflies\train
Image_3084.jpg,AN 88,c:\Users\ricar\Downloads\TP2-Students\aca-butterflies\train
Image_5139.jpg,AN 88,c:\Users\ricar\Downloads\TP2-Students\aca-butterflies\train
Image_2476.jpg,AN 88,c:\Users\ricar\Downloads\TP2-Students\aca-butterflies\train
Image_407.jpg,AN 88,c:\Users\ricar\Downloads\TP2-Students\aca-butterflies\train
Image_3465.jpg,AN 88,c:\Users\ricar\Downloads\TP2-Students\aca-butterflies\train
Image_5101.jpg,AN 88,c:\Users\ricar\Downloads\TP2-Students\aca-butterflies\train
Image_4075.jpg,AN 88,c:\Users\ricar\Downloads\TP2-Students\aca-butterflies\train
Image_2128.jpg,AN 88,c:\Users\ricar\Downloads\TP2-Students\aca-butterflies\train
Image_3307.jpg,AN 88,c:\Users\ricar\Downloads\TP2-Students\aca-butterflies\train
Image_1598.jpg,AN 88,c:\Users\ricar\Downloads\TP2-Students\aca-butterflies\train
Image_2365.jpg,AN 88,c:\Users\ricar\Downloads\TP2-Students\aca-butterflies\train
Image_337.jpg,AN 88,c:\Users\ricar\Downloads\TP2-Students\aca-butterflies\train
Image_1962.jpg,AN 88,c:\Users\ricar\Downloads\TP2-Students\aca-butterflies\train
Image_4509.jpg,APPOLLO,c:\Users\ricar\Downloads\TP2-Students\aca-butterflies\train
Image_4049.jpg,APPOLLO,c:\Users\ricar\Downloads\TP2-Students\aca-butterflies\train
Image_2247.jpg,APPOLLO,c:\Users\ricar\Downloads\TP2-Students\aca-butterflies\train
Image_4583.jpg,APPOLLO,c:\Users\ricar\Downloads\TP2-Students\aca-butterflies\train
Image_2796.jpg,APPOLLO,c:\Users\ricar\Downloads\TP2-Students\aca-butterflies\train
Image_2032.jpg,APPOLLO,c:\Users\ricar\Downloads\TP2-Students\aca-butterflies\train
Image_1252.jpg,APPOLLO,c:\Users\ricar\Downloads\TP2-Students\aca-butterflies\train
Image_1310.jpg,APPOLLO,c:\Users\ricar\Downloads\TP2-Students\aca-butterflies\train
Image_2379.jpg,APPOLLO,c:\Users\ricar\Downloads\TP2-Students\aca-butterflies\train
Image_3423.jpg,APPOLLO,c:\Users\ricar\Downloads\TP2-Students\aca-butterflies\train
Image_104.jpg,APPOLLO,c:\Users\ricar\Downloads\TP2-Students\aca-butterflies\train
Image_1583.jpg,APPOLLO,c:\Users\ricar\Downloads\TP2-Students\aca-butterflies\train
Image_3955.jpg,APPOLLO,c:\Users\ricar\Downloads\TP2-Students\aca-butterflies\train
Image_4418.jpg,APPOLLO,c:\Users\ricar\Downloads\TP2-Students\aca-butterflies\train
Image_472.jpg,APPOLLO,c:\Users\ricar\Downloads\TP2-Students\aca-butterflies\train
Image_5102.jpg,APPOLLO,c:\Users\ricar\Downloads\TP2-Students\aca-butterflies\train
Image_879.jpg,APPOLLO,c:\Users\ricar\Downloads\TP2-Students\aca-butterflies\train
Image_2972.jpg,APPOLLO,c:\Users\ricar\Downloads\TP2-Students\aca-butterflies\train
Image_1508.jpg,APPOLLO,c:\Users\ricar\Downloads\TP2-Students\aca-butterflies\train
Image_2109.jpg,APPOLLO,c:\Users\ricar\Downloads\TP2-Students\aca-butterflies\train
Image_3758.jpg,APPOLLO,c:\Users\ricar\Downloads\TP2-Students\aca-butterflies\train
Image_3798.jpg,APPOLLO,c:\Users\ricar\Downloads\TP2-Students\aca-butterflies\train
Image_2987.jpg,APPOLLO,c:\Users\ricar\Downloads\TP2-Students\aca-butterflies\train
Image_4291.jpg,APPOLLO,c:\Users\ricar\Downloads\TP2-Students\aca-butterflies\train
Image_3648.jpg,APPOLLO,c:\Users\ricar\Downloads\TP2-Students\aca-butterflies\train
Image_1826.jpg,APPOLLO,c:\Users\ricar\Downloads\TP2-Students\aca-butterflies\train
Image_117.jpg,APPOLLO,c:\Users\ricar\Downloads\TP2-Students\aca-butterflies\train
Image_3071.jpg,APPOLLO,c:\Users\ricar\Downloads\TP2-Students\aca-butterflies\train
Image_824.jpg,APPOLLO,c:\Users\ricar\Downloads\TP2-Students\aca-butterflies\train
Image_5127.jpg,APPOLLO,c:\Users\ricar\Downloads\TP2-Students\aca-butterflies\train
Image_2292.jpg,APPOLLO,c:\Users\ricar\Downloads\TP2-Students\aca-butterflies\train
Image_3171.jpg,APPOLLO,c:\Users\ricar\Downloads\TP2-Students\aca-butterflies\train
Image_3302.jpg,APPOLLO,c:\Users\ricar\Downloads\TP2-Students\aca-butterflies\train
Image_3437.jpg,APPOLLO,c:\Users\ricar\Downloads\TP2-Students\aca-butterflies\train
Image_2241.jpg,APPOLLO,c:\Users\ricar\Downloads\TP2-Students\aca-butterflies\train
Image_2934.jpg,APPOLLO,c:\Users\ricar\Downloads\TP2-Students\aca-butterflies\train
Image_3329.jpg,APPOLLO,c:\Users\ricar\Downloads\TP2-Students\aca-butterflies\train
Image_3227.jpg,APPOLLO,c:\Users\ricar\Downloads\TP2-Students\aca-butterflies\train
Image_4705.jpg,APPOLLO,c:\Users\ricar\Downloads\TP2-Students\aca-butterflies\train
Image_2467.jpg,APPOLLO,c:\Users\ricar\Downloads\TP2-Students\aca-butterflies\train
Image_868.jpg,APPOLLO,c:\Users\ricar\Downloads\TP2-Students\aca-butterflies\train
Image_1524.jpg,APPOLLO,c:\Users\ricar\Downloads\TP2-Students\aca-butterflies\train
Image_2528.jpg,APPOLLO,c:\Users\ricar\Downloads\TP2-Students\aca-butterflies\train
Image_174.jpg,APPOLLO,c:\Users\ricar\Downloads\TP2-Students\aca-butterflies\train
Image_165.jpg,APPOLLO,c:\Users\ricar\Downloads\TP2-Students\aca-butterflies\train
Image_1463.jpg,APPOLLO,c:\Users\ricar\Downloads\TP2-Students\aca-butterflies\train
Image_4034.jpg,APPOLLO,c:\Users\ricar\Downloads\TP2-Students\aca-butterflies\train
Image_2311.jpg,APPOLLO,c:\Users\ricar\Downloads\TP2-Students\aca-butterflies\train
Image_2679.jpg,APPOLLO,c:\Users\ricar\Downloads\TP2-Students\aca-butterflies\train
Image_1802.jpg,APPOLLO,c:\Users\ricar\Downloads\TP2-Students\aca-butterflies\train
Image_1340.jpg,ATALA,c:\Users\ricar\Downloads\TP2-Students\aca-butterflies\train
Image_2752.jpg,ATALA,c:\Users\ricar\Downloads\TP2-Students\aca-butterflies\train
Image_1127.jpg,ATALA,c:\Users\ricar\Downloads\TP2-Students\aca-butterflies\train
Image_163.jpg,ATALA,c:\Users\ricar\Downloads\TP2-Students\aca-butterflies\train
Image_3409.jpg,ATALA,c:\Users\ricar\Downloads\TP2-Students\aca-butterflies\train
Image_2660.jpg,ATALA,c:\Users\ricar\Downloads\TP2-Students\aca-butterflies\train
Image_1610.jpg,ATALA,c:\Users\ricar\Downloads\TP2-Students\aca-butterflies\train
Image_1854.jpg,ATALA,c:\Users\ricar\Downloads\TP2-Students\aca-butterflies\train
Image_4023.jpg,ATALA,c:\Users\ricar\Downloads\TP2-Students\aca-butterflies\train
Image_4473.jpg,ATALA,c:\Users\ricar\Downloads\TP2-Students\aca-butterflies\train
Image_110.jpg,ATALA,c:\Users\ricar\Downloads\TP2-Students\aca-butterflies\train
Image_4601.jpg,ATALA,c:\Users\ricar\Downloads\TP2-Students\aca-butterflies\train
Image_1798.jpg,ATALA,c:\Users\ricar\Downloads\TP2-Students\aca-butterflies\train
Image_1131.jpg,ATALA,c:\Users\ricar\Downloads\TP2-Students\aca-butterflies\train
Image_998.jpg,ATALA,c:\Users\ricar\Downloads\TP2-Students\aca-butterflies\train
Image_4994.jpg,ATALA,c:\Users\ricar\Downloads\TP2-Students\aca-butterflies\train
Image_4402.jpg,ATALA,c:\Users\ricar\Downloads\TP2-Students\aca-butterflies\train
Image_3580.jpg,ATALA,c:\Users\ricar\Downloads\TP2-Students\aca-butterflies\train
Image_3748.jpg,ATALA,c:\Users\ricar\Downloads\TP2-Students\aca-butterflies\train
Image_3057.jpg,ATALA,c:\Users\ricar\Downloads\TP2-Students\aca-butterflies\train
Image_3188.jpg,ATALA,c:\Users\ricar\Downloads\TP2-Students\aca-butterflies\train
Image_3265.jpg,ATALA,c:\Users\ricar\Downloads\TP2-Students\aca-butterflies\train
Image_4222.jpg,ATALA,c:\Users\ricar\Downloads\TP2-Students\aca-butterflies\train
Image_4875.jpg,ATALA,c:\Users\ricar\Downloads\TP2-Students\aca-butterflies\train
Image_3976.jpg,ATALA,c:\Users\ricar\Downloads\TP2-Students\aca-butterflies\train
Image_4110.jpg,ATALA,c:\Users\ricar\Downloads\TP2-Students\aca-butterflies\train
Image_4674.jpg,ATALA,c:\Users\ricar\Downloads\TP2-Students\aca-butterflies\train
Image_2718.jpg,ATALA,c:\Users\ricar\Downloads\TP2-Students\aca-butterflies\train
Image_4076.jpg,ATALA,c:\Users\ricar\Downloads\TP2-Students\aca-butterflies\train
Image_4998.jpg,ATALA,c:\Users\ricar\Downloads\TP2-Students\aca-butterflies\train
Image_959.jpg,ATALA,c:\Users\ricar\Downloads\TP2-Students\aca-butterflies\train
Image_4367.jpg,ATALA,c:\Users\ricar\Downloads\TP2-Students\aca-butterflies\train
Image_1088.jpg,ATALA,c:\Users\ricar\Downloads\TP2-Students\aca-butterflies\train
Image_4038.jpg,ATALA,c:\Users\ricar\Downloads\TP2-Students\aca-butterflies\train
Image_111.jpg,ATALA,c:\Users\ricar\Downloads\TP2-Students\aca-butterflies\train
Image_3541.jpg,ATALA,c:\Users\ricar\Downloads\TP2-Students\aca-butterflies\train
Image_1482.jpg,ATALA,c:\Users\ricar\Downloads\TP2-Students\aca-butterflies\train
Image_3336.jpg,ATALA,c:\Users\ricar\Downloads\TP2-Students\aca-butterflies\train
Image_3003.jpg,ATALA,c:\Users\ricar\Downloads\TP2-Students\aca-butterflies\train
Image_4278.jpg,ATALA,c:\Users\ricar\Downloads\TP2-Students\aca-butterflies\train
Image_3102.jpg,ATALA,c:\Users\ricar\Downloads\TP2-Students\aca-butterflies\train
Image_4624.jpg,ATALA,c:\Users\ricar\Downloads\TP2-Students\aca-butterflies\train
Image_3688.jpg,ATALA,c:\Users\ricar\Downloads\TP2-Students\aca-butterflies\train
Image_3856.jpg,ATALA,c:\Users\ricar\Downloads\TP2-Students\aca-butterflies\train
Image_2403.jpg,ATALA,c:\Users\ricar\Downloads\TP2-Students\aca-butterflies\train
Image_5189.jpg,ATALA,c:\Users\ricar\Downloads\TP2-Students\aca-butterflies\train
Image_867.jpg,ATALA,c:\Users\ricar\Downloads\TP2-Students\aca-butterflies\train
Image_4562.jpg,ATALA,c:\Users\ricar\Downloads\TP2-Students\aca-butterflies\train
Image_3269.jpg,ATALA,c:\Users\ricar\Downloads\TP2-Students\aca-butterflies\train
Image_2635.jpg,ATALA,c:\Users\ricar\Downloads\TP2-Students\aca-butterflies\train
Image_411.jpg,ATALA,c:\Users\ricar\Downloads\TP2-Students\aca-butterflies\train
Image_49.jpg,ATALA,c:\Users\ricar\Downloads\TP2-Students\aca-butterflies\train
Image_3467.jpg,ATALA,c:\Users\ricar\Downloads\TP2-Students\aca-butterflies\train
Image_204.jpg,ATALA,c:\Users\ricar\Downloads\TP2-Students\aca-butterflies\train
Image_2900.jpg,ATALA,c:\Users\ricar\Downloads\TP2-Students\aca-butterflies\train
Image_4548.jpg,ATALA,c:\Users\ricar\Downloads\TP2-Students\aca-butterflies\train
Image_768.jpg,BANDED ORANGE HELICONIAN,c:\Users\ricar\Downloads\TP2-Students\aca-butterflies\train
Image_4853.jpg,BANDED ORANGE HELICONIAN,c:\Users\ricar\Downloads\TP2-Students\aca-butterflies\train
Image_3628.jpg,BANDED ORANGE HELICONIAN,c:\Users\ricar\Downloads\TP2-Students\aca-butterflies\train
Image_1046.jpg,BANDED ORANGE HELICONIAN,c:\Users\ricar\Downloads\TP2-Students\aca-butterflies\train
Image_1493.jpg,BANDED ORANGE HELICONIAN,c:\Users\ricar\Downloads\TP2-Students\aca-butterflies\train
Image_169.jpg,BANDED ORANGE HELICONIAN,c:\Users\ricar\Downloads\TP2-Students\aca-butterflies\train
Image_1011.jpg,BANDED ORANGE HELICONIAN,c:\Users\ricar\Downloads\TP2-Students\aca-butterflies\train
Image_267.jpg,BANDED ORANGE HELICONIAN,c:\Users\ricar\Downloads\TP2-Students\aca-butterflies\train
Image_4815.jpg,BANDED ORANGE HELICONIAN,c:\Users\ricar\Downloads\TP2-Students\aca-butterflies\train
Image_1625.jpg,BANDED ORANGE HELICONIAN,c:\Users\ricar\Downloads\TP2-Students\aca-butterflies\train
Image_4181.jpg,BANDED ORANGE HELICONIAN,c:\Users\ricar\Downloads\TP2-Students\aca-butterflies\train
Image_2061.jpg,BANDED ORANGE HELICONIAN,c:\Users\ricar\Downloads\TP2-Students\aca-butterflies\train
Image_2806.jpg,BANDED ORANGE HELICONIAN,c:\Users\ricar\Downloads\TP2-Students\aca-butterflies\train
Image_4001.jpg,BANDED ORANGE HELICONIAN,c:\Users\ricar\Downloads\TP2-Students\aca-butterflies\train
Image_4183.jpg,BANDED ORANGE HELICONIAN,c:\Users\ricar\Downloads\TP2-Students\aca-butterflies\train
Image_856.jpg,BANDED ORANGE HELICONIAN,c:\Users\ricar\Downloads\TP2-Students\aca-butterflies\train
Image_219.jpg,BANDED ORANGE HELICONIAN,c:\Users\ricar\Downloads\TP2-Students\aca-butterflies\train
Image_775.jpg,BANDED ORANGE HELICONIAN,c:\Users\ricar\Downloads\TP2-Students\aca-butterflies\train
Image_953.jpg,BANDED ORANGE HELICONIAN,c:\Users\ricar\Downloads\TP2-Students\aca-butterflies\train
Image_2482.jpg,BANDED ORANGE HELICONIAN,c:\Users\ricar\Downloads\TP2-Students\aca-butterflies\train
Image_3848.jpg,BANDED ORANGE HELICONIAN,c:\Users\ricar\Downloads\TP2-Students\aca-butterflies\train
Image_4304.jpg,BANDED ORANGE HELICONIAN,c:\Users\ricar\Downloads\TP2-Students\aca-butterflies\train
Image_645.jpg,BANDED ORANGE HELICONIAN,c:\Users\ricar\Downloads\TP2-Students\aca-butterflies\train
Image_2451.jpg,BANDED ORANGE HELICONIAN,c:\Users\ricar\Downloads\TP2-Students\aca-butterflies\train
Image_2006.jpg,BANDED ORANGE HELICONIAN,c:\Users\ricar\Downloads\TP2-Students\aca-butterflies\train
Image_3632.jpg,BANDED ORANGE HELICONIAN,c:\Users\ricar\Downloads\TP2-Students\aca-butterflies\train
Image_2009.jpg,BANDED ORANGE HELICONIAN,c:\Users\ricar\Downloads\TP2-Students\aca-butterflies\train
Image_3859.jpg,BANDED ORANGE HELICONIAN,c:\Users\ricar\Downloads\TP2-Students\aca-butterflies\train
Image_3392.jpg,BANDED ORANGE HELICONIAN,c:\Users\ricar\Downloads\TP2-Students\aca-butterflies\train
Image_1869.jpg,BANDED ORANGE HELICONIAN,c:\Users\ricar\Downloads\TP2-Students\aca-butterflies\train
Image_2805.jpg,BANDED ORANGE HELICONIAN,c:\Users\ricar\Downloads\TP2-Students\aca-butterflies\train
Image_2119.jpg,BANDED ORANGE HELICONIAN,c:\Users\ricar\Downloads\TP2-Students\aca-butterflies\train
Image_1873.jpg,BANDED ORANGE HELICONIAN,c:\Users\ricar\Downloads\TP2-Students\aca-butterflies\train
Image_5049.jpg,BANDED ORANGE HELICONIAN,c:\Users\ricar\Downloads\TP2-Students\aca-butterflies\train
Image_3183.jpg,BANDED ORANGE HELICONIAN,c:\Users\ricar\Downloads\TP2-Students\aca-butterflies\train
Image_3866.jpg,BANDED ORANGE HELICONIAN,c:\Users\ricar\Downloads\TP2-Students\aca-butterflies\train
Image_4379.jpg,BANDED ORANGE HELICONIAN,c:\Users\ricar\Downloads\TP2-Students\aca-butterflies\train
Image_3163.jpg,BANDED ORANGE HELICONIAN,c:\Users\ricar\Downloads\TP2-Students\aca-butterflies\train
Image_1494.jpg,BANDED ORANGE HELICONIAN,c:\Users\ricar\Downloads\TP2-Students\aca-butterflies\train
Image_4078.jpg,BANDED ORANGE HELICONIAN,c:\Users\ricar\Downloads\TP2-Students\aca-butterflies\train
Image_3390.jpg,BANDED ORANGE HELICONIAN,c:\Users\ricar\Downloads\TP2-Students\aca-butterflies\train
Image_5033.jpg,BANDED ORANGE HELICONIAN,c:\Users\ricar\Downloads\TP2-Students\aca-butterflies\train
Image_4647.jpg,BANDED ORANGE HELICONIAN,c:\Users\ricar\Downloads\TP2-Students\aca-butterflies\train
Image_3669.jpg,BANDED ORANGE HELICONIAN,c:\Users\ricar\Downloads\TP2-Students\aca-butterflies\train
Image_489.jpg,BANDED ORANGE HELICONIAN,c:\Users\ricar\Downloads\TP2-Students\aca-butterflies\train
Image_1041.jpg,BANDED ORANGE HELICONIAN,c:\Users\ricar\Downloads\TP2-Students\aca-butterflies\train
Image_5137.jpg,BANDED ORANGE HELICONIAN,c:\Users\ricar\Downloads\TP2-Students\aca-butterflies\train
Image_946.jpg,BANDED ORANGE HELICONIAN,c:\Users\ricar\Downloads\TP2-Students\aca-butterflies\train
Image_1419.jpg,BANDED ORANGE HELICONIAN,c:\Users\ricar\Downloads\TP2-Students\aca-butterflies\train
Image_2229.jpg,BANDED ORANGE HELICONIAN,c:\Users\ricar\Downloads\TP2-Students\aca-butterflies\train
Image_4745.jpg,BANDED ORANGE HELICONIAN,c:\Users\ricar\Downloads\TP2-Students\aca-butterflies\train
Image_3958.jpg,BANDED ORANGE HELICONIAN,c:\Users\ricar\Downloads\TP2-Students\aca-butterflies\train
Image_2623.jpg,BANDED ORANGE HELICONIAN,c:\Users\ricar\Downloads\TP2-Students\aca-butterflies\train
Image_3794.jpg,BANDED PEACOCK,c:\Users\ricar\Downloads\TP2-Students\aca-butterflies\train
Image_2243.jpg,BANDED PEACOCK,c:\Users\ricar\Downloads\TP2-Students\aca-butterflies\train
Image_1682.jpg,BANDED PEACOCK,c:\Users\ricar\Downloads\TP2-Students\aca-butterflies\train
Image_501.jpg,BANDED PEACOCK,c:\Users\ricar\Downloads\TP2-Students\aca-butterflies\train
Image_4979.jpg,BANDED PEACOCK,c:\Users\ricar\Downloads\TP2-Students\aca-butterflies\train
Image_4537.jpg,BANDED PEACOCK,c:\Users\ricar\Downloads\TP2-Students\aca-butterflies\train
Image_828.jpg,BANDED PEACOCK,c:\Users\ricar\Downloads\TP2-Students\aca-butterflies\train
Image_1139.jpg,BANDED PEACOCK,c:\Users\ricar\Downloads\TP2-Students\aca-butterflies\train
Image_1790.jpg,BANDED PEACOCK,c:\Users\ricar\Downloads\TP2-Students\aca-butterflies\train
Image_2015.jpg,BANDED PEACOCK,c:\Users\ricar\Downloads\TP2-Students\aca-butterflies\train
Image_1997.jpg,BANDED PEACOCK,c:\Users\ricar\Downloads\TP2-Students\aca-butterflies\train
Image_4364.jpg,BANDED PEACOCK,c:\Users\ricar\Downloads\TP2-Students\aca-butterflies\train
Image_101.jpg,BANDED PEACOCK,c:\Users\ricar\Downloads\TP2-Students\aca-butterflies\train
Image_3231.jpg,BANDED PEACOCK,c:\Users\ricar\Downloads\TP2-Students\aca-butterflies\train
Image_1336.jpg,BANDED PEACOCK,c:\Users\ricar\Downloads\TP2-Students\aca-butterflies\train
Image_2111.jpg,BANDED PEACOCK,c:\Users\ricar\Downloads\TP2-Students\aca-butterflies\train
Image_4356.jpg,BANDED PEACOCK,c:\Users\ricar\Downloads\TP2-Students\aca-butterflies\train
Image_3165.jpg,BANDED PEACOCK,c:\Users\ricar\Downloads\TP2-Students\aca-butterflies\train
Image_3239.jpg,BANDED PEACOCK,c:\Users\ricar\Downloads\TP2-Students\aca-butterflies\train
Image_5018.jpg,BANDED PEACOCK,c:\Users\ricar\Downloads\TP2-Students\aca-butterflies\train
Image_1200.jpg,BANDED PEACOCK,c:\Users\ricar\Downloads\TP2-Students\aca-butterflies\train
Image_2002.jpg,BANDED PEACOCK,c:\Users\ricar\Downloads\TP2-Students\aca-butterflies\train
Image_4684.jpg,BANDED PEACOCK,c:\Users\ricar\Downloads\TP2-Students\aca-butterflies\train
Image_806.jpg,BANDED PEACOCK,c:\Users\ricar\Downloads\TP2-Students\aca-butterflies\train
Image_3341.jpg,BANDED PEACOCK,c:\Users\ricar\Downloads\TP2-Students\aca-butterflies\train
Image_5074.jpg,BANDED PEACOCK,c:\Users\ricar\Downloads\TP2-Students\aca-butterflies\train
Image_4194.jpg,BANDED PEACOCK,c:\Users\ricar\Downloads\TP2-Students\aca-butterflies\train
Image_4363.jpg,BANDED PEACOCK,c:\Users\ricar\Downloads\TP2-Students\aca-butterflies\train
Image_2235.jpg,BANDED PEACOCK,c:\Users\ricar\Downloads\TP2-Students\aca-butterflies\train
Image_3257.jpg,BANDED PEACOCK,c:\Users\ricar\Downloads\TP2-Students\aca-butterflies\train
Image_3921.jpg,BANDED PEACOCK,c:\Users\ricar\Downloads\TP2-Students\aca-butterflies\train
Image_2227.jpg,BANDED PEACOCK,c:\Users\ricar\Downloads\TP2-Students\aca-butterflies\train
Image_3126.jpg,BANDED PEACOCK,c:\Users\ricar\Downloads\TP2-Students\aca-butterflies\train
Image_4493.jpg,BANDED PEACOCK,c:\Users\ricar\Downloads\TP2-Students\aca-butterflies\train
Image_4156.jpg,BANDED PEACOCK,c:\Users\ricar\Downloads\TP2-Students\aca-butterflies\train
Image_2707.jpg,BANDED PEACOCK,c:\Users\ricar\Downloads\TP2-Students\aca-butterflies\train
Image_899.jpg,BANDED PEACOCK,c:\Users\ricar\Downloads\TP2-Students\aca-butterflies\train
Image_858.jpg,BANDED PEACOCK,c:\Users\ricar\Downloads\TP2-Students\aca-butterflies\train
Image_3885.jpg,BANDED PEACOCK,c:\Users\ricar\Downloads\TP2-Students\aca-butterflies\train
Image_4615.jpg,BANDED PEACOCK,c:\Users\ricar\Downloads\TP2-Students\aca-butterflies\train
Image_810.jpg,BANDED PEACOCK,c:\Users\ricar\Downloads\TP2-Students\aca-butterflies\train
Image_1408.jpg,BANDED PEACOCK,c:\Users\ricar\Downloads\TP2-Students\aca-butterflies\train
Image_4936.jpg,BANDED PEACOCK,c:\Users\ricar\Downloads\TP2-Students\aca-butterflies\train
Image_4415.jpg,BANDED PEACOCK,c:\Users\ricar\Downloads\TP2-Students\aca-butterflies\train
Image_1234.jpg,BANDED PEACOCK,c:\Users\ricar\Downloads\TP2-Students\aca-butterflies\train
Image_2116.jpg,BANDED PEACOCK,c:\Users\ricar\Downloads\TP2-Students\aca-butterflies\train
Image_1943.jpg,BECKERS WHITE,c:\Users\ricar\Downloads\TP2-Students\aca-butterflies\train
Image_2522.jpg,BECKERS WHITE,c:\Users\ricar\Downloads\TP2-Students\aca-butterflies\train
Image_3817.jpg,BECKERS WHITE,c:\Users\ricar\Downloads\TP2-Students\aca-butterflies\train
Image_1160.jpg,BECKERS WHITE,c:\Users\ricar\Downloads\TP2-Students\aca-butterflies\train
Image_269.jpg,BECKERS WHITE,c:\Users\ricar\Downloads\TP2-Students\aca-butterflies\train
Image_4173.jpg,BECKERS WHITE,c:\Users\ricar\Downloads\TP2-Students\aca-butterflies\train
Image_4059.jpg,BECKERS WHITE,c:\Users\ricar\Downloads\TP2-Students\aca-butterflies\train
Image_1675.jpg,BECKERS WHITE,c:\Users\ricar\Downloads\TP2-Students\aca-butterflies\train
Image_802.jpg,BECKERS WHITE,c:\Users\ricar\Downloads\TP2-Students\aca-butterflies\train
Image_880.jpg,BECKERS WHITE,c:\Users\ricar\Downloads\TP2-Students\aca-butterflies\train
Image_2667.jpg,BECKERS WHITE,c:\Users\ricar\Downloads\TP2-Students\aca-butterflies\train
Image_2322.jpg,BECKERS WHITE,c:\Users\ricar\Downloads\TP2-Students\aca-butterflies\train
Image_2191.jpg,BECKERS WHITE,c:\Users\ricar\Downloads\TP2-Students\aca-butterflies\train
Image_2023.jpg,BECKERS WHITE,c:\Users\ricar\Downloads\TP2-Students\aca-butterflies\train
Image_675.jpg,BECKERS WHITE,c:\Users\ricar\Downloads\TP2-Students\aca-butterflies\train
Image_3225.jpg,BECKERS WHITE,c:\Users\ricar\Downloads\TP2-Students\aca-butterflies\train
Image_2741.jpg,BECKERS WHITE,c:\Users\ricar\Downloads\TP2-Students\aca-butterflies\train
Image_2266.jpg,BECKERS WHITE,c:\Users\ricar\Downloads\TP2-Students\aca-butterflies\train
Image_3301.jpg,BECKERS WHITE,c:\Users\ricar\Downloads\TP2-Students\aca-butterflies\train
Image_665.jpg,BECKERS WHITE,c:\Users\ricar\Downloads\TP2-Students\aca-butterflies\train
Image_3991.jpg,BECKERS WHITE,c:\Users\ricar\Downloads\TP2-Students\aca-butterflies\train
Image_3802.jpg,BECKERS WHITE,c:\Users\ricar\Downloads\TP2-Students\aca-butterflies\train
Image_4443.jpg,BECKERS WHITE,c:\Users\ricar\Downloads\TP2-Students\aca-butterflies\train
Image_4730.jpg,BECKERS WHITE,c:\Users\ricar\Downloads\TP2-Students\aca-butterflies\train
Image_4102.jpg,BECKERS WHITE,c:\Users\ricar\Downloads\TP2-Students\aca-butterflies\train
Image_2648.jpg,BECKERS WHITE,c:\Users\ricar\Downloads\TP2-Students\aca-butterflies\train
Image_4565.jpg,BECKERS WHITE,c:\Users\ricar\Downloads\TP2-Students\aca-butterflies\train
Image_2871.jpg,BECKERS WHITE,c:\Users\ricar\Downloads\TP2-Students\aca-butterflies\train
Image_2447.jpg,BECKERS WHITE,c:\Users\ricar\Downloads\TP2-Students\aca-butterflies\train
Image_2130.jpg,BECKERS WHITE,c:\Users\ricar\Downloads\TP2-Students\aca-butterflies\train
Image_3911.jpg,BECKERS WHITE,c:\Users\ricar\Downloads\TP2-Students\aca-butterflies\train
Image_1281.jpg,BECKERS WHITE,c:\Users\ricar\Downloads\TP2-Students\aca-butterflies\train
Image_1535.jpg,BECKERS WHITE,c:\Users\ricar\Downloads\TP2-Students\aca-butterflies\train
Image_2397.jpg,BECKERS WHITE,c:\Users\ricar\Downloads\TP2-Students\aca-butterflies\train
Image_905.jpg,BECKERS WHITE,c:\Users\ricar\Downloads\TP2-Students\aca-butterflies\train
Image_4203.jpg,BECKERS WHITE,c:\Users\ricar\Downloads\TP2-Students\aca-butterflies\train
Image_2415.jpg,BECKERS WHITE,c:\Users\ricar\Downloads\TP2-Students\aca-butterflies\train
Image_819.jpg,BECKERS WHITE,c:\Users\ricar\Downloads\TP2-Students\aca-butterflies\train
Image_4243.jpg,BECKERS WHITE,c:\Users\ricar\Downloads\TP2-Students\aca-butterflies\train
Image_256.jpg,BECKERS WHITE,c:\Users\ricar\Downloads\TP2-Students\aca-butterflies\train
Image_4881.jpg,BECKERS WHITE,c:\Users\ricar\Downloads\TP2-Students\aca-butterflies\train
Image_1286.jpg,BECKERS WHITE,c:\Users\ricar\Downloads\TP2-Students\aca-butterflies\train
Image_2808.jpg,BECKERS WHITE,c:\Users\ricar\Downloads\TP2-Students\aca-butterflies\train
Image_2506.jpg,BECKERS WHITE,c:\Users\ricar\Downloads\TP2-Students\aca-butterflies\train
Image_3980.jpg,BECKERS WHITE,c:\Users\ricar\Downloads\TP2-Students\aca-butterflies\train
Image_1950.jpg,BLACK HAIRSTREAK,c:\Users\ricar\Downloads\TP2-Students\aca-butterflies\train
Image_1998.jpg,BLACK HAIRSTREAK,c:\Users\ricar\Downloads\TP2-Students\aca-butterflies\train
Image_2160.jpg,BLACK HAIRSTREAK,c:\Users\ricar\Downloads\TP2-Students\aca-butterflies\train
Image_1319.jpg,BLACK HAIRSTREAK,c:\Users\ricar\Downloads\TP2-Students\aca-butterflies\train
Image_2126.jpg,BLACK HAIRSTREAK,c:\Users\ricar\Downloads\TP2-Students\aca-butterflies\train
Image_736.jpg,BLACK HAIRSTREAK,c:\Users\ricar\Downloads\TP2-Students\aca-butterflies\train
Image_5179.jpg,BLACK HAIRSTREAK,c:\Users\ricar\Downloads\TP2-Students\aca-butterflies\train
Image_4542.jpg,BLACK HAIRSTREAK,c:\Users\ricar\Downloads\TP2-Students\aca-butterflies\train
Image_3184.jpg,BLACK HAIRSTREAK,c:\Users\ricar\Downloads\TP2-Students\aca-butterflies\train
Image_4185.jpg,BLACK HAIRSTREAK,c:\Users\ricar\Downloads\TP2-Students\aca-butterflies\train
Image_5136.jpg,BLACK HAIRSTREAK,c:\Users\ricar\Downloads\TP2-Students\aca-butterflies\train
Image_791.jpg,BLACK HAIRSTREAK,c:\Users\ricar\Downloads\TP2-Students\aca-butterflies\train
Image_1019.jpg,BLACK HAIRSTREAK,c:\Users\ricar\Downloads\TP2-Students\aca-butterflies\train
Image_2121.jpg,BLACK HAIRSTREAK,c:\Users\ricar\Downloads\TP2-Students\aca-butterflies\train
Image_4731.jpg,BLACK HAIRSTREAK,c:\Users\ricar\Downloads\TP2-Students\aca-butterflies\train
Image_5111.jpg,BLACK HAIRSTREAK,c:\Users\ricar\Downloads\TP2-Students\aca-butterflies\train
Image_2654.jpg,BLACK HAIRSTREAK,c:\Users\ricar\Downloads\TP2-Students\aca-butterflies\train
Image_2195.jpg,BLACK HAIRSTREAK,c:\Users\ricar\Downloads\TP2-Students\aca-butterflies\train
Image_2453.jpg,BLACK HAIRSTREAK,c:\Users\ricar\Downloads\TP2-Students\aca-butterflies\train
Image_711.jpg,BLACK HAIRSTREAK,c:\Users\ricar\Downloads\TP2-Students\aca-butterflies\train
Image_1671.jpg,BLACK HAIRSTREAK,c:\Users\ricar\Downloads\TP2-Students\aca-butterflies\train
Image_1632.jpg,BLACK HAIRSTREAK,c:\Users\ricar\Downloads\TP2-Students\aca-butterflies\train
Image_2921.jpg,BLACK HAIRSTREAK,c:\Users\ricar\Downloads\TP2-Students\aca-butterflies\train
Image_2330.jpg,BLACK HAIRSTREAK,c:\Users\ricar\Downloads\TP2-Students\aca-butterflies\train
Image_4347.jpg,BLACK HAIRSTREAK,c:\Users\ricar\Downloads\TP2-Students\aca-butterflies\train
Image_2.jpg,BLACK HAIRSTREAK,c:\Users\ricar\Downloads\TP2-Students\aca-butterflies\train
Image_4079.jpg,BLACK HAIRSTREAK,c:\Users\ricar\Downloads\TP2-Students\aca-butterflies\train
Image_4091.jpg,BLACK HAIRSTREAK,c:\Users\ricar\Downloads\TP2-Students\aca-butterflies\train
Image_739.jpg,BLACK HAIRSTREAK,c:\Users\ricar\Downloads\TP2-Students\aca-butterflies\train
Image_1412.jpg,BLACK HAIRSTREAK,c:\Users\ricar\Downloads\TP2-Students\aca-butterflies\train
Image_4781.jpg,BLACK HAIRSTREAK,c:\Users\ricar\Downloads\TP2-Students\aca-butterflies\train
Image_629.jpg,BLACK HAIRSTREAK,c:\Users\ricar\Downloads\TP2-Students\aca-butterflies\train
Image_2081.jpg,BLACK HAIRSTREAK,c:\Users\ricar\Downloads\TP2-Students\aca-butterflies\train
Image_4691.jpg,BLACK HAIRSTREAK,c:\Users\ricar\Downloads\TP2-Students\aca-butterflies\train
Image_3623.jpg,BLACK HAIRSTREAK,c:\Users\ricar\Downloads\TP2-Students\aca-butterflies\train
Image_3291.jpg,BLACK HAIRSTREAK,c:\Users\ricar\Downloads\TP2-Students\aca-butterflies\train
Image_249.jpg,BLACK HAIRSTREAK,c:\Users\ricar\Downloads\TP2-Students\aca-butterflies\train
Image_3391.jpg,BLACK HAIRSTREAK,c:\Users\ricar\Downloads\TP2-Students\aca-butterflies\train
Image_3222.jpg,BLACK HAIRSTREAK,c:\Users\ricar\Downloads\TP2-Students\aca-butterflies\train
Image_3605.jpg,BLACK HAIRSTREAK,c:\Users\ricar\Downloads\TP2-Students\aca-butterflies\train
Image_977.jpg,BLACK HAIRSTREAK,c:\Users\ricar\Downloads\TP2-Students\aca-butterflies\train
Image_3542.jpg,BLACK HAIRSTREAK,c:\Users\ricar\Downloads\TP2-Students\aca-butterflies\train
Image_3929.jpg,BLACK HAIRSTREAK,c:\Users\ricar\Downloads\TP2-Students\aca-butterflies\train
Image_3503.jpg,BLACK HAIRSTREAK,c:\Users\ricar\Downloads\TP2-Students\aca-butterflies\train
Image_2548.jpg,BLACK HAIRSTREAK,c:\Users\ricar\Downloads\TP2-Students\aca-butterflies\train
Image_3910.jpg,BLACK HAIRSTREAK,c:\Users\ricar\Downloads\TP2-Students\aca-butterflies\train
Image_1021.jpg,BLACK HAIRSTREAK,c:\Users\ricar\Downloads\TP2-Students\aca-butterflies\train
Image_1714.jpg,BLUE MORPHO,c:\Users\ricar\Downloads\TP2-Students\aca-butterflies\train
Image_2464.jpg,BLUE MORPHO,c:\Users\ricar\Downloads\TP2-Students\aca-butterflies\train
Image_2107.jpg,BLUE MORPHO,c:\Users\ricar\Downloads\TP2-Students\aca-butterflies\train
Image_5037.jpg,BLUE MORPHO,c:\Users\ricar\Downloads\TP2-Students\aca-butterflies\train
Image_4349.jpg,BLUE MORPHO,c:\Users\ricar\Downloads\TP2-Students\aca-butterflies\train
Image_5190.jpg,BLUE MORPHO,c:\Users\ricar\Downloads\TP2-Students\aca-butterflies\train
Image_722.jpg,BLUE MORPHO,c:\Users\ricar\Downloads\TP2-Students\aca-butterflies\train
Image_2985.jpg,BLUE MORPHO,c:\Users\ricar\Downloads\TP2-Students\aca-butterflies\train
Image_603.jpg,BLUE MORPHO,c:\Users\ricar\Downloads\TP2-Students\aca-butterflies\train
Image_307.jpg,BLUE MORPHO,c:\Users\ricar\Downloads\TP2-Students\aca-butterflies\train
Image_3583.jpg,BLUE MORPHO,c:\Users\ricar\Downloads\TP2-Students\aca-butterflies\train
Image_3754.jpg,BLUE MORPHO,c:\Users\ricar\Downloads\TP2-Students\aca-butterflies\train
Image_4710.jpg,BLUE MORPHO,c:\Users\ricar\Downloads\TP2-Students\aca-butterflies\train
Image_1638.jpg,BLUE MORPHO,c:\Users\ricar\Downloads\TP2-Students\aca-butterflies\train
Image_2124.jpg,BLUE MORPHO,c:\Users\ricar\Downloads\TP2-Students\aca-butterflies\train
Image_4219.jpg,BLUE MORPHO,c:\Users\ricar\Downloads\TP2-Students\aca-butterflies\train
Image_4090.jpg,BLUE MORPHO,c:\Users\ricar\Downloads\TP2-Students\aca-butterflies\train
Image_2737.jpg,BLUE MORPHO,c:\Users\ricar\Downloads\TP2-Students\aca-butterflies\train
Image_1004.jpg,BLUE MORPHO,c:\Users\ricar\Downloads\TP2-Students\aca-butterflies\train
Image_4800.jpg,BLUE MORPHO,c:\Users\ricar\Downloads\TP2-Students\aca-butterflies\train
Image_3040.jpg,BLUE MORPHO,c:\Users\ricar\Downloads\TP2-Students\aca-butterflies\train
Image_3898.jpg,BLUE MORPHO,c:\Users\ricar\Downloads\TP2-Students\aca-butterflies\train
Image_2427.jpg,BLUE MORPHO,c:\Users\ricar\Downloads\TP2-Students\aca-butterflies\train
Image_2749.jpg,BLUE MORPHO,c:\Users\ricar\Downloads\TP2-Students\aca-butterflies\train
Image_408.jpg,BLUE MORPHO,c:\Users\ricar\Downloads\TP2-Students\aca-butterflies\train
Image_4129.jpg,BLUE MORPHO,c:\Users\ricar\Downloads\TP2-Students\aca-butterflies\train
Image_673.jpg,BLUE MORPHO,c:\Users\ricar\Downloads\TP2-Students\aca-butterflies\train
Image_1568.jpg,BLUE MORPHO,c:\Users\ricar\Downloads\TP2-Students\aca-butterflies\train
Image_2993.jpg,BLUE MORPHO,c:\Users\ricar\Downloads\TP2-Students\aca-butterflies\train
Image_4600.jpg,BLUE MORPHO,c:\Users\ricar\Downloads\TP2-Students\aca-butterflies\train
Image_317.jpg,BLUE MORPHO,c:\Users\ricar\Downloads\TP2-Students\aca-butterflies\train
Image_3978.jpg,BLUE MORPHO,c:\Users\ricar\Downloads\TP2-Students\aca-butterflies\train
Image_3247.jpg,BLUE MORPHO,c:\Users\ricar\Downloads\TP2-Students\aca-butterflies\train
Image_3598.jpg,BLUE MORPHO,c:\Users\ricar\Downloads\TP2-Students\aca-butterflies\train
Image_1688.jpg,BLUE MORPHO,c:\Users\ricar\Downloads\TP2-Students\aca-butterflies\train
Image_493.jpg,BLUE MORPHO,c:\Users\ricar\Downloads\TP2-Students\aca-butterflies\train
Image_929.jpg,BLUE MORPHO,c:\Users\ricar\Downloads\TP2-Students\aca-butterflies\train
Image_3455.jpg,BLUE MORPHO,c:\Users\ricar\Downloads\TP2-Students\aca-butterflies\train
Image_3323.jpg,BLUE MORPHO,c:\Users\ricar\Downloads\TP2-Students\aca-butterflies\train
Image_3118.jpg,BLUE MORPHO,c:\Users\ricar\Downloads\TP2-Students\aca-butterflies\train
Image_4969.jpg,BLUE MORPHO,c:\Users\ricar\Downloads\TP2-Students\aca-butterflies\train
Image_2637.jpg,BLUE MORPHO,c:\Users\ricar\Downloads\TP2-Students\aca-butterflies\train
Image_222.jpg,BLUE SPOTTED CROW,c:\Users\ricar\Downloads\TP2-Students\aca-butterflies\train
Image_2646.jpg,BLUE SPOTTED CROW,c:\Users\ricar\Downloads\TP2-Students\aca-butterflies\train
Image_4917.jpg,BLUE SPOTTED CROW,c:\Users\ricar\Downloads\TP2-Students\aca-butterflies\train
Image_3585.jpg,BLUE SPOTTED CROW,c:\Users\ricar\Downloads\TP2-Students\aca-butterflies\train
Image_2515.jpg,BLUE SPOTTED CROW,c:\Users\ricar\Downloads\TP2-Students\aca-butterflies\train
Image_109.jpg,BLUE SPOTTED CROW,c:\Users\ricar\Downloads\TP2-Students\aca-butterflies\train
Image_5131.jpg,BLUE SPOTTED CROW,c:\Users\ricar\Downloads\TP2-Students\aca-butterflies\train
Image_1045.jpg,BLUE SPOTTED CROW,c:\Users\ricar\Downloads\TP2-Students\aca-butterflies\train
Image_1418.jpg,BLUE SPOTTED CROW,c:\Users\ricar\Downloads\TP2-Students\aca-butterflies\train
Image_1193.jpg,BLUE SPOTTED CROW,c:\Users\ricar\Downloads\TP2-Students\aca-butterflies\train
Image_3366.jpg,BLUE SPOTTED CROW,c:\Users\ricar\Downloads\TP2-Students\aca-butterflies\train
Image_3161.jpg,BLUE SPOTTED CROW,c:\Users\ricar\Downloads\TP2-Students\aca-butterflies\train
Image_5094.jpg,BLUE SPOTTED CROW,c:\Users\ricar\Downloads\TP2-Students\aca-butterflies\train
Image_561.jpg,BLUE SPOTTED CROW,c:\Users\ricar\Downloads\TP2-Students\aca-butterflies\train
Image_2575.jpg,BLUE SPOTTED CROW,c:\Users\ricar\Downloads\TP2-Students\aca-butterflies\train
Image_3242.jpg,BLUE SPOTTED CROW,c:\Users\ricar\Downloads\TP2-Students\aca-butterflies\train
Image_3696.jpg,BLUE SPOTTED CROW,c:\Users\ricar\Downloads\TP2-Students\aca-butterflies\train
Image_5035.jpg,BLUE SPOTTED CROW,c:\Users\ricar\Downloads\TP2-Students\aca-butterflies\train
Image_3477.jpg,BLUE SPOTTED CROW,c:\Users\ricar\Downloads\TP2-Students\aca-butterflies\train
Image_3530.jpg,BLUE SPOTTED CROW,c:\Users\ricar\Downloads\TP2-Students\aca-butterflies\train
Image_2675.jpg,BLUE SPOTTED CROW,c:\Users\ricar\Downloads\TP2-Students\aca-butterflies\train
Image_4597.jpg,BLUE SPOTTED CROW,c:\Users\ricar\Downloads\TP2-Students\aca-butterflies\train
Image_5109.jpg,BLUE SPOTTED CROW,c:\Users\ricar\Downloads\TP2-Students\aca-butterflies\train
Image_2551.jpg,BLUE SPOTTED CROW,c:\Users\ricar\Downloads\TP2-Students\aca-butterflies\train
Image_3229.jpg,BLUE SPOTTED CROW,c:\Users\ricar\Downloads\TP2-Students\aca-butterflies\train
Image_3893.jpg,BLUE SPOTTED CROW,c:\Users\ricar\Downloads\TP2-Students\aca-butterflies\train
Image_4924.jpg,BLUE SPOTTED CROW,c:\Users\ricar\Downloads\TP2-Students\aca-butterflies\train
Image_284.jpg,BLUE SPOTTED CROW,c:\Users\ricar\Downloads\TP2-Students\aca-butterflies\train
Image_2743.jpg,BLUE SPOTTED CROW,c:\Users\ricar\Downloads\TP2-Students\aca-butterflies\train
Image_2843.jpg,BLUE SPOTTED CROW,c:\Users\ricar\Downloads\TP2-Students\aca-butterflies\train
Image_887.jpg,BLUE SPOTTED CROW,c:\Users\ricar\Downloads\TP2-Students\aca-butterflies\train
Image_4632.jpg,BLUE SPOTTED CROW,c:\Users\ricar\Downloads\TP2-Students\aca-butterflies\train
Image_3215.jpg,BLUE SPOTTED CROW,c:\Users\ricar\Downloads\TP2-Students\aca-butterflies\train
Image_5146.jpg,BLUE SPOTTED CROW,c:\Users\ricar\Downloads\TP2-Students\aca-butterflies\train
Image_2789.jpg,BLUE SPOTTED CROW,c:\Users\ricar\Downloads\TP2-Students\aca-butterflies\train
Image_1172.jpg,BLUE SPOTTED CROW,c:\Users\ricar\Downloads\TP2-Students\aca-butterflies\train
Image_484.jpg,BLUE SPOTTED CROW,c:\Users\ricar\Downloads\TP2-Students\aca-butterflies\train
Image_1238.jpg,BLUE SPOTTED CROW,c:\Users\ricar\Downloads\TP2-Students\aca-butterflies\train
Image_2930.jpg,BLUE SPOTTED CROW,c:\Users\ricar\Downloads\TP2-Students\aca-butterflies\train
Image_5042.jpg,BLUE SPOTTED CROW,c:\Users\ricar\Downloads\TP2-Students\aca-butterflies\train
Image_3162.jpg,BLUE SPOTTED CROW,c:\Users\ricar\Downloads\TP2-Students\aca-butterflies\train
Image_1641.jpg,BLUE SPOTTED CROW,c:\Users\ricar\Downloads\TP2-Students\aca-butterflies\train
Image_737.jpg,BLUE SPOTTED CROW,c:\Users\ricar\Downloads\TP2-Students\aca-butterflies\train
Image_4413.jpg,BLUE SPOTTED CROW,c:\Users\ricar\Downloads\TP2-Students\aca-butterflies\train
Image_3199.jpg,BLUE SPOTTED CROW,c:\Users\ricar\Downloads\TP2-Students\aca-butterflies\train
Image_3983.jpg,BLUE SPOTTED CROW,c:\Users\ricar\Downloads\TP2-Students\aca-butterflies\train
Image_3190.jpg,BLUE SPOTTED CROW,c:\Users\ricar\Downloads\TP2-Students\aca-butterflies\train
Image_4439.jpg,BLUE SPOTTED CROW,c:\Users\ricar\Downloads\TP2-Students\aca-butterflies\train
Image_863.jpg,BROWN SIPROETA,c:\Users\ricar\Downloads\TP2-Students\aca-butterflies\train
Image_4655.jpg,BROWN SIPROETA,c:\Users\ricar\Downloads\TP2-Students\aca-butterflies\train
Image_438.jpg,BROWN SIPROETA,c:\Users\ricar\Downloads\TP2-Students\aca-butterflies\train
Image_2980.jpg,BROWN SIPROETA,c:\Users\ricar\Downloads\TP2-Students\aca-butterflies\train
Image_2919.jpg,BROWN SIPROETA,c:\Users\ricar\Downloads\TP2-Students\aca-butterflies\train
Image_3514.jpg,BROWN SIPROETA,c:\Users\ricar\Downloads\TP2-Students\aca-butterflies\train
Image_3705.jpg,BROWN SIPROETA,c:\Users\ricar\Downloads\TP2-Students\aca-butterflies\train
Image_2841.jpg,BROWN SIPROETA,c:\Users\ricar\Downloads\TP2-Students\aca-butterflies\train
Image_2132.jpg,BROWN SIPROETA,c:\Users\ricar\Downloads\TP2-Students\aca-butterflies\train
Image_4150.jpg,BROWN SIPROETA,c:\Users\ricar\Downloads\TP2-Students\aca-butterflies\train
Image_3670.jpg,BROWN SIPROETA,c:\Users\ricar\Downloads\TP2-Students\aca-butterflies\train
Image_416.jpg,BROWN SIPROETA,c:\Users\ricar\Downloads\TP2-Students\aca-butterflies\train
Image_4818.jpg,BROWN SIPROETA,c:\Users\ricar\Downloads\TP2-Students\aca-butterflies\train
Image_2618.jpg,BROWN SIPROETA,c:\Users\ricar\Downloads\TP2-Students\aca-butterflies\train
Image_4984.jpg,BROWN SIPROETA,c:\Users\ricar\Downloads\TP2-Students\aca-butterflies\train
Image_2175.jpg,BROWN SIPROETA,c:\Users\ricar\Downloads\TP2-Students\aca-butterflies\train
Image_2465.jpg,BROWN SIPROETA,c:\Users\ricar\Downloads\TP2-Students\aca-butterflies\train
Image_882.jpg,BROWN SIPROETA,c:\Users\ricar\Downloads\TP2-Students\aca-butterflies\train
Image_2457.jpg,BROWN SIPROETA,c:\Users\ricar\Downloads\TP2-Students\aca-butterflies\train
Image_3354.jpg,BROWN SIPROETA,c:\Users\ricar\Downloads\TP2-Students\aca-butterflies\train
Image_1218.jpg,BROWN SIPROETA,c:\Users\ricar\Downloads\TP2-Students\aca-butterflies\train
Image_2677.jpg,BROWN SIPROETA,c:\Users\ricar\Downloads\TP2-Students\aca-butterflies\train
Image_1031.jpg,BROWN SIPROETA,c:\Users\ricar\Downloads\TP2-Students\aca-butterflies\train
Image_1478.jpg,BROWN SIPROETA,c:\Users\ricar\Downloads\TP2-Students\aca-butterflies\train
Image_3358.jpg,BROWN SIPROETA,c:\Users\ricar\Downloads\TP2-Students\aca-butterflies\train
Image_5092.jpg,BROWN SIPROETA,c:\Users\ricar\Downloads\TP2-Students\aca-butterflies\train
Image_5079.jpg,BROWN SIPROETA,c:\Users\ricar\Downloads\TP2-Students\aca-butterflies\train
Image_2050.jpg,BROWN SIPROETA,c:\Users\ricar\Downloads\TP2-Students\aca-butterflies\train
Image_3018.jpg,BROWN SIPROETA,c:\Users\ricar\Downloads\TP2-Students\aca-butterflies\train
Image_1988.jpg,BROWN SIPROETA,c:\Users\ricar\Downloads\TP2-Students\aca-butterflies\train
Image_514.jpg,BROWN SIPROETA,c:\Users\ricar\Downloads\TP2-Students\aca-butterflies\train
Image_1350.jpg,BROWN SIPROETA,c:\Users\ricar\Downloads\TP2-Students\aca-butterflies\train
Image_268.jpg,BROWN SIPROETA,c:\Users\ricar\Downloads\TP2-Students\aca-butterflies\train
Image_191.jpg,BROWN SIPROETA,c:\Users\ricar\Downloads\TP2-Students\aca-butterflies\train
Image_4843.jpg,BROWN SIPROETA,c:\Users\ricar\Downloads\TP2-Students\aca-butterflies\train
Image_3464.jpg,BROWN SIPROETA,c:\Users\ricar\Downloads\TP2-Students\aca-butterflies\train
Image_1222.jpg,BROWN SIPROETA,c:\Users\ricar\Downloads\TP2-Students\aca-butterflies\train
Image_3285.jpg,BROWN SIPROETA,c:\Users\ricar\Downloads\TP2-Students\aca-butterflies\train
Image_2817.jpg,BROWN SIPROETA,c:\Users\ricar\Downloads\TP2-Students\aca-butterflies\train
Image_4804.jpg,BROWN SIPROETA,c:\Users\ricar\Downloads\TP2-Students\aca-butterflies\train
Image_64.jpg,BROWN SIPROETA,c:\Users\ricar\Downloads\TP2-Students\aca-butterflies\train
Image_4139.jpg,BROWN SIPROETA,c:\Users\ricar\Downloads\TP2-Students\aca-butterflies\train
Image_263.jpg,BROWN SIPROETA,c:\Users\ricar\Downloads\TP2-Students\aca-butterflies\train
Image_1996.jpg,BROWN SIPROETA,c:\Users\ricar\Downloads\TP2-Students\aca-butterflies\train
Image_4758.jpg,BROWN SIPROETA,c:\Users\ricar\Downloads\TP2-Students\aca-butterflies\train
Image_3945.jpg,BROWN SIPROETA,c:\Users\ricar\Downloads\TP2-Students\aca-butterflies\train
Image_3379.jpg,BROWN SIPROETA,c:\Users\ricar\Downloads\TP2-Students\aca-butterflies\train
Image_4569.jpg,BROWN SIPROETA,c:\Users\ricar\Downloads\TP2-Students\aca-butterflies\train
Image_1464.jpg,BROWN SIPROETA,c:\Users\ricar\Downloads\TP2-Students\aca-butterflies\train
Image_1532.jpg,BROWN SIPROETA,c:\Users\ricar\Downloads\TP2-Students\aca-butterflies\train
Image_1133.jpg,BROWN SIPROETA,c:\Users\ricar\Downloads\TP2-Students\aca-butterflies\train
Image_1717.jpg,BROWN SIPROETA,c:\Users\ricar\Downloads\TP2-Students\aca-butterflies\train
Image_4827.jpg,BROWN SIPROETA,c:\Users\ricar\Downloads\TP2-Students\aca-butterflies\train
Image_3468.jpg,BROWN SIPROETA,c:\Users\ricar\Downloads\TP2-Students\aca-butterflies\train
Image_4967.jpg,BROWN SIPROETA,c:\Users\ricar\Downloads\TP2-Students\aca-butterflies\train
Image_3349.jpg,CABBAGE WHITE,c:\Users\ricar\Downloads\TP2-Students\aca-butterflies\train
Image_3619.jpg,CABBAGE WHITE,c:\Users\ricar\Downloads\TP2-Students\aca-butterflies\train
Image_4524.jpg,CABBAGE WHITE,c:\Users\ricar\Downloads\TP2-Students\aca-butterflies\train
Image_4510.jpg,CABBAGE WHITE,c:\Users\ricar\Downloads\TP2-Students\aca-butterflies\train
Image_2935.jpg,CABBAGE WHITE,c:\Users\ricar\Downloads\TP2-Students\aca-butterflies\train
Image_1838.jpg,CABBAGE WHITE,c:\Users\ricar\Downloads\TP2-Students\aca-butterflies\train
Image_4744.jpg,CABBAGE WHITE,c:\Users\ricar\Downloads\TP2-Students\aca-butterflies\train
Image_2951.jpg,CABBAGE WHITE,c:\Users\ricar\Downloads\TP2-Students\aca-butterflies\train
Image_4516.jpg,CABBAGE WHITE,c:\Users\ricar\Downloads\TP2-Students\aca-butterflies\train
Image_4980.jpg,CABBAGE WHITE,c:\Users\ricar\Downloads\TP2-Students\aca-butterflies\train
Image_2008.jpg,CABBAGE WHITE,c:\Users\ricar\Downloads\TP2-Students\aca-butterflies\train
Image_2105.jpg,CABBAGE WHITE,c:\Users\ricar\Downloads\TP2-Students\aca-butterflies\train
Image_1322.jpg,CABBAGE WHITE,c:\Users\ricar\Downloads\TP2-Students\aca-butterflies\train
Image_2067.jpg,CABBAGE WHITE,c:\Users\ricar\Downloads\TP2-Students\aca-butterflies\train
Image_2321.jpg,CABBAGE WHITE,c:\Users\ricar\Downloads\TP2-Students\aca-butterflies\train
Image_3351.jpg,CABBAGE WHITE,c:\Users\ricar\Downloads\TP2-Students\aca-butterflies\train
Image_4529.jpg,CABBAGE WHITE,c:\Users\ricar\Downloads\TP2-Students\aca-butterflies\train
Image_4904.jpg,CABBAGE WHITE,c:\Users\ricar\Downloads\TP2-Students\aca-butterflies\train
Image_176.jpg,CABBAGE WHITE,c:\Users\ricar\Downloads\TP2-Students\aca-butterflies\train
Image_103.jpg,CABBAGE WHITE,c:\Users\ricar\Downloads\TP2-Students\aca-butterflies\train
Image_4823.jpg,CABBAGE WHITE,c:\Users\ricar\Downloads\TP2-Students\aca-butterflies\train
Image_481.jpg,CABBAGE WHITE,c:\Users\ricar\Downloads\TP2-Students\aca-butterflies\train
Image_3278.jpg,CABBAGE WHITE,c:\Users\ricar\Downloads\TP2-Students\aca-butterflies\train
Image_395.jpg,CABBAGE WHITE,c:\Users\ricar\Downloads\TP2-Students\aca-butterflies\train
Image_3415.jpg,CABBAGE WHITE,c:\Users\ricar\Downloads\TP2-Students\aca-butterflies\train
Image_1430.jpg,CABBAGE WHITE,c:\Users\ricar\Downloads\TP2-Students\aca-butterflies\train
Image_850.jpg,CABBAGE WHITE,c:\Users\ricar\Downloads\TP2-Students\aca-butterflies\train
Image_1067.jpg,CABBAGE WHITE,c:\Users\ricar\Downloads\TP2-Students\aca-butterflies\train
Image_1606.jpg,CABBAGE WHITE,c:\Users\ricar\Downloads\TP2-Students\aca-butterflies\train
Image_2738.jpg,CABBAGE WHITE,c:\Users\ricar\Downloads\TP2-Students\aca-butterflies\train
Image_2412.jpg,CABBAGE WHITE,c:\Users\ricar\Downloads\TP2-Students\aca-butterflies\train
Image_379.jpg,CABBAGE WHITE,c:\Users\ricar\Downloads\TP2-Students\aca-butterflies\train
Image_316.jpg,CABBAGE WHITE,c:\Users\ricar\Downloads\TP2-Students\aca-butterflies\train
Image_2076.jpg,CABBAGE WHITE,c:\Users\ricar\Downloads\TP2-Students\aca-butterflies\train
Image_1112.jpg,CABBAGE WHITE,c:\Users\ricar\Downloads\TP2-Students\aca-butterflies\train
Image_3634.jpg,CABBAGE WHITE,c:\Users\ricar\Downloads\TP2-Students\aca-butterflies\train
Image_2916.jpg,CABBAGE WHITE,c:\Users\ricar\Downloads\TP2-Students\aca-butterflies\train
Image_4124.jpg,CABBAGE WHITE,c:\Users\ricar\Downloads\TP2-Students\aca-butterflies\train
Image_528.jpg,CABBAGE WHITE,c:\Users\ricar\Downloads\TP2-Students\aca-butterflies\train
Image_2014.jpg,CABBAGE WHITE,c:\Users\ricar\Downloads\TP2-Students\aca-butterflies\train
Image_3506.jpg,CABBAGE WHITE,c:\Users\ricar\Downloads\TP2-Students\aca-butterflies\train
Image_4963.jpg,CABBAGE WHITE,c:\Users\ricar\Downloads\TP2-Students\aca-butterflies\train
Image_5053.jpg,CABBAGE WHITE,c:\Users\ricar\Downloads\TP2-Students\aca-butterflies\train
Image_2901.jpg,CABBAGE WHITE,c:\Users\ricar\Downloads\TP2-Students\aca-butterflies\train
Image_534.jpg,CABBAGE WHITE,c:\Users\ricar\Downloads\TP2-Students\aca-butterflies\train
Image_4348.jpg,CABBAGE WHITE,c:\Users\ricar\Downloads\TP2-Students\aca-butterflies\train
Image_4519.jpg,CABBAGE WHITE,c:\Users\ricar\Downloads\TP2-Students\aca-butterflies\train
Image_3485.jpg,CABBAGE WHITE,c:\Users\ricar\Downloads\TP2-Students\aca-butterflies\train
Image_3614.jpg,CABBAGE WHITE,c:\Users\ricar\Downloads\TP2-Students\aca-butterflies\train
Image_1074.jpg,CABBAGE WHITE,c:\Users\ricar\Downloads\TP2-Students\aca-butterflies\train
Image_4399.jpg,CAIRNS BIRDWING,c:\Users\ricar\Downloads\TP2-Students\aca-butterflies\train
Image_2782.jpg,CAIRNS BIRDWING,c:\Users\ricar\Downloads\TP2-Students\aca-butterflies\train
Image_2264.jpg,CAIRNS BIRDWING,c:\Users\ricar\Downloads\TP2-Students\aca-butterflies\train
Image_3979.jpg,CAIRNS BIRDWING,c:\Users\ricar\Downloads\TP2-Students\aca-butterflies\train
Image_3671.jpg,CAIRNS BIRDWING,c:\Users\ricar\Downloads\TP2-Students\aca-butterflies\train
Image_4789.jpg,CAIRNS BIRDWING,c:\Users\ricar\Downloads\TP2-Students\aca-butterflies\train
Image_3778.jpg,CAIRNS BIRDWING,c:\Users\ricar\Downloads\TP2-Students\aca-butterflies\train
Image_2686.jpg,CAIRNS BIRDWING,c:\Users\ricar\Downloads\TP2-Students\aca-butterflies\train
Image_3779.jpg,CAIRNS BIRDWING,c:\Users\ricar\Downloads\TP2-Students\aca-butterflies\train
Image_306.jpg,CAIRNS BIRDWING,c:\Users\ricar\Downloads\TP2-Students\aca-butterflies\train
Image_177.jpg,CAIRNS BIRDWING,c:\Users\ricar\Downloads\TP2-Students\aca-butterflies\train
Image_3751.jpg,CAIRNS BIRDWING,c:\Users\ricar\Downloads\TP2-Students\aca-butterflies\train
Image_2690.jpg,CAIRNS BIRDWING,c:\Users\ricar\Downloads\TP2-Students\aca-butterflies\train
Image_3694.jpg,CAIRNS BIRDWING,c:\Users\ricar\Downloads\TP2-Students\aca-butterflies\train
Image_10.jpg,CAIRNS BIRDWING,c:\Users\ricar\Downloads\TP2-Students\aca-butterflies\train
Image_1061.jpg,CAIRNS BIRDWING,c:\Users\ricar\Downloads\TP2-Students\aca-butterflies\train
Image_4895.jpg,CAIRNS BIRDWING,c:\Users\ricar\Downloads\TP2-Students\aca-butterflies\train
Image_3753.jpg,CAIRNS BIRDWING,c:\Users\ricar\Downloads\TP2-Students\aca-butterflies\train
Image_3561.jpg,CAIRNS BIRDWING,c:\Users\ricar\Downloads\TP2-Students\aca-butterflies\train
Image_4299.jpg,CAIRNS BIRDWING,c:\Users\ricar\Downloads\TP2-Students\aca-butterflies\train
Image_1098.jpg,CAIRNS BIRDWING,c:\Users\ricar\Downloads\TP2-Students\aca-butterflies\train
Image_832.jpg,CAIRNS BIRDWING,c:\Users\ricar\Downloads\TP2-Students\aca-butterflies\train
Image_2423.jpg,CAIRNS BIRDWING,c:\Users\ricar\Downloads\TP2-Students\aca-butterflies\train
Image_1562.jpg,CAIRNS BIRDWING,c:\Users\ricar\Downloads\TP2-Students\aca-butterflies\train
Image_1196.jpg,CAIRNS BIRDWING,c:\Users\ricar\Downloads\TP2-Students\aca-butterflies\train
Image_3135.jpg,CAIRNS BIRDWING,c:\Users\ricar\Downloads\TP2-Students\aca-butterflies\train
Image_3148.jpg,CAIRNS BIRDWING,c:\Users\ricar\Downloads\TP2-Students\aca-butterflies\train
Image_2490.jpg,CAIRNS BIRDWING,c:\Users\ricar\Downloads\TP2-Students\aca-butterflies\train
Image_2582.jpg,CAIRNS BIRDWING,c:\Users\ricar\Downloads\TP2-Students\aca-butterflies\train
Image_684.jpg,CAIRNS BIRDWING,c:\Users\ricar\Downloads\TP2-Students\aca-butterflies\train
Image_3849.jpg,CAIRNS BIRDWING,c:\Users\ricar\Downloads\TP2-Students\aca-butterflies\train
Image_752.jpg,CAIRNS BIRDWING,c:\Users\ricar\Downloads\TP2-Students\aca-butterflies\train
Image_878.jpg,CAIRNS BIRDWING,c:\Users\ricar\Downloads\TP2-Students\aca-butterflies\train
Image_1570.jpg,CAIRNS BIRDWING,c:\Users\ricar\Downloads\TP2-Students\aca-butterflies\train
Image_3169.jpg,CAIRNS BIRDWING,c:\Users\ricar\Downloads\TP2-Students\aca-butterflies\train
Image_3232.jpg,CAIRNS BIRDWING,c:\Users\ricar\Downloads\TP2-Students\aca-butterflies\train
Image_4463.jpg,CAIRNS BIRDWING,c:\Users\ricar\Downloads\TP2-Students\aca-butterflies\train
Image_3951.jpg,CAIRNS BIRDWING,c:\Users\ricar\Downloads\TP2-Students\aca-butterflies\train
Image_3160.jpg,CAIRNS BIRDWING,c:\Users\ricar\Downloads\TP2-Students\aca-butterflies\train
Image_3158.jpg,CAIRNS BIRDWING,c:\Users\ricar\Downloads\TP2-Students\aca-butterflies\train
Image_2385.jpg,CAIRNS BIRDWING,c:\Users\ricar\Downloads\TP2-Students\aca-butterflies\train
Image_1187.jpg,CAIRNS BIRDWING,c:\Users\ricar\Downloads\TP2-Students\aca-butterflies\train
Image_68.jpg,CAIRNS BIRDWING,c:\Users\ricar\Downloads\TP2-Students\aca-butterflies\train
Image_1113.jpg,CAIRNS BIRDWING,c:\Users\ricar\Downloads\TP2-Students\aca-butterflies\train
Image_516.jpg,CAIRNS BIRDWING,c:\Users\ricar\Downloads\TP2-Students\aca-butterflies\train
Image_3972.jpg,CAIRNS BIRDWING,c:\Users\ricar\Downloads\TP2-Students\aca-butterflies\train
Image_2822.jpg,CHECQUERED SKIPPER,c:\Users\ricar\Downloads\TP2-Students\aca-butterflies\train
Image_1878.jpg,CHECQUERED SKIPPER,c:\Users\ricar\Downloads\TP2-Students\aca-butterflies\train
Image_5174.jpg,CHECQUERED SKIPPER,c:\Users\ricar\Downloads\TP2-Students\aca-butterflies\train
Image_3315.jpg,CHECQUERED SKIPPER,c:\Users\ricar\Downloads\TP2-Students\aca-butterflies\train
Image_1253.jpg,CHECQUERED SKIPPER,c:\Users\ricar\Downloads\TP2-Students\aca-butterflies\train
Image_2943.jpg,CHECQUERED SKIPPER,c:\Users\ricar\Downloads\TP2-Students\aca-butterflies\train
Image_2404.jpg,CHECQUERED SKIPPER,c:\Users\ricar\Downloads\TP2-Students\aca-butterflies\train
Image_3644.jpg,CHECQUERED SKIPPER,c:\Users\ricar\Downloads\TP2-Students\aca-butterflies\train
Image_4218.jpg,CHECQUERED SKIPPER,c:\Users\ricar\Downloads\TP2-Students\aca-butterflies\train
Image_2970.jpg,CHECQUERED SKIPPER,c:\Users\ricar\Downloads\TP2-Students\aca-butterflies\train
Image_2143.jpg,CHECQUERED SKIPPER,c:\Users\ricar\Downloads\TP2-Students\aca-butterflies\train
Image_2524.jpg,CHECQUERED SKIPPER,c:\Users\ricar\Downloads\TP2-Students\aca-butterflies\train
Image_4837.jpg,CHECQUERED SKIPPER,c:\Users\ricar\Downloads\TP2-Students\aca-butterflies\train
Image_2615.jpg,CHECQUERED SKIPPER,c:\Users\ricar\Downloads\TP2-Students\aca-butterflies\train
Image_146.jpg,CHECQUERED SKIPPER,c:\Users\ricar\Downloads\TP2-Students\aca-butterflies\train
Image_120.jpg,CHECQUERED SKIPPER,c:\Users\ricar\Downloads\TP2-Students\aca-butterflies\train
Image_1154.jpg,CHECQUERED SKIPPER,c:\Users\ricar\Downloads\TP2-Students\aca-butterflies\train
Image_617.jpg,CHECQUERED SKIPPER,c:\Users\ricar\Downloads\TP2-Students\aca-butterflies\train
Image_1687.jpg,CHECQUERED SKIPPER,c:\Users\ricar\Downloads\TP2-Students\aca-butterflies\train
Image_3023.jpg,CHECQUERED SKIPPER,c:\Users\ricar\Downloads\TP2-Students\aca-butterflies\train
Image_2903.jpg,CHECQUERED SKIPPER,c:\Users\ricar\Downloads\TP2-Students\aca-butterflies\train
Image_1017.jpg,CHECQUERED SKIPPER,c:\Users\ricar\Downloads\TP2-Students\aca-butterflies\train
Image_371.jpg,CHECQUERED SKIPPER,c:\Users\ricar\Downloads\TP2-Students\aca-butterflies\train
Image_4940.jpg,CHECQUERED SKIPPER,c:\Users\ricar\Downloads\TP2-Students\aca-butterflies\train
Image_5085.jpg,CHECQUERED SKIPPER,c:\Users\ricar\Downloads\TP2-Students\aca-butterflies\train
Image_1039.jpg,CHECQUERED SKIPPER,c:\Users\ricar\Downloads\TP2-Students\aca-butterflies\train
Image_4302.jpg,CHECQUERED SKIPPER,c:\Users\ricar\Downloads\TP2-Students\aca-butterflies\train
Image_4103.jpg,CHECQUERED SKIPPER,c:\Users\ricar\Downloads\TP2-Students\aca-butterflies\train
Image_2203.jpg,CHECQUERED SKIPPER,c:\Users\ricar\Downloads\TP2-Students\aca-butterflies\train
Image_4095.jpg,CHECQUERED SKIPPER,c:\Users\ricar\Downloads\TP2-Students\aca-butterflies\train
Image_785.jpg,CHECQUERED SKIPPER,c:\Users\ricar\Downloads\TP2-Students\aca-butterflies\train
Image_2339.jpg,CHECQUERED SKIPPER,c:\Users\ricar\Downloads\TP2-Students\aca-butterflies\train
Image_5122.jpg,CHECQUERED SKIPPER,c:\Users\ricar\Downloads\TP2-Students\aca-butterflies\train
Image_5078.jpg,CHECQUERED SKIPPER,c:\Users\ricar\Downloads\TP2-Students\aca-butterflies\train
Image_4116.jpg,CHECQUERED SKIPPER,c:\Users\ricar\Downloads\TP2-Students\aca-butterflies\train
Image_3173.jpg,CHECQUERED SKIPPER,c:\Users\ricar\Downloads\TP2-Students\aca-butterflies\train
Image_2563.jpg,CHECQUERED SKIPPER,c:\Users\ricar\Downloads\TP2-Students\aca-butterflies\train
Image_3783.jpg,CHECQUERED SKIPPER,c:\Users\ricar\Downloads\TP2-Students\aca-butterflies\train
Image_51.jpg,CHECQUERED SKIPPER,c:\Users\ricar\Downloads\TP2-Students\aca-butterflies\train
Image_1571.jpg,CHECQUERED SKIPPER,c:\Users\ricar\Downloads\TP2-Students\aca-butterflies\train
Image_4270.jpg,CHECQUERED SKIPPER,c:\Users\ricar\Downloads\TP2-Students\aca-butterflies\train
Image_400.jpg,CHECQUERED SKIPPER,c:\Users\ricar\Downloads\TP2-Students\aca-butterflies\train
Image_915.jpg,CHECQUERED SKIPPER,c:\Users\ricar\Downloads\TP2-Students\aca-butterflies\train
Image_4534.jpg,CHECQUERED SKIPPER,c:\Users\ricar\Downloads\TP2-Students\aca-butterflies\train
Image_1068.jpg,CHECQUERED SKIPPER,c:\Users\ricar\Downloads\TP2-Students\aca-butterflies\train
Image_3512.jpg,CHECQUERED SKIPPER,c:\Users\ricar\Downloads\TP2-Students\aca-butterflies\train
Image_272.jpg,CHECQUERED SKIPPER,c:\Users\ricar\Downloads\TP2-Students\aca-butterflies\train
Image_5008.jpg,CHECQUERED SKIPPER,c:\Users\ricar\Downloads\TP2-Students\aca-butterflies\train
Image_3707.jpg,CHECQUERED SKIPPER,c:\Users\ricar\Downloads\TP2-Students\aca-butterflies\train
Image_4762.jpg,CHECQUERED SKIPPER,c:\Users\ricar\Downloads\TP2-Students\aca-butterflies\train
Image_3737.jpg,CHECQUERED SKIPPER,c:\Users\ricar\Downloads\TP2-Students\aca-butterflies\train
Image_2272.jpg,CHECQUERED SKIPPER,c:\Users\ricar\Downloads\TP2-Students\aca-butterflies\train
Image_4480.jpg,CHECQUERED SKIPPER,c:\Users\ricar\Downloads\TP2-Students\aca-butterflies\train
Image_2535.jpg,CHESTNUT,c:\Users\ricar\Downloads\TP2-Students\aca-butterflies\train
Image_3873.jpg,CHESTNUT,c:\Users\ricar\Downloads\TP2-Students\aca-butterflies\train
Image_1559.jpg,CHESTNUT,c:\Users\ricar\Downloads\TP2-Students\aca-butterflies\train
Image_1466.jpg,CHESTNUT,c:\Users\ricar\Downloads\TP2-Students\aca-butterflies\train
Image_1743.jpg,CHESTNUT,c:\Users\ricar\Downloads\TP2-Students\aca-butterflies\train
Image_3815.jpg,CHESTNUT,c:\Users\ricar\Downloads\TP2-Students\aca-butterflies\train
Image_3089.jpg,CHESTNUT,c:\Users\ricar\Downloads\TP2-Students\aca-butterflies\train
Image_4145.jpg,CHESTNUT,c:\Users\ricar\Downloads\TP2-Students\aca-butterflies\train
Image_1959.jpg,CHESTNUT,c:\Users\ricar\Downloads\TP2-Students\aca-butterflies\train
Image_4849.jpg,CHESTNUT,c:\Users\ricar\Downloads\TP2-Students\aca-butterflies\train
Image_1361.jpg,CHESTNUT,c:\Users\ricar\Downloads\TP2-Students\aca-butterflies\train
Image_3601.jpg,CHESTNUT,c:\Users\ricar\Downloads\TP2-Students\aca-butterflies\train
Image_3638.jpg,CHESTNUT,c:\Users\ricar\Downloads\TP2-Students\aca-butterflies\train
Image_1852.jpg,CHESTNUT,c:\Users\ricar\Downloads\TP2-Students\aca-butterflies\train
Image_1920.jpg,CHESTNUT,c:\Users\ricar\Downloads\TP2-Students\aca-butterflies\train
Image_1058.jpg,CHESTNUT,c:\Users\ricar\Downloads\TP2-Students\aca-butterflies\train
Image_1542.jpg,CHESTNUT,c:\Users\ricar\Downloads\TP2-Students\aca-butterflies\train
Image_1394.jpg,CHESTNUT,c:\Users\ricar\Downloads\TP2-Students\aca-butterflies\train
Image_1804.jpg,CHESTNUT,c:\Users\ricar\Downloads\TP2-Students\aca-butterflies\train
Image_3697.jpg,CHESTNUT,c:\Users\ricar\Downloads\TP2-Students\aca-butterflies\train
Image_821.jpg,CHESTNUT,c:\Users\ricar\Downloads\TP2-Students\aca-butterflies\train
Image_1581.jpg,CHESTNUT,c:\Users\ricar\Downloads\TP2-Students\aca-butterflies\train
Image_3129.jpg,CHESTNUT,c:\Users\ricar\Downloads\TP2-Students\aca-butterflies\train
Image_1824.jpg,CHESTNUT,c:\Users\ricar\Downloads\TP2-Students\aca-butterflies\train
Image_4532.jpg,CHESTNUT,c:\Users\ricar\Downloads\TP2-Students\aca-butterflies\train
Image_4576.jpg,CHESTNUT,c:\Users\ricar\Downloads\TP2-Students\aca-butterflies\train
Image_1276.jpg,CHESTNUT,c:\Users\ricar\Downloads\TP2-Students\aca-butterflies\train
Image_734.jpg,CHESTNUT,c:\Users\ricar\Downloads\TP2-Students\aca-butterflies\train
Image_3476.jpg,CHESTNUT,c:\Users\ricar\Downloads\TP2-Students\aca-butterflies\train
Image_3602.jpg,CHESTNUT,c:\Users\ricar\Downloads\TP2-Students\aca-butterflies\train
Image_4013.jpg,CHESTNUT,c:\Users\ricar\Downloads\TP2-Students\aca-butterflies\train
Image_401.jpg,CHESTNUT,c:\Users\ricar\Downloads\TP2-Students\aca-butterflies\train
Image_4192.jpg,CHESTNUT,c:\Users\ricar\Downloads\TP2-Students\aca-butterflies\train
Image_359.jpg,CHESTNUT,c:\Users\ricar\Downloads\TP2-Students\aca-butterflies\train
Image_931.jpg,CHESTNUT,c:\Users\ricar\Downloads\TP2-Students\aca-butterflies\train
Image_4503.jpg,CHESTNUT,c:\Users\ricar\Downloads\TP2-Students\aca-butterflies\train
Image_3051.jpg,CHESTNUT,c:\Users\ricar\Downloads\TP2-Students\aca-butterflies\train
Image_2792.jpg,CHESTNUT,c:\Users\ricar\Downloads\TP2-Students\aca-butterflies\train
Image_3166.jpg,CHESTNUT,c:\Users\ricar\Downloads\TP2-Students\aca-butterflies\train
Image_2547.jpg,CHESTNUT,c:\Users\ricar\Downloads\TP2-Students\aca-butterflies\train
Image_538.jpg,CHESTNUT,c:\Users\ricar\Downloads\TP2-Students\aca-butterflies\train
Image_4155.jpg,CHESTNUT,c:\Users\ricar\Downloads\TP2-Students\aca-butterflies\train
Image_2503.jpg,CHESTNUT,c:\Users\ricar\Downloads\TP2-Students\aca-butterflies\train
Image_1891.jpg,CHESTNUT,c:\Users\ricar\Downloads\TP2-Students\aca-butterflies\train
Image_2938.jpg,CHESTNUT,c:\Users\ricar\Downloads\TP2-Students\aca-butterflies\train
Image_707.jpg,CHESTNUT,c:\Users\ricar\Downloads\TP2-Students\aca-butterflies\train
Image_2516.jpg,CHESTNUT,c:\Users\ricar\Downloads\TP2-Students\aca-butterflies\train
Image_3082.jpg,CLEOPATRA,c:\Users\ricar\Downloads\TP2-Students\aca-butterflies\train
Image_2230.jpg,CLEOPATRA,c:\Users\ricar\Downloads\TP2-Students\aca-butterflies\train
Image_5175.jpg,CLEOPATRA,c:\Users\ricar\Downloads\TP2-Students\aca-butterflies\train
Image_5030.jpg,CLEOPATRA,c:\Users\ricar\Downloads\TP2-Students\aca-butterflies\train
Image_1599.jpg,CLEOPATRA,c:\Users\ricar\Downloads\TP2-Students\aca-butterflies\train
Image_2886.jpg,CLEOPATRA,c:\Users\ricar\Downloads\TP2-Students\aca-butterflies\train
Image_1345.jpg,CLEOPATRA,c:\Users\ricar\Downloads\TP2-Students\aca-butterflies\train
Image_4868.jpg,CLEOPATRA,c:\Users\ricar\Downloads\TP2-Students\aca-butterflies\train
Image_1791.jpg,CLEOPATRA,c:\Users\ricar\Downloads\TP2-Students\aca-butterflies\train
Image_3458.jpg,CLEOPATRA,c:\Users\ricar\Downloads\TP2-Students\aca-butterflies\train
Image_1870.jpg,CLEOPATRA,c:\Users\ricar\Downloads\TP2-Students\aca-butterflies\train
Image_1612.jpg,CLEOPATRA,c:\Users\ricar\Downloads\TP2-Students\aca-butterflies\train
Image_757.jpg,CLEOPATRA,c:\Users\ricar\Downloads\TP2-Students\aca-butterflies\train
Image_3039.jpg,CLEOPATRA,c:\Users\ricar\Downloads\TP2-Students\aca-butterflies\train
Image_1982.jpg,CLEOPATRA,c:\Users\ricar\Downloads\TP2-Students\aca-butterflies\train
Image_5075.jpg,CLEOPATRA,c:\Users\ricar\Downloads\TP2-Students\aca-butterflies\train
Image_4605.jpg,CLEOPATRA,c:\Users\ricar\Downloads\TP2-Students\aca-butterflies\train
Image_460.jpg,CLEOPATRA,c:\Users\ricar\Downloads\TP2-Students\aca-butterflies\train
Image_4137.jpg,CLEOPATRA,c:\Users\ricar\Downloads\TP2-Students\aca-butterflies\train
Image_4859.jpg,CLEOPATRA,c:\Users\ricar\Downloads\TP2-Students\aca-butterflies\train
Image_3989.jpg,CLEOPATRA,c:\Users\ricar\Downloads\TP2-Students\aca-butterflies\train
Image_4100.jpg,CLEOPATRA,c:\Users\ricar\Downloads\TP2-Students\aca-butterflies\train
Image_3529.jpg,CLEOPATRA,c:\Users\ricar\Downloads\TP2-Students\aca-butterflies\train
Image_1189.jpg,CLEOPATRA,c:\Users\ricar\Downloads\TP2-Students\aca-butterflies\train
Image_871.jpg,CLEOPATRA,c:\Users\ricar\Downloads\TP2-Students\aca-butterflies\train
Image_1732.jpg,CLEOPATRA,c:\Users\ricar\Downloads\TP2-Students\aca-butterflies\train
Image_3363.jpg,CLEOPATRA,c:\Users\ricar\Downloads\TP2-Students\aca-butterflies\train
Image_3344.jpg,CLEOPATRA,c:\Users\ricar\Downloads\TP2-Students\aca-butterflies\train
Image_4161.jpg,CLEOPATRA,c:\Users\ricar\Downloads\TP2-Students\aca-butterflies\train
Image_4751.jpg,CLEOPATRA,c:\Users\ricar\Downloads\TP2-Students\aca-butterflies\train
Image_441.jpg,CLEOPATRA,c:\Users\ricar\Downloads\TP2-Students\aca-butterflies\train
Image_1368.jpg,CLEOPATRA,c:\Users\ricar\Downloads\TP2-Students\aca-butterflies\train
Image_4074.jpg,CLEOPATRA,c:\Users\ricar\Downloads\TP2-Students\aca-butterflies\train
Image_309.jpg,CLEOPATRA,c:\Users\ricar\Downloads\TP2-Students\aca-butterflies\train
Image_2784.jpg,CLEOPATRA,c:\Users\ricar\Downloads\TP2-Students\aca-butterflies\train
Image_1862.jpg,CLEOPATRA,c:\Users\ricar\Downloads\TP2-Students\aca-butterflies\train
Image_3816.jpg,CLEOPATRA,c:\Users\ricar\Downloads\TP2-Students\aca-butterflies\train
Image_3740.jpg,CLEOPATRA,c:\Users\ricar\Downloads\TP2-Students\aca-butterflies\train
Image_2386.jpg,CLEOPATRA,c:\Users\ricar\Downloads\TP2-Students\aca-butterflies\train
Image_2429.jpg,CLEOPATRA,c:\Users\ricar\Downloads\TP2-Students\aca-butterflies\train
Image_2812.jpg,CLEOPATRA,c:\Users\ricar\Downloads\TP2-Students\aca-butterflies\train
Image_2940.jpg,CLEOPATRA,c:\Users\ricar\Downloads\TP2-Students\aca-butterflies\train
Image_1911.jpg,CLEOPATRA,c:\Users\ricar\Downloads\TP2-Students\aca-butterflies\train
Image_1213.jpg,CLEOPATRA,c:\Users\ricar\Downloads\TP2-Students\aca-butterflies\train
Image_1620.jpg,CLEOPATRA,c:\Users\ricar\Downloads\TP2-Students\aca-butterflies\train
Image_4522.jpg,CLEOPATRA,c:\Users\ricar\Downloads\TP2-Students\aca-butterflies\train
Image_3819.jpg,CLEOPATRA,c:\Users\ricar\Downloads\TP2-Students\aca-butterflies\train
Image_464.jpg,CLEOPATRA,c:\Users\ricar\Downloads\TP2-Students\aca-butterflies\train
Image_2456.jpg,CLEOPATRA,c:\Users\ricar\Downloads\TP2-Students\aca-butterflies\train
Image_3549.jpg,CLEOPATRA,c:\Users\ricar\Downloads\TP2-Students\aca-butterflies\train
Image_313.jpg,CLEOPATRA,c:\Users\ricar\Downloads\TP2-Students\aca-butterflies\train
Image_4019.jpg,CLODIUS PARNASSIAN,c:\Users\ricar\Downloads\TP2-Students\aca-butterflies\train
Image_797.jpg,CLODIUS PARNASSIAN,c:\Users\ricar\Downloads\TP2-Students\aca-butterflies\train
Image_1309.jpg,CLODIUS PARNASSIAN,c:\Users\ricar\Downloads\TP2-Students\aca-butterflies\train
Image_660.jpg,CLODIUS PARNASSIAN,c:\Users\ricar\Downloads\TP2-Students\aca-butterflies\train
Image_4885.jpg,CLODIUS PARNASSIAN,c:\Users\ricar\Downloads\TP2-Students\aca-butterflies\train
Image_654.jpg,CLODIUS PARNASSIAN,c:\Users\ricar\Downloads\TP2-Students\aca-butterflies\train
Image_4541.jpg,CLODIUS PARNASSIAN,c:\Users\ricar\Downloads\TP2-Students\aca-butterflies\train
Image_557.jpg,CLODIUS PARNASSIAN,c:\Users\ricar\Downloads\TP2-Students\aca-butterflies\train
Image_200.jpg,CLODIUS PARNASSIAN,c:\Users\ricar\Downloads\TP2-Students\aca-butterflies\train
Image_1285.jpg,CLODIUS PARNASSIAN,c:\Users\ricar\Downloads\TP2-Students\aca-butterflies\train
Image_403.jpg,CLODIUS PARNASSIAN,c:\Users\ricar\Downloads\TP2-Students\aca-butterflies\train
Image_4228.jpg,CLODIUS PARNASSIAN,c:\Users\ricar\Downloads\TP2-Students\aca-butterflies\train
Image_1871.jpg,CLODIUS PARNASSIAN,c:\Users\ricar\Downloads\TP2-Students\aca-butterflies\train
Image_2152.jpg,CLODIUS PARNASSIAN,c:\Users\ricar\Downloads\TP2-Students\aca-butterflies\train
Image_456.jpg,CLODIUS PARNASSIAN,c:\Users\ricar\Downloads\TP2-Students\aca-butterflies\train
Image_608.jpg,CLODIUS PARNASSIAN,c:\Users\ricar\Downloads\TP2-Students\aca-butterflies\train
Image_1289.jpg,CLODIUS PARNASSIAN,c:\Users\ricar\Downloads\TP2-Students\aca-butterflies\train
Image_2034.jpg,CLODIUS PARNASSIAN,c:\Users\ricar\Downloads\TP2-Students\aca-butterflies\train
Image_3124.jpg,CLODIUS PARNASSIAN,c:\Users\ricar\Downloads\TP2-Students\aca-butterflies\train
Image_1491.jpg,CLODIUS PARNASSIAN,c:\Users\ricar\Downloads\TP2-Students\aca-butterflies\train
Image_4920.jpg,CLODIUS PARNASSIAN,c:\Users\ricar\Downloads\TP2-Students\aca-butterflies\train
Image_225.jpg,CLODIUS PARNASSIAN,c:\Users\ricar\Downloads\TP2-Students\aca-butterflies\train
Image_508.jpg,CLODIUS PARNASSIAN,c:\Users\ricar\Downloads\TP2-Students\aca-butterflies\train
Image_3703.jpg,CLODIUS PARNASSIAN,c:\Users\ricar\Downloads\TP2-Students\aca-butterflies\train
Image_97.jpg,CLODIUS PARNASSIAN,c:\Users\ricar\Downloads\TP2-Students\aca-butterflies\train
Image_2560.jpg,CLODIUS PARNASSIAN,c:\Users\ricar\Downloads\TP2-Students\aca-butterflies\train
Image_2977.jpg,CLODIUS PARNASSIAN,c:\Users\ricar\Downloads\TP2-Students\aca-butterflies\train
Image_3145.jpg,CLODIUS PARNASSIAN,c:\Users\ricar\Downloads\TP2-Students\aca-butterflies\train
Image_2670.jpg,CLODIUS PARNASSIAN,c:\Users\ricar\Downloads\TP2-Students\aca-butterflies\train
Image_2883.jpg,CLODIUS PARNASSIAN,c:\Users\ricar\Downloads\TP2-Students\aca-butterflies\train
Image_3876.jpg,CLODIUS PARNASSIAN,c:\Users\ricar\Downloads\TP2-Students\aca-butterflies\train
Image_1085.jpg,CLODIUS PARNASSIAN,c:\Users\ricar\Downloads\TP2-Students\aca-butterflies\train
Image_668.jpg,CLODIUS PARNASSIAN,c:\Users\ricar\Downloads\TP2-Students\aca-butterflies\train
Image_3720.jpg,CLODIUS PARNASSIAN,c:\Users\ricar\Downloads\TP2-Students\aca-butterflies\train
Image_4591.jpg,CLODIUS PARNASSIAN,c:\Users\ricar\Downloads\TP2-Students\aca-butterflies\train
Image_1102.jpg,CLODIUS PARNASSIAN,c:\Users\ricar\Downloads\TP2-Students\aca-butterflies\train
Image_4708.jpg,CLODIUS PARNASSIAN,c:\Users\ricar\Downloads\TP2-Students\aca-butterflies\train
Image_2428.jpg,CLODIUS PARNASSIAN,c:\Users\ricar\Downloads\TP2-Students\aca-butterflies\train
Image_3483.jpg,CLODIUS PARNASSIAN,c:\Users\ricar\Downloads\TP2-Students\aca-butterflies\train
Image_4063.jpg,CLODIUS PARNASSIAN,c:\Users\ricar\Downloads\TP2-Students\aca-butterflies\train
Image_367.jpg,CLODIUS PARNASSIAN,c:\Users\ricar\Downloads\TP2-Students\aca-butterflies\train
Image_3892.jpg,CLODIUS PARNASSIAN,c:\Users\ricar\Downloads\TP2-Students\aca-butterflies\train
Image_1355.jpg,CLODIUS PARNASSIAN,c:\Users\ricar\Downloads\TP2-Students\aca-butterflies\train
Image_5087.jpg,CLODIUS PARNASSIAN,c:\Users\ricar\Downloads\TP2-Students\aca-butterflies\train
Image_3010.jpg,CLODIUS PARNASSIAN,c:\Users\ricar\Downloads\TP2-Students\aca-butterflies\train
Image_4736.jpg,CLODIUS PARNASSIAN,c:\Users\ricar\Downloads\TP2-Students\aca-butterflies\train
Image_1288.jpg,CLODIUS PARNASSIAN,c:\Users\ricar\Downloads\TP2-Students\aca-butterflies\train
Image_1399.jpg,CLODIUS PARNASSIAN,c:\Users\ricar\Downloads\TP2-Students\aca-butterflies\train
Image_418.jpg,CLODIUS PARNASSIAN,c:\Users\ricar\Downloads\TP2-Students\aca-butterflies\train
Image_2899.jpg,CLOUDED SULPHUR,c:\Users\ricar\Downloads\TP2-Students\aca-butterflies\train
Image_4247.jpg,CLOUDED SULPHUR,c:\Users\ricar\Downloads\TP2-Students\aca-butterflies\train
Image_631.jpg,CLOUDED SULPHUR,c:\Users\ricar\Downloads\TP2-Students\aca-butterflies\train
Image_231.jpg,CLOUDED SULPHUR,c:\Users\ricar\Downloads\TP2-Students\aca-butterflies\train
Image_1043.jpg,CLOUDED SULPHUR,c:\Users\ricar\Downloads\TP2-Students\aca-butterflies\train
Image_5165.jpg,CLOUDED SULPHUR,c:\Users\ricar\Downloads\TP2-Students\aca-butterflies\train
Image_1969.jpg,CLOUDED SULPHUR,c:\Users\ricar\Downloads\TP2-Students\aca-butterflies\train
Image_2536.jpg,CLOUDED SULPHUR,c:\Users\ricar\Downloads\TP2-Students\aca-butterflies\train
Image_2963.jpg,CLOUDED SULPHUR,c:\Users\ricar\Downloads\TP2-Students\aca-butterflies\train
Image_1223.jpg,CLOUDED SULPHUR,c:\Users\ricar\Downloads\TP2-Students\aca-butterflies\train
Image_4938.jpg,CLOUDED SULPHUR,c:\Users\ricar\Downloads\TP2-Students\aca-butterflies\train
Image_895.jpg,CLOUDED SULPHUR,c:\Users\ricar\Downloads\TP2-Students\aca-butterflies\train
Image_166.jpg,CLOUDED SULPHUR,c:\Users\ricar\Downloads\TP2-Students\aca-butterflies\train
Image_1722.jpg,CLOUDED SULPHUR,c:\Users\ricar\Downloads\TP2-Students\aca-butterflies\train
Image_2771.jpg,CLOUDED SULPHUR,c:\Users\ricar\Downloads\TP2-Students\aca-butterflies\train
Image_1147.jpg,CLOUDED SULPHUR,c:\Users\ricar\Downloads\TP2-Students\aca-butterflies\train
Image_764.jpg,CLOUDED SULPHUR,c:\Users\ricar\Downloads\TP2-Students\aca-butterflies\train
Image_900.jpg,CLOUDED SULPHUR,c:\Users\ricar\Downloads\TP2-Students\aca-butterflies\train
Image_1756.jpg,CLOUDED SULPHUR,c:\Users\ricar\Downloads\TP2-Students\aca-butterflies\train
Image_1064.jpg,CLOUDED SULPHUR,c:\Users\ricar\Downloads\TP2-Students\aca-butterflies\train
Image_1611.jpg,CLOUDED SULPHUR,c:\Users\ricar\Downloads\TP2-Students\aca-butterflies\train
Image_4381.jpg,CLOUDED SULPHUR,c:\Users\ricar\Downloads\TP2-Students\aca-butterflies\train
Image_686.jpg,CLOUDED SULPHUR,c:\Users\ricar\Downloads\TP2-Students\aca-butterflies\train
Image_207.jpg,CLOUDED SULPHUR,c:\Users\ricar\Downloads\TP2-Students\aca-butterflies\train
Image_677.jpg,CLOUDED SULPHUR,c:\Users\ricar\Downloads\TP2-Students\aca-butterflies\train
Image_1264.jpg,CLOUDED SULPHUR,c:\Users\ricar\Downloads\TP2-Students\aca-butterflies\train
Image_4057.jpg,CLOUDED SULPHUR,c:\Users\ricar\Downloads\TP2-Students\aca-butterflies\train
Image_3915.jpg,CLOUDED SULPHUR,c:\Users\ricar\Downloads\TP2-Students\aca-butterflies\train
Image_2016.jpg,CLOUDED SULPHUR,c:\Users\ricar\Downloads\TP2-Students\aca-butterflies\train
Image_3154.jpg,CLOUDED SULPHUR,c:\Users\ricar\Downloads\TP2-Students\aca-butterflies\train
Image_1292.jpg,CLOUDED SULPHUR,c:\Users\ricar\Downloads\TP2-Students\aca-butterflies\train
Image_4350.jpg,CLOUDED SULPHUR,c:\Users\ricar\Downloads\TP2-Students\aca-butterflies\train
Image_816.jpg,CLOUDED SULPHUR,c:\Users\ricar\Downloads\TP2-Students\aca-butterflies\train
Image_2540.jpg,CLOUDED SULPHUR,c:\Users\ricar\Downloads\TP2-Students\aca-butterflies\train
Image_3305.jpg,CLOUDED SULPHUR,c:\Users\ricar\Downloads\TP2-Students\aca-butterflies\train
Image_1557.jpg,CLOUDED SULPHUR,c:\Users\ricar\Downloads\TP2-Students\aca-butterflies\train
Image_2830.jpg,CLOUDED SULPHUR,c:\Users\ricar\Downloads\TP2-Students\aca-butterflies\train
Image_5083.jpg,CLOUDED SULPHUR,c:\Users\ricar\Downloads\TP2-Students\aca-butterflies\train
Image_1321.jpg,CLOUDED SULPHUR,c:\Users\ricar\Downloads\TP2-Students\aca-butterflies\train
Image_7.jpg,CLOUDED SULPHUR,c:\Users\ricar\Downloads\TP2-Students\aca-butterflies\train
Image_4320.jpg,CLOUDED SULPHUR,c:\Users\ricar\Downloads\TP2-Students\aca-butterflies\train
Image_4642.jpg,CLOUDED SULPHUR,c:\Users\ricar\Downloads\TP2-Students\aca-butterflies\train
Image_1243.jpg,CLOUDED SULPHUR,c:\Users\ricar\Downloads\TP2-Students\aca-butterflies\train
Image_3024.jpg,CLOUDED SULPHUR,c:\Users\ricar\Downloads\TP2-Students\aca-butterflies\train
Image_1968.jpg,CLOUDED SULPHUR,c:\Users\ricar\Downloads\TP2-Students\aca-butterflies\train
Image_2328.jpg,CLOUDED SULPHUR,c:\Users\ricar\Downloads\TP2-Students\aca-butterflies\train
Image_0.jpg,CLOUDED SULPHUR,c:\Users\ricar\Downloads\TP2-Students\aca-butterflies\train
Image_4797.jpg,CLOUDED SULPHUR,c:\Users\ricar\Downloads\TP2-Students\aca-butterflies\train
Image_3295.jpg,CLOUDED SULPHUR,c:\Users\ricar\Downloads\TP2-Students\aca-butterflies\train
Image_2818.jpg,CLOUDED SULPHUR,c:\Users\ricar\Downloads\TP2-Students\aca-butterflies\train
Image_4028.jpg,CLOUDED SULPHUR,c:\Users\ricar\Downloads\TP2-Students\aca-butterflies\train
Image_1053.jpg,COMMON BANDED AWL,c:\Users\ricar\Downloads\TP2-Students\aca-butterflies\train
Image_1082.jpg,COMMON BANDED AWL,c:\Users\ricar\Downloads\TP2-Students\aca-butterflies\train
Image_3562.jpg,COMMON BANDED AWL,c:\Users\ricar\Downloads\TP2-Students\aca-butterflies\train
Image_2325.jpg,COMMON BANDED AWL,c:\Users\ricar\Downloads\TP2-Students\aca-butterflies\train
Image_5169.jpg,COMMON BANDED AWL,c:\Users\ricar\Downloads\TP2-Students\aca-butterflies\train
Image_2282.jpg,COMMON BANDED AWL,c:\Users\ricar\Downloads\TP2-Students\aca-butterflies\train
Image_354.jpg,COMMON BANDED AWL,c:\Users\ricar\Downloads\TP2-Students\aca-butterflies\train
Image_3997.jpg,COMMON BANDED AWL,c:\Users\ricar\Downloads\TP2-Students\aca-butterflies\train
Image_3765.jpg,COMMON BANDED AWL,c:\Users\ricar\Downloads\TP2-Students\aca-butterflies\train
Image_133.jpg,COMMON BANDED AWL,c:\Users\ricar\Downloads\TP2-Students\aca-butterflies\train
Image_1284.jpg,COMMON BANDED AWL,c:\Users\ricar\Downloads\TP2-Students\aca-butterflies\train
Image_862.jpg,COMMON BANDED AWL,c:\Users\ricar\Downloads\TP2-Students\aca-butterflies\train
Image_4004.jpg,COMMON BANDED AWL,c:\Users\ricar\Downloads\TP2-Students\aca-butterflies\train
Image_1475.jpg,COMMON BANDED AWL,c:\Users\ricar\Downloads\TP2-Students\aca-butterflies\train
Image_4495.jpg,COMMON BANDED AWL,c:\Users\ricar\Downloads\TP2-Students\aca-butterflies\train
Image_1994.jpg,COMMON BANDED AWL,c:\Users\ricar\Downloads\TP2-Students\aca-butterflies\train
Image_3535.jpg,COMMON BANDED AWL,c:\Users\ricar\Downloads\TP2-Students\aca-butterflies\train
Image_3969.jpg,COMMON BANDED AWL,c:\Users\ricar\Downloads\TP2-Students\aca-butterflies\train
Image_2665.jpg,COMMON BANDED AWL,c:\Users\ricar\Downloads\TP2-Students\aca-butterflies\train
Image_1725.jpg,COMMON BANDED AWL,c:\Users\ricar\Downloads\TP2-Students\aca-butterflies\train
Image_2613.jpg,COMMON BANDED AWL,c:\Users\ricar\Downloads\TP2-Students\aca-butterflies\train
Image_1270.jpg,COMMON BANDED AWL,c:\Users\ricar\Downloads\TP2-Students\aca-butterflies\train
Image_5194.jpg,COMMON BANDED AWL,c:\Users\ricar\Downloads\TP2-Students\aca-butterflies\train
Image_1856.jpg,COMMON BANDED AWL,c:\Users\ricar\Downloads\TP2-Students\aca-butterflies\train
Image_4690.jpg,COMMON BANDED AWL,c:\Users\ricar\Downloads\TP2-Students\aca-butterflies\train
Image_2873.jpg,COMMON BANDED AWL,c:\Users\ricar\Downloads\TP2-Students\aca-butterflies\train
Image_1496.jpg,COMMON BANDED AWL,c:\Users\ricar\Downloads\TP2-Students\aca-butterflies\train
Image_223.jpg,COMMON BANDED AWL,c:\Users\ricar\Downloads\TP2-Students\aca-butterflies\train
Image_2236.jpg,COMMON BANDED AWL,c:\Users\ricar\Downloads\TP2-Students\aca-butterflies\train
Image_2608.jpg,COMMON BANDED AWL,c:\Users\ricar\Downloads\TP2-Students\aca-butterflies\train
Image_3795.jpg,COMMON BANDED AWL,c:\Users\ricar\Downloads\TP2-Students\aca-butterflies\train
Image_4839.jpg,COMMON BANDED AWL,c:\Users\ricar\Downloads\TP2-Students\aca-butterflies\train
Image_2601.jpg,COMMON BANDED AWL,c:\Users\ricar\Downloads\TP2-Students\aca-butterflies\train
Image_494.jpg,COMMON BANDED AWL,c:\Users\ricar\Downloads\TP2-Students\aca-butterflies\train
Image_2889.jpg,COMMON BANDED AWL,c:\Users\ricar\Downloads\TP2-Students\aca-butterflies\train
Image_756.jpg,COMMON BANDED AWL,c:\Users\ricar\Downloads\TP2-Students\aca-butterflies\train
Image_119.jpg,COMMON BANDED AWL,c:\Users\ricar\Downloads\TP2-Students\aca-butterflies\train
Image_243.jpg,COMMON BANDED AWL,c:\Users\ricar\Downloads\TP2-Students\aca-butterflies\train
Image_1198.jpg,COMMON BANDED AWL,c:\Users\ricar\Downloads\TP2-Students\aca-butterflies\train
Image_2609.jpg,COMMON BANDED AWL,c:\Users\ricar\Downloads\TP2-Students\aca-butterflies\train
Image_5065.jpg,COMMON BANDED AWL,c:\Users\ricar\Downloads\TP2-Students\aca-butterflies\train
Image_28.jpg,COMMON BANDED AWL,c:\Users\ricar\Downloads\TP2-Students\aca-butterflies\train
Image_5010.jpg,COMMON BANDED AWL,c:\Users\ricar\Downloads\TP2-Students\aca-butterflies\train
Image_2206.jpg,COMMON BANDED AWL,c:\Users\ricar\Downloads\TP2-Students\aca-butterflies\train
Image_2616.jpg,COMMON BANDED AWL,c:\Users\ricar\Downloads\TP2-Students\aca-butterflies\train
Image_2181.jpg,COMMON BANDED AWL,c:\Users\ricar\Downloads\TP2-Students\aca-butterflies\train
Image_3249.jpg,COMMON BANDED AWL,c:\Users\ricar\Downloads\TP2-Students\aca-butterflies\train
Image_4596.jpg,COMMON BANDED AWL,c:\Users\ricar\Downloads\TP2-Students\aca-butterflies\train
Image_2658.jpg,COMMON BANDED AWL,c:\Users\ricar\Downloads\TP2-Students\aca-butterflies\train
Image_1944.jpg,COMMON WOOD-NYMPH,c:\Users\ricar\Downloads\TP2-Students\aca-butterflies\train
Image_2589.jpg,COMMON WOOD-NYMPH,c:\Users\ricar\Downloads\TP2-Students\aca-butterflies\train
Image_224.jpg,COMMON WOOD-NYMPH,c:\Users\ricar\Downloads\TP2-Students\aca-butterflies\train
Image_4640.jpg,COMMON WOOD-NYMPH,c:\Users\ricar\Downloads\TP2-Students\aca-butterflies\train
Image_1184.jpg,COMMON WOOD-NYMPH,c:\Users\ricar\Downloads\TP2-Students\aca-butterflies\train
Image_135.jpg,COMMON WOOD-NYMPH,c:\Users\ricar\Downloads\TP2-Students\aca-butterflies\train
Image_3617.jpg,COMMON WOOD-NYMPH,c:\Users\ricar\Downloads\TP2-Students\aca-butterflies\train
Image_4788.jpg,COMMON WOOD-NYMPH,c:\Users\ricar\Downloads\TP2-Students\aca-butterflies\train
Image_4834.jpg,COMMON WOOD-NYMPH,c:\Users\ricar\Downloads\TP2-Students\aca-butterflies\train
Image_565.jpg,COMMON WOOD-NYMPH,c:\Users\ricar\Downloads\TP2-Students\aca-butterflies\train
Image_3904.jpg,COMMON WOOD-NYMPH,c:\Users\ricar\Downloads\TP2-Students\aca-butterflies\train
Image_130.jpg,COMMON WOOD-NYMPH,c:\Users\ricar\Downloads\TP2-Students\aca-butterflies\train
Image_1672.jpg,COMMON WOOD-NYMPH,c:\Users\ricar\Downloads\TP2-Students\aca-butterflies\train
Image_1474.jpg,COMMON WOOD-NYMPH,c:\Users\ricar\Downloads\TP2-Students\aca-butterflies\train
Image_1899.jpg,COMMON WOOD-NYMPH,c:\Users\ricar\Downloads\TP2-Students\aca-butterflies\train
Image_2245.jpg,COMMON WOOD-NYMPH,c:\Users\ricar\Downloads\TP2-Students\aca-butterflies\train
Image_3733.jpg,COMMON WOOD-NYMPH,c:\Users\ricar\Downloads\TP2-Students\aca-butterflies\train
Image_3995.jpg,COMMON WOOD-NYMPH,c:\Users\ricar\Downloads\TP2-Students\aca-butterflies\train
Image_1383.jpg,COMMON WOOD-NYMPH,c:\Users\ricar\Downloads\TP2-Students\aca-butterflies\train
Image_2221.jpg,COMMON WOOD-NYMPH,c:\Users\ricar\Downloads\TP2-Students\aca-butterflies\train
Image_2163.jpg,COMMON WOOD-NYMPH,c:\Users\ricar\Downloads\TP2-Students\aca-butterflies\train
Image_4639.jpg,COMMON WOOD-NYMPH,c:\Users\ricar\Downloads\TP2-Students\aca-butterflies\train
Image_4650.jpg,COMMON WOOD-NYMPH,c:\Users\ricar\Downloads\TP2-Students\aca-butterflies\train
Image_3576.jpg,COMMON WOOD-NYMPH,c:\Users\ricar\Downloads\TP2-Students\aca-butterflies\train
Image_2898.jpg,COMMON WOOD-NYMPH,c:\Users\ricar\Downloads\TP2-Students\aca-butterflies\train
Image_1526.jpg,COMMON WOOD-NYMPH,c:\Users\ricar\Downloads\TP2-Students\aca-butterflies\train
Image_4336.jpg,COMMON WOOD-NYMPH,c:\Users\ricar\Downloads\TP2-Students\aca-butterflies\train
Image_3264.jpg,COMMON WOOD-NYMPH,c:\Users\ricar\Downloads\TP2-Students\aca-butterflies\train
Image_1421.jpg,COMMON WOOD-NYMPH,c:\Users\ricar\Downloads\TP2-Students\aca-butterflies\train
Image_4123.jpg,COMMON WOOD-NYMPH,c:\Users\ricar\Downloads\TP2-Students\aca-butterflies\train
Image_4165.jpg,COMMON WOOD-NYMPH,c:\Users\ricar\Downloads\TP2-Students\aca-butterflies\train
Image_3858.jpg,COMMON WOOD-NYMPH,c:\Users\ricar\Downloads\TP2-Students\aca-butterflies\train
Image_4681.jpg,COMMON WOOD-NYMPH,c:\Users\ricar\Downloads\TP2-Students\aca-butterflies\train
Image_402.jpg,COMMON WOOD-NYMPH,c:\Users\ricar\Downloads\TP2-Students\aca-butterflies\train
Image_4067.jpg,COMMON WOOD-NYMPH,c:\Users\ricar\Downloads\TP2-Students\aca-butterflies\train
Image_1128.jpg,COMMON WOOD-NYMPH,c:\Users\ricar\Downloads\TP2-Students\aca-butterflies\train
Image_3993.jpg,COMMON WOOD-NYMPH,c:\Users\ricar\Downloads\TP2-Students\aca-butterflies\train
Image_4561.jpg,COMMON WOOD-NYMPH,c:\Users\ricar\Downloads\TP2-Students\aca-butterflies\train
Image_1359.jpg,COMMON WOOD-NYMPH,c:\Users\ricar\Downloads\TP2-Students\aca-butterflies\train
Image_3627.jpg,COMMON WOOD-NYMPH,c:\Users\ricar\Downloads\TP2-Students\aca-butterflies\train
Image_4564.jpg,COMMON WOOD-NYMPH,c:\Users\ricar\Downloads\TP2-Students\aca-butterflies\train
Image_2043.jpg,COMMON WOOD-NYMPH,c:\Users\ricar\Downloads\TP2-Students\aca-butterflies\train
Image_1630.jpg,COMMON WOOD-NYMPH,c:\Users\ricar\Downloads\TP2-Students\aca-butterflies\train
Image_4174.jpg,COMMON WOOD-NYMPH,c:\Users\ricar\Downloads\TP2-Students\aca-butterflies\train
Image_5154.jpg,COMMON WOOD-NYMPH,c:\Users\ricar\Downloads\TP2-Students\aca-butterflies\train
Image_1995.jpg,COMMON WOOD-NYMPH,c:\Users\ricar\Downloads\TP2-Students\aca-butterflies\train
Image_667.jpg,COMMON WOOD-NYMPH,c:\Users\ricar\Downloads\TP2-Students\aca-butterflies\train
Image_978.jpg,COMMON WOOD-NYMPH,c:\Users\ricar\Downloads\TP2-Students\aca-butterflies\train
Image_1304.jpg,COMMON WOOD-NYMPH,c:\Users\ricar\Downloads\TP2-Students\aca-butterflies\train
Image_327.jpg,COMMON WOOD-NYMPH,c:\Users\ricar\Downloads\TP2-Students\aca-butterflies\train
Image_4972.jpg,COPPER TAIL,c:\Users\ricar\Downloads\TP2-Students\aca-butterflies\train
Image_1347.jpg,COPPER TAIL,c:\Users\ricar\Downloads\TP2-Students\aca-butterflies\train
Image_3772.jpg,COPPER TAIL,c:\Users\ricar\Downloads\TP2-Students\aca-butterflies\train
Image_1945.jpg,COPPER TAIL,c:\Users\ricar\Downloads\TP2-Students\aca-butterflies\train
Image_4711.jpg,COPPER TAIL,c:\Users\ricar\Downloads\TP2-Students\aca-butterflies\train
Image_3918.jpg,COPPER TAIL,c:\Users\ricar\Downloads\TP2-Students\aca-butterflies\train
Image_4866.jpg,COPPER TAIL,c:\Users\ricar\Downloads\TP2-Students\aca-butterflies\train
Image_3196.jpg,COPPER TAIL,c:\Users\ricar\Downloads\TP2-Students\aca-butterflies\train
Image_2042.jpg,COPPER TAIL,c:\Users\ricar\Downloads\TP2-Students\aca-butterflies\train
Image_1809.jpg,COPPER TAIL,c:\Users\ricar\Downloads\TP2-Students\aca-butterflies\train
Image_2234.jpg,COPPER TAIL,c:\Users\ricar\Downloads\TP2-Students\aca-butterflies\train
Image_4974.jpg,COPPER TAIL,c:\Users\ricar\Downloads\TP2-Students\aca-butterflies\train
Image_4296.jpg,COPPER TAIL,c:\Users\ricar\Downloads\TP2-Students\aca-butterflies\train
Image_1360.jpg,COPPER TAIL,c:\Users\ricar\Downloads\TP2-Students\aca-butterflies\train
Image_98.jpg,COPPER TAIL,c:\Users\ricar\Downloads\TP2-Students\aca-butterflies\train
Image_4670.jpg,COPPER TAIL,c:\Users\ricar\Downloads\TP2-Students\aca-butterflies\train
Image_1774.jpg,COPPER TAIL,c:\Users\ricar\Downloads\TP2-Students\aca-butterflies\train
Image_475.jpg,COPPER TAIL,c:\Users\ricar\Downloads\TP2-Students\aca-butterflies\train
Image_5176.jpg,COPPER TAIL,c:\Users\ricar\Downloads\TP2-Students\aca-butterflies\train
Image_4342.jpg,COPPER TAIL,c:\Users\ricar\Downloads\TP2-Students\aca-butterflies\train
Image_918.jpg,COPPER TAIL,c:\Users\ricar\Downloads\TP2-Students\aca-butterflies\train
Image_4765.jpg,COPPER TAIL,c:\Users\ricar\Downloads\TP2-Students\aca-butterflies\train
Image_519.jpg,COPPER TAIL,c:\Users\ricar\Downloads\TP2-Students\aca-butterflies\train
Image_1788.jpg,COPPER TAIL,c:\Users\ricar\Downloads\TP2-Students\aca-butterflies\train
Image_4390.jpg,COPPER TAIL,c:\Users\ricar\Downloads\TP2-Students\aca-butterflies\train
Image_140.jpg,COPPER TAIL,c:\Users\ricar\Downloads\TP2-Students\aca-butterflies\train
Image_322.jpg,COPPER TAIL,c:\Users\ricar\Downloads\TP2-Students\aca-butterflies\train
Image_2893.jpg,COPPER TAIL,c:\Users\ricar\Downloads\TP2-Students\aca-butterflies\train
Image_2694.jpg,COPPER TAIL,c:\Users\ricar\Downloads\TP2-Students\aca-butterflies\train
Image_4432.jpg,COPPER TAIL,c:\Users\ricar\Downloads\TP2-Students\aca-butterflies\train
Image_497.jpg,COPPER TAIL,c:\Users\ricar\Downloads\TP2-Students\aca-butterflies\train
Image_532.jpg,COPPER TAIL,c:\Users\ricar\Downloads\TP2-Students\aca-butterflies\train
Image_230.jpg,COPPER TAIL,c:\Users\ricar\Downloads\TP2-Students\aca-butterflies\train
Image_4782.jpg,COPPER TAIL,c:\Users\ricar\Downloads\TP2-Students\aca-butterflies\train
Image_299.jpg,COPPER TAIL,c:\Users\ricar\Downloads\TP2-Students\aca-butterflies\train
Image_2136.jpg,COPPER TAIL,c:\Users\ricar\Downloads\TP2-Students\aca-butterflies\train
Image_1592.jpg,COPPER TAIL,c:\Users\ricar\Downloads\TP2-Students\aca-butterflies\train
Image_4098.jpg,COPPER TAIL,c:\Users\ricar\Downloads\TP2-Students\aca-butterflies\train
Image_3810.jpg,COPPER TAIL,c:\Users\ricar\Downloads\TP2-Students\aca-butterflies\train
Image_1495.jpg,COPPER TAIL,c:\Users\ricar\Downloads\TP2-Students\aca-butterflies\train
Image_1946.jpg,COPPER TAIL,c:\Users\ricar\Downloads\TP2-Students\aca-butterflies\train
Image_5145.jpg,COPPER TAIL,c:\Users\ricar\Downloads\TP2-Students\aca-butterflies\train
Image_1114.jpg,COPPER TAIL,c:\Users\ricar\Downloads\TP2-Students\aca-butterflies\train
Image_4242.jpg,COPPER TAIL,c:\Users\ricar\Downloads\TP2-Students\aca-butterflies\train
Image_152.jpg,COPPER TAIL,c:\Users\ricar\Downloads\TP2-Students\aca-butterflies\train
Image_794.jpg,COPPER TAIL,c:\Users\ricar\Downloads\TP2-Students\aca-butterflies\train
Image_601.jpg,COPPER TAIL,c:\Users\ricar\Downloads\TP2-Students\aca-butterflies\train
Image_3660.jpg,COPPER TAIL,c:\Users\ricar\Downloads\TP2-Students\aca-butterflies\train
Image_3063.jpg,COPPER TAIL,c:\Users\ricar\Downloads\TP2-Students\aca-butterflies\train
Image_4105.jpg,COPPER TAIL,c:\Users\ricar\Downloads\TP2-Students\aca-butterflies\train
Image_4229.jpg,COPPER TAIL,c:\Users\ricar\Downloads\TP2-Students\aca-butterflies\train
Image_1616.jpg,COPPER TAIL,c:\Users\ricar\Downloads\TP2-Students\aca-butterflies\train
Image_4248.jpg,CRECENT,c:\Users\ricar\Downloads\TP2-Students\aca-butterflies\train
Image_570.jpg,CRECENT,c:\Users\ricar\Downloads\TP2-Students\aca-butterflies\train
Image_2086.jpg,CRECENT,c:\Users\ricar\Downloads\TP2-Students\aca-butterflies\train
Image_2345.jpg,CRECENT,c:\Users\ricar\Downloads\TP2-Students\aca-butterflies\train
Image_4775.jpg,CRECENT,c:\Users\ricar\Downloads\TP2-Students\aca-butterflies\train
Image_3252.jpg,CRECENT,c:\Users\ricar\Downloads\TP2-Students\aca-butterflies\train
Image_3672.jpg,CRECENT,c:\Users\ricar\Downloads\TP2-Students\aca-butterflies\train
Image_3441.jpg,CRECENT,c:\Users\ricar\Downloads\TP2-Students\aca-butterflies\train
Image_2174.jpg,CRECENT,c:\Users\ricar\Downloads\TP2-Students\aca-butterflies\train
Image_3752.jpg,CRECENT,c:\Users\ricar\Downloads\TP2-Students\aca-butterflies\train
Image_4663.jpg,CRECENT,c:\Users\ricar\Downloads\TP2-Students\aca-butterflies\train
Image_3540.jpg,CRECENT,c:\Users\ricar\Downloads\TP2-Students\aca-butterflies\train
Image_3104.jpg,CRECENT,c:\Users\ricar\Downloads\TP2-Students\aca-butterflies\train
Image_2907.jpg,CRECENT,c:\Users\ricar\Downloads\TP2-Students\aca-butterflies\train
Image_1467.jpg,CRECENT,c:\Users\ricar\Downloads\TP2-Students\aca-butterflies\train
Image_2141.jpg,CRECENT,c:\Users\ricar\Downloads\TP2-Students\aca-butterflies\train
Image_2364.jpg,CRECENT,c:\Users\ricar\Downloads\TP2-Students\aca-butterflies\train
Image_5167.jpg,CRECENT,c:\Users\ricar\Downloads\TP2-Students\aca-butterflies\train
Image_4011.jpg,CRECENT,c:\Users\ricar\Downloads\TP2-Students\aca-butterflies\train
Image_1271.jpg,CRECENT,c:\Users\ricar\Downloads\TP2-Students\aca-butterflies\train
Image_1313.jpg,CRECENT,c:\Users\ricar\Downloads\TP2-Students\aca-butterflies\train
Image_2576.jpg,CRECENT,c:\Users\ricar\Downloads\TP2-Students\aca-butterflies\train
Image_3992.jpg,CRECENT,c:\Users\ricar\Downloads\TP2-Students\aca-butterflies\train
Image_1231.jpg,CRECENT,c:\Users\ricar\Downloads\TP2-Students\aca-butterflies\train
Image_2313.jpg,CRECENT,c:\Users\ricar\Downloads\TP2-Students\aca-butterflies\train
Image_246.jpg,CRECENT,c:\Users\ricar\Downloads\TP2-Students\aca-butterflies\train
Image_2298.jpg,CRECENT,c:\Users\ricar\Downloads\TP2-Students\aca-butterflies\train
Image_4492.jpg,CRECENT,c:\Users\ricar\Downloads\TP2-Students\aca-butterflies\train
Image_3180.jpg,CRECENT,c:\Users\ricar\Downloads\TP2-Students\aca-butterflies\train
Image_79.jpg,CRECENT,c:\Users\ricar\Downloads\TP2-Students\aca-butterflies\train
Image_1587.jpg,CRECENT,c:\Users\ricar\Downloads\TP2-Students\aca-butterflies\train
Image_2357.jpg,CRECENT,c:\Users\ricar\Downloads\TP2-Students\aca-butterflies\train
Image_2278.jpg,CRECENT,c:\Users\ricar\Downloads\TP2-Students\aca-butterflies\train
Image_5048.jpg,CRECENT,c:\Users\ricar\Downloads\TP2-Students\aca-butterflies\train
Image_1836.jpg,CRECENT,c:\Users\ricar\Downloads\TP2-Students\aca-butterflies\train
Image_1437.jpg,CRECENT,c:\Users\ricar\Downloads\TP2-Students\aca-butterflies\train
Image_4958.jpg,CRECENT,c:\Users\ricar\Downloads\TP2-Students\aca-butterflies\train
Image_1569.jpg,CRECENT,c:\Users\ricar\Downloads\TP2-Students\aca-butterflies\train
Image_4629.jpg,CRECENT,c:\Users\ricar\Downloads\TP2-Students\aca-butterflies\train
Image_2342.jpg,CRECENT,c:\Users\ricar\Downloads\TP2-Students\aca-butterflies\train
Image_2137.jpg,CRECENT,c:\Users\ricar\Downloads\TP2-Students\aca-butterflies\train
Image_2497.jpg,CRECENT,c:\Users\ricar\Downloads\TP2-Students\aca-butterflies\train
Image_4838.jpg,CRECENT,c:\Users\ricar\Downloads\TP2-Students\aca-butterflies\train
Image_1915.jpg,CRECENT,c:\Users\ricar\Downloads\TP2-Students\aca-butterflies\train
Image_4669.jpg,CRECENT,c:\Users\ricar\Downloads\TP2-Students\aca-butterflies\train
Image_897.jpg,CRECENT,c:\Users\ricar\Downloads\TP2-Students\aca-butterflies\train
Image_3013.jpg,CRECENT,c:\Users\ricar\Downloads\TP2-Students\aca-butterflies\train
Image_1500.jpg,CRECENT,c:\Users\ricar\Downloads\TP2-Students\aca-butterflies\train
Image_186.jpg,CRECENT,c:\Users\ricar\Downloads\TP2-Students\aca-butterflies\train
Image_488.jpg,CRECENT,c:\Users\ricar\Downloads\TP2-Students\aca-butterflies\train
Image_2312.jpg,CRECENT,c:\Users\ricar\Downloads\TP2-Students\aca-butterflies\train
Image_2400.jpg,CRECENT,c:\Users\ricar\Downloads\TP2-Students\aca-butterflies\train
Image_3308.jpg,CRECENT,c:\Users\ricar\Downloads\TP2-Students\aca-butterflies\train
Image_1518.jpg,CRIMSON PATCH,c:\Users\ricar\Downloads\TP2-Students\aca-butterflies\train
Image_4458.jpg,CRIMSON PATCH,c:\Users\ricar\Downloads\TP2-Students\aca-butterflies\train
Image_2662.jpg,CRIMSON PATCH,c:\Users\ricar\Downloads\TP2-Students\aca-butterflies\train
Image_4810.jpg,CRIMSON PATCH,c:\Users\ricar\Downloads\TP2-Students\aca-butterflies\train
Image_2219.jpg,CRIMSON PATCH,c:\Users\ricar\Downloads\TP2-Students\aca-butterflies\train
Image_4571.jpg,CRIMSON PATCH,c:\Users\ricar\Downloads\TP2-Students\aca-butterflies\train
Image_2931.jpg,CRIMSON PATCH,c:\Users\ricar\Downloads\TP2-Students\aca-butterflies\train
Image_4700.jpg,CRIMSON PATCH,c:\Users\ricar\Downloads\TP2-Students\aca-butterflies\train
Image_5047.jpg,CRIMSON PATCH,c:\Users\ricar\Downloads\TP2-Students\aca-butterflies\train
Image_3526.jpg,CRIMSON PATCH,c:\Users\ricar\Downloads\TP2-Students\aca-butterflies\train
Image_4549.jpg,CRIMSON PATCH,c:\Users\ricar\Downloads\TP2-Students\aca-butterflies\train
Image_1103.jpg,CRIMSON PATCH,c:\Users\ricar\Downloads\TP2-Students\aca-butterflies\train
Image_2846.jpg,CRIMSON PATCH,c:\Users\ricar\Downloads\TP2-Students\aca-butterflies\train
Image_352.jpg,CRIMSON PATCH,c:\Users\ricar\Downloads\TP2-Students\aca-butterflies\train
Image_305.jpg,CRIMSON PATCH,c:\Users\ricar\Downloads\TP2-Students\aca-butterflies\train
Image_4018.jpg,CRIMSON PATCH,c:\Users\ricar\Downloads\TP2-Students\aca-butterflies\train
Image_4603.jpg,CRIMSON PATCH,c:\Users\ricar\Downloads\TP2-Students\aca-butterflies\train
Image_1369.jpg,CRIMSON PATCH,c:\Users\ricar\Downloads\TP2-Students\aca-butterflies\train
Image_115.jpg,CRIMSON PATCH,c:\Users\ricar\Downloads\TP2-Students\aca-butterflies\train
Image_4282.jpg,CRIMSON PATCH,c:\Users\ricar\Downloads\TP2-Students\aca-butterflies\train
Image_4925.jpg,CRIMSON PATCH,c:\Users\ricar\Downloads\TP2-Students\aca-butterflies\train
Image_60.jpg,CRIMSON PATCH,c:\Users\ricar\Downloads\TP2-Students\aca-butterflies\train
Image_2592.jpg,CRIMSON PATCH,c:\Users\ricar\Downloads\TP2-Students\aca-butterflies\train
Image_2031.jpg,CRIMSON PATCH,c:\Users\ricar\Downloads\TP2-Students\aca-butterflies\train
Image_4623.jpg,CRIMSON PATCH,c:\Users\ricar\Downloads\TP2-Students\aca-butterflies\train
Image_1615.jpg,CRIMSON PATCH,c:\Users\ricar\Downloads\TP2-Students\aca-butterflies\train
Image_4622.jpg,CRIMSON PATCH,c:\Users\ricar\Downloads\TP2-Students\aca-butterflies\train
Image_4003.jpg,CRIMSON PATCH,c:\Users\ricar\Downloads\TP2-Students\aca-butterflies\train
Image_4580.jpg,CRIMSON PATCH,c:\Users\ricar\Downloads\TP2-Students\aca-butterflies\train
Image_3679.jpg,CRIMSON PATCH,c:\Users\ricar\Downloads\TP2-Students\aca-butterflies\train
Image_3761.jpg,CRIMSON PATCH,c:\Users\ricar\Downloads\TP2-Students\aca-butterflies\train
Image_3293.jpg,CRIMSON PATCH,c:\Users\ricar\Downloads\TP2-Students\aca-butterflies\train
Image_3456.jpg,CRIMSON PATCH,c:\Users\ricar\Downloads\TP2-Students\aca-butterflies\train
Image_3253.jpg,CRIMSON PATCH,c:\Users\ricar\Downloads\TP2-Students\aca-butterflies\train
Image_2797.jpg,CRIMSON PATCH,c:\Users\ricar\Downloads\TP2-Students\aca-butterflies\train
Image_453.jpg,CRIMSON PATCH,c:\Users\ricar\Downloads\TP2-Students\aca-butterflies\train
Image_114.jpg,CRIMSON PATCH,c:\Users\ricar\Downloads\TP2-Students\aca-butterflies\train
Image_1558.jpg,CRIMSON PATCH,c:\Users\ricar\Downloads\TP2-Students\aca-butterflies\train
Image_5.jpg,CRIMSON PATCH,c:\Users\ricar\Downloads\TP2-Students\aca-butterflies\train
Image_2377.jpg,CRIMSON PATCH,c:\Users\ricar\Downloads\TP2-Students\aca-butterflies\train
Image_3230.jpg,DANAID EGGFLY,c:\Users\ricar\Downloads\TP2-Students\aca-butterflies\train
Image_2068.jpg,DANAID EGGFLY,c:\Users\ricar\Downloads\TP2-Students\aca-butterflies\train
Image_2075.jpg,DANAID EGGFLY,c:\Users\ricar\Downloads\TP2-Students\aca-butterflies\train
Image_4613.jpg,DANAID EGGFLY,c:\Users\ricar\Downloads\TP2-Students\aca-butterflies\train
Image_4220.jpg,DANAID EGGFLY,c:\Users\ricar\Downloads\TP2-Students\aca-butterflies\train
Image_397.jpg,DANAID EGGFLY,c:\Users\ricar\Downloads\TP2-Students\aca-butterflies\train
Image_4609.jpg,DANAID EGGFLY,c:\Users\ricar\Downloads\TP2-Students\aca-butterflies\train
Image_873.jpg,DANAID EGGFLY,c:\Users\ricar\Downloads\TP2-Students\aca-butterflies\train
Image_1062.jpg,DANAID EGGFLY,c:\Users\ricar\Downloads\TP2-Students\aca-butterflies\train
Image_1779.jpg,DANAID EGGFLY,c:\Users\ricar\Downloads\TP2-Students\aca-butterflies\train
Image_4918.jpg,DANAID EGGFLY,c:\Users\ricar\Downloads\TP2-Students\aca-butterflies\train
Image_1892.jpg,DANAID EGGFLY,c:\Users\ricar\Downloads\TP2-Students\aca-butterflies\train
Image_1561.jpg,DANAID EGGFLY,c:\Users\ricar\Downloads\TP2-Students\aca-butterflies\train
Image_1118.jpg,DANAID EGGFLY,c:\Users\ricar\Downloads\TP2-Students\aca-butterflies\train
Image_2695.jpg,DANAID EGGFLY,c:\Users\ricar\Downloads\TP2-Students\aca-butterflies\train
Image_678.jpg,DANAID EGGFLY,c:\Users\ricar\Downloads\TP2-Students\aca-butterflies\train
Image_548.jpg,DANAID EGGFLY,c:\Users\ricar\Downloads\TP2-Students\aca-butterflies\train
Image_826.jpg,DANAID EGGFLY,c:\Users\ricar\Downloads\TP2-Students\aca-butterflies\train
Image_2504.jpg,DANAID EGGFLY,c:\Users\ricar\Downloads\TP2-Students\aca-butterflies\train
Image_750.jpg,DANAID EGGFLY,c:\Users\ricar\Downloads\TP2-Students\aca-butterflies\train
Image_3573.jpg,DANAID EGGFLY,c:\Users\ricar\Downloads\TP2-Students\aca-butterflies\train
Image_4120.jpg,DANAID EGGFLY,c:\Users\ricar\Downloads\TP2-Students\aca-butterflies\train
Image_4986.jpg,DANAID EGGFLY,c:\Users\ricar\Downloads\TP2-Students\aca-butterflies\train
Image_2732.jpg,DANAID EGGFLY,c:\Users\ricar\Downloads\TP2-Students\aca-butterflies\train
Image_3821.jpg,DANAID EGGFLY,c:\Users\ricar\Downloads\TP2-Students\aca-butterflies\train
Image_4714.jpg,DANAID EGGFLY,c:\Users\ricar\Downloads\TP2-Students\aca-butterflies\train
Image_1164.jpg,DANAID EGGFLY,c:\Users\ricar\Downloads\TP2-Students\aca-butterflies\train
Image_1024.jpg,DANAID EGGFLY,c:\Users\ricar\Downloads\TP2-Students\aca-butterflies\train
Image_1002.jpg,DANAID EGGFLY,c:\Users\ricar\Downloads\TP2-Students\aca-butterflies\train
Image_2946.jpg,DANAID EGGFLY,c:\Users\ricar\Downloads\TP2-Students\aca-butterflies\train
Image_1622.jpg,DANAID EGGFLY,c:\Users\ricar\Downloads\TP2-Students\aca-butterflies\train
Image_1469.jpg,DANAID EGGFLY,c:\Users\ricar\Downloads\TP2-Students\aca-butterflies\train
Image_1684.jpg,DANAID EGGFLY,c:\Users\ricar\Downloads\TP2-Students\aca-butterflies\train
Image_4288.jpg,DANAID EGGFLY,c:\Users\ricar\Downloads\TP2-Students\aca-butterflies\train
Image_5039.jpg,DANAID EGGFLY,c:\Users\ricar\Downloads\TP2-Students\aca-butterflies\train
Image_4770.jpg,DANAID EGGFLY,c:\Users\ricar\Downloads\TP2-Students\aca-butterflies\train
Image_652.jpg,DANAID EGGFLY,c:\Users\ricar\Downloads\TP2-Students\aca-butterflies\train
Image_2530.jpg,DANAID EGGFLY,c:\Users\ricar\Downloads\TP2-Students\aca-butterflies\train
Image_2507.jpg,DANAID EGGFLY,c:\Users\ricar\Downloads\TP2-Students\aca-butterflies\train
Image_543.jpg,DANAID EGGFLY,c:\Users\ricar\Downloads\TP2-Students\aca-butterflies\train
Image_4668.jpg,DANAID EGGFLY,c:\Users\ricar\Downloads\TP2-Students\aca-butterflies\train
Image_2514.jpg,DANAID EGGFLY,c:\Users\ricar\Downloads\TP2-Students\aca-butterflies\train
Image_3942.jpg,DANAID EGGFLY,c:\Users\ricar\Downloads\TP2-Students\aca-butterflies\train
Image_4614.jpg,DANAID EGGFLY,c:\Users\ricar\Downloads\TP2-Students\aca-butterflies\train
Image_906.jpg,DANAID EGGFLY,c:\Users\ricar\Downloads\TP2-Students\aca-butterflies\train
Image_1770.jpg,DANAID EGGFLY,c:\Users\ricar\Downloads\TP2-Students\aca-butterflies\train
Image_4660.jpg,DANAID EGGFLY,c:\Users\ricar\Downloads\TP2-Students\aca-butterflies\train
Image_4451.jpg,DANAID EGGFLY,c:\Users\ricar\Downloads\TP2-Students\aca-butterflies\train
Image_3925.jpg,DANAID EGGFLY,c:\Users\ricar\Downloads\TP2-Students\aca-butterflies\train
Image_4398.jpg,DANAID EGGFLY,c:\Users\ricar\Downloads\TP2-Students\aca-butterflies\train
Image_3436.jpg,DANAID EGGFLY,c:\Users\ricar\Downloads\TP2-Students\aca-butterflies\train
Image_293.jpg,DANAID EGGFLY,c:\Users\ricar\Downloads\TP2-Students\aca-butterflies\train
Image_3108.jpg,EASTERN COMA,c:\Users\ricar\Downloads\TP2-Students\aca-butterflies\train
Image_1354.jpg,EASTERN COMA,c:\Users\ricar\Downloads\TP2-Students\aca-butterflies\train
Image_4397.jpg,EASTERN COMA,c:\Users\ricar\Downloads\TP2-Students\aca-butterflies\train
Image_340.jpg,EASTERN COMA,c:\Users\ricar\Downloads\TP2-Students\aca-butterflies\train
Image_4575.jpg,EASTERN COMA,c:\Users\ricar\Downloads\TP2-Students\aca-butterflies\train
Image_206.jpg,EASTERN COMA,c:\Users\ricar\Downloads\TP2-Students\aca-butterflies\train
Image_3283.jpg,EASTERN COMA,c:\Users\ricar\Downloads\TP2-Students\aca-butterflies\train
Image_5089.jpg,EASTERN COMA,c:\Users\ricar\Downloads\TP2-Students\aca-butterflies\train
Image_3881.jpg,EASTERN COMA,c:\Users\ricar\Downloads\TP2-Students\aca-butterflies\train
Image_700.jpg,EASTERN COMA,c:\Users\ricar\Downloads\TP2-Students\aca-butterflies\train
Image_2816.jpg,EASTERN COMA,c:\Users\ricar\Downloads\TP2-Students\aca-butterflies\train
Image_1170.jpg,EASTERN COMA,c:\Users\ricar\Downloads\TP2-Students\aca-butterflies\train
Image_3198.jpg,EASTERN COMA,c:\Users\ricar\Downloads\TP2-Students\aca-butterflies\train
Image_1679.jpg,EASTERN COMA,c:\Users\ricar\Downloads\TP2-Students\aca-butterflies\train
Image_1958.jpg,EASTERN COMA,c:\Users\ricar\Downloads\TP2-Students\aca-butterflies\train
Image_3133.jpg,EASTERN COMA,c:\Users\ricar\Downloads\TP2-Students\aca-butterflies\train
Image_4009.jpg,EASTERN COMA,c:\Users\ricar\Downloads\TP2-Students\aca-butterflies\train
Image_3508.jpg,EASTERN COMA,c:\Users\ricar\Downloads\TP2-Students\aca-butterflies\train
Image_3073.jpg,EASTERN COMA,c:\Users\ricar\Downloads\TP2-Students\aca-butterflies\train
Image_2795.jpg,EASTERN COMA,c:\Users\ricar\Downloads\TP2-Students\aca-butterflies\train
Image_3041.jpg,EASTERN COMA,c:\Users\ricar\Downloads\TP2-Students\aca-butterflies\train
Image_390.jpg,EASTERN COMA,c:\Users\ricar\Downloads\TP2-Students\aca-butterflies\train
Image_569.jpg,EASTERN COMA,c:\Users\ricar\Downloads\TP2-Students\aca-butterflies\train
Image_685.jpg,EASTERN COMA,c:\Users\ricar\Downloads\TP2-Students\aca-butterflies\train
Image_1291.jpg,EASTERN COMA,c:\Users\ricar\Downloads\TP2-Students\aca-butterflies\train
Image_2077.jpg,EASTERN COMA,c:\Users\ricar\Downloads\TP2-Students\aca-butterflies\train
Image_4952.jpg,EASTERN COMA,c:\Users\ricar\Downloads\TP2-Students\aca-butterflies\train
Image_4000.jpg,EASTERN COMA,c:\Users\ricar\Downloads\TP2-Students\aca-butterflies\train
Image_4459.jpg,EASTERN COMA,c:\Users\ricar\Downloads\TP2-Students\aca-butterflies\train
Image_681.jpg,EASTERN COMA,c:\Users\ricar\Downloads\TP2-Students\aca-butterflies\train
Image_1038.jpg,EASTERN COMA,c:\Users\ricar\Downloads\TP2-Students\aca-butterflies\train
Image_3837.jpg,EASTERN COMA,c:\Users\ricar\Downloads\TP2-Students\aca-butterflies\train
Image_996.jpg,EASTERN COMA,c:\Users\ricar\Downloads\TP2-Students\aca-butterflies\train
Image_2445.jpg,EASTERN COMA,c:\Users\ricar\Downloads\TP2-Students\aca-butterflies\train
Image_554.jpg,EASTERN COMA,c:\Users\ricar\Downloads\TP2-Students\aca-butterflies\train
Image_2225.jpg,EASTERN COMA,c:\Users\ricar\Downloads\TP2-Students\aca-butterflies\train
Image_4579.jpg,EASTERN COMA,c:\Users\ricar\Downloads\TP2-Students\aca-butterflies\train
Image_2492.jpg,EASTERN COMA,c:\Users\ricar\Downloads\TP2-Students\aca-butterflies\train
Image_4388.jpg,EASTERN COMA,c:\Users\ricar\Downloads\TP2-Students\aca-butterflies\train
Image_2715.jpg,EASTERN COMA,c:\Users\ricar\Downloads\TP2-Students\aca-butterflies\train
Image_1235.jpg,EASTERN COMA,c:\Users\ricar\Downloads\TP2-Students\aca-butterflies\train
Image_2550.jpg,EASTERN COMA,c:\Users\ricar\Downloads\TP2-Students\aca-butterflies\train
Image_2781.jpg,EASTERN COMA,c:\Users\ricar\Downloads\TP2-Students\aca-butterflies\train
Image_1758.jpg,EASTERN COMA,c:\Users\ricar\Downloads\TP2-Students\aca-butterflies\train
Image_4592.jpg,EASTERN COMA,c:\Users\ricar\Downloads\TP2-Students\aca-butterflies\train
Image_1390.jpg,EASTERN COMA,c:\Users\ricar\Downloads\TP2-Students\aca-butterflies\train
Image_930.jpg,EASTERN COMA,c:\Users\ricar\Downloads\TP2-Students\aca-butterflies\train
Image_4410.jpg,EASTERN COMA,c:\Users\ricar\Downloads\TP2-Students\aca-butterflies\train
Image_2010.jpg,EASTERN COMA,c:\Users\ricar\Downloads\TP2-Students\aca-butterflies\train
Image_4494.jpg,EASTERN COMA,c:\Users\ricar\Downloads\TP2-Students\aca-butterflies\train
Image_486.jpg,EASTERN COMA,c:\Users\ricar\Downloads\TP2-Students\aca-butterflies\train
Image_4306.jpg,EASTERN DAPPLE WHITE,c:\Users\ricar\Downloads\TP2-Students\aca-butterflies\train
Image_965.jpg,EASTERN DAPPLE WHITE,c:\Users\ricar\Downloads\TP2-Students\aca-butterflies\train
Image_5004.jpg,EASTERN DAPPLE WHITE,c:\Users\ricar\Downloads\TP2-Students\aca-butterflies\train
Image_5070.jpg,EASTERN DAPPLE WHITE,c:\Users\ricar\Downloads\TP2-Students\aca-butterflies\train
Image_2549.jpg,EASTERN DAPPLE WHITE,c:\Users\ricar\Downloads\TP2-Students\aca-butterflies\train
Image_1173.jpg,EASTERN DAPPLE WHITE,c:\Users\ricar\Downloads\TP2-Students\aca-butterflies\train
Image_4235.jpg,EASTERN DAPPLE WHITE,c:\Users\ricar\Downloads\TP2-Students\aca-butterflies\train
Image_4572.jpg,EASTERN DAPPLE WHITE,c:\Users\ricar\Downloads\TP2-Students\aca-butterflies\train
Image_939.jpg,EASTERN DAPPLE WHITE,c:\Users\ricar\Downloads\TP2-Students\aca-butterflies\train
Image_2382.jpg,EASTERN DAPPLE WHITE,c:\Users\ricar\Downloads\TP2-Students\aca-butterflies\train
Image_3625.jpg,EASTERN DAPPLE WHITE,c:\Users\ricar\Downloads\TP2-Students\aca-butterflies\train
Image_3867.jpg,EASTERN DAPPLE WHITE,c:\Users\ricar\Downloads\TP2-Students\aca-butterflies\train
Image_2785.jpg,EASTERN DAPPLE WHITE,c:\Users\ricar\Downloads\TP2-Students\aca-butterflies\train
Image_3062.jpg,EASTERN DAPPLE WHITE,c:\Users\ricar\Downloads\TP2-Students\aca-butterflies\train
Image_2238.jpg,EASTERN DAPPLE WHITE,c:\Users\ricar\Downloads\TP2-Students\aca-butterflies\train
Image_2852.jpg,EASTERN DAPPLE WHITE,c:\Users\ricar\Downloads\TP2-Students\aca-butterflies\train
Image_3674.jpg,EASTERN DAPPLE WHITE,c:\Users\ricar\Downloads\TP2-Students\aca-butterflies\train
Image_80.jpg,EASTERN DAPPLE WHITE,c:\Users\ricar\Downloads\TP2-Students\aca-butterflies\train
Image_5022.jpg,EASTERN DAPPLE WHITE,c:\Users\ricar\Downloads\TP2-Students\aca-butterflies\train
Image_2638.jpg,EASTERN DAPPLE WHITE,c:\Users\ricar\Downloads\TP2-Students\aca-butterflies\train
Image_3280.jpg,EASTERN DAPPLE WHITE,c:\Users\ricar\Downloads\TP2-Students\aca-butterflies\train
Image_202.jpg,EASTERN DAPPLE WHITE,c:\Users\ricar\Downloads\TP2-Students\aca-butterflies\train
Image_3831.jpg,EASTERN DAPPLE WHITE,c:\Users\ricar\Downloads\TP2-Students\aca-butterflies\train
Image_364.jpg,EASTERN DAPPLE WHITE,c:\Users\ricar\Downloads\TP2-Students\aca-butterflies\train
Image_864.jpg,EASTERN DAPPLE WHITE,c:\Users\ricar\Downloads\TP2-Students\aca-butterflies\train
Image_3959.jpg,EASTERN DAPPLE WHITE,c:\Users\ricar\Downloads\TP2-Students\aca-butterflies\train
Image_5011.jpg,EASTERN DAPPLE WHITE,c:\Users\ricar\Downloads\TP2-Students\aca-butterflies\train
Image_1847.jpg,EASTERN DAPPLE WHITE,c:\Users\ricar\Downloads\TP2-Students\aca-butterflies\train
Image_4546.jpg,EASTERN DAPPLE WHITE,c:\Users\ricar\Downloads\TP2-Students\aca-butterflies\train
Image_4089.jpg,EASTERN DAPPLE WHITE,c:\Users\ricar\Downloads\TP2-Students\aca-butterflies\train
Image_1396.jpg,EASTERN DAPPLE WHITE,c:\Users\ricar\Downloads\TP2-Students\aca-butterflies\train
Image_2421.jpg,EASTERN DAPPLE WHITE,c:\Users\ricar\Downloads\TP2-Students\aca-butterflies\train
Image_3006.jpg,EASTERN DAPPLE WHITE,c:\Users\ricar\Downloads\TP2-Students\aca-butterflies\train
Image_3284.jpg,EASTERN DAPPLE WHITE,c:\Users\ricar\Downloads\TP2-Students\aca-butterflies\train
Image_2207.jpg,EASTERN DAPPLE WHITE,c:\Users\ricar\Downloads\TP2-Students\aca-butterflies\train
Image_251.jpg,EASTERN DAPPLE WHITE,c:\Users\ricar\Downloads\TP2-Students\aca-butterflies\train
Image_3639.jpg,EASTERN DAPPLE WHITE,c:\Users\ricar\Downloads\TP2-Students\aca-butterflies\train
Image_1481.jpg,EASTERN DAPPLE WHITE,c:\Users\ricar\Downloads\TP2-Students\aca-butterflies\train
Image_4371.jpg,EASTERN DAPPLE WHITE,c:\Users\ricar\Downloads\TP2-Students\aca-butterflies\train
Image_3326.jpg,EASTERN DAPPLE WHITE,c:\Users\ricar\Downloads\TP2-Students\aca-butterflies\train
Image_2131.jpg,EASTERN DAPPLE WHITE,c:\Users\ricar\Downloads\TP2-Students\aca-butterflies\train
Image_1214.jpg,EASTERN DAPPLE WHITE,c:\Users\ricar\Downloads\TP2-Students\aca-butterflies\train
Image_2954.jpg,EASTERN DAPPLE WHITE,c:\Users\ricar\Downloads\TP2-Students\aca-butterflies\train
Image_2763.jpg,EASTERN DAPPLE WHITE,c:\Users\ricar\Downloads\TP2-Students\aca-butterflies\train
Image_363.jpg,EASTERN DAPPLE WHITE,c:\Users\ricar\Downloads\TP2-Students\aca-butterflies\train
Image_3068.jpg,EASTERN DAPPLE WHITE,c:\Users\ricar\Downloads\TP2-Students\aca-butterflies\train
Image_4832.jpg,EASTERN DAPPLE WHITE,c:\Users\ricar\Downloads\TP2-Students\aca-butterflies\train
Image_4263.jpg,EASTERN DAPPLE WHITE,c:\Users\ricar\Downloads\TP2-Students\aca-butterflies\train
Image_134.jpg,EASTERN DAPPLE WHITE,c:\Users\ricar\Downloads\TP2-Students\aca-butterflies\train
Image_1551.jpg,EASTERN DAPPLE WHITE,c:\Users\ricar\Downloads\TP2-Students\aca-butterflies\train
Image_4485.jpg,EASTERN DAPPLE WHITE,c:\Users\ricar\Downloads\TP2-Students\aca-butterflies\train
Image_34.jpg,EASTERN PINE ELFIN,c:\Users\ricar\Downloads\TP2-Students\aca-butterflies\train
Image_333.jpg,EASTERN PINE ELFIN,c:\Users\ricar\Downloads\TP2-Students\aca-butterflies\train
Image_4491.jpg,EASTERN PINE ELFIN,c:\Users\ricar\Downloads\TP2-Students\aca-butterflies\train
Image_763.jpg,EASTERN PINE ELFIN,c:\Users\ricar\Downloads\TP2-Students\aca-butterflies\train
Image_2917.jpg,EASTERN PINE ELFIN,c:\Users\ricar\Downloads\TP2-Students\aca-butterflies\train
Image_1708.jpg,EASTERN PINE ELFIN,c:\Users\ricar\Downloads\TP2-Students\aca-butterflies\train
Image_96.jpg,EASTERN PINE ELFIN,c:\Users\ricar\Downloads\TP2-Students\aca-butterflies\train
Image_2376.jpg,EASTERN PINE ELFIN,c:\Users\ricar\Downloads\TP2-Students\aca-butterflies\train
Image_2652.jpg,EASTERN PINE ELFIN,c:\Users\ricar\Downloads\TP2-Students\aca-butterflies\train
Image_3545.jpg,EASTERN PINE ELFIN,c:\Users\ricar\Downloads\TP2-Students\aca-butterflies\train
Image_4851.jpg,EASTERN PINE ELFIN,c:\Users\ricar\Downloads\TP2-Students\aca-butterflies\train
Image_4121.jpg,EASTERN PINE ELFIN,c:\Users\ricar\Downloads\TP2-Students\aca-butterflies\train
Image_709.jpg,EASTERN PINE ELFIN,c:\Users\ricar\Downloads\TP2-Students\aca-butterflies\train
Image_3594.jpg,EASTERN PINE ELFIN,c:\Users\ricar\Downloads\TP2-Students\aca-butterflies\train
Image_1357.jpg,EASTERN PINE ELFIN,c:\Users\ricar\Downloads\TP2-Students\aca-butterflies\train
Image_5149.jpg,EASTERN PINE ELFIN,c:\Users\ricar\Downloads\TP2-Students\aca-butterflies\train
Image_1398.jpg,EASTERN PINE ELFIN,c:\Users\ricar\Downloads\TP2-Students\aca-butterflies\train
Image_2705.jpg,EASTERN PINE ELFIN,c:\Users\ricar\Downloads\TP2-Students\aca-butterflies\train
Image_798.jpg,EASTERN PINE ELFIN,c:\Users\ricar\Downloads\TP2-Students\aca-butterflies\train
Image_3527.jpg,EASTERN PINE ELFIN,c:\Users\ricar\Downloads\TP2-Students\aca-butterflies\train
Image_647.jpg,EASTERN PINE ELFIN,c:\Users\ricar\Downloads\TP2-Students\aca-butterflies\train
Image_3744.jpg,EASTERN PINE ELFIN,c:\Users\ricar\Downloads\TP2-Students\aca-butterflies\train
Image_466.jpg,EASTERN PINE ELFIN,c:\Users\ricar\Downloads\TP2-Students\aca-butterflies\train
Image_3490.jpg,EASTERN PINE ELFIN,c:\Users\ricar\Downloads\TP2-Students\aca-butterflies\train
Image_4453.jpg,EASTERN PINE ELFIN,c:\Users\ricar\Downloads\TP2-Students\aca-butterflies\train
Image_1333.jpg,EASTERN PINE ELFIN,c:\Users\ricar\Downloads\TP2-Students\aca-butterflies\train
Image_1586.jpg,EASTERN PINE ELFIN,c:\Users\ricar\Downloads\TP2-Students\aca-butterflies\train
Image_2803.jpg,EASTERN PINE ELFIN,c:\Users\ricar\Downloads\TP2-Students\aca-butterflies\train
Image_86.jpg,EASTERN PINE ELFIN,c:\Users\ricar\Downloads\TP2-Students\aca-butterflies\train
Image_5027.jpg,EASTERN PINE ELFIN,c:\Users\ricar\Downloads\TP2-Students\aca-butterflies\train
Image_2758.jpg,EASTERN PINE ELFIN,c:\Users\ricar\Downloads\TP2-Students\aca-butterflies\train
Image_157.jpg,EASTERN PINE ELFIN,c:\Users\ricar\Downloads\TP2-Students\aca-butterflies\train
Image_2791.jpg,EASTERN PINE ELFIN,c:\Users\ricar\Downloads\TP2-Students\aca-butterflies\train
Image_437.jpg,EASTERN PINE ELFIN,c:\Users\ricar\Downloads\TP2-Students\aca-butterflies\train
Image_1115.jpg,EASTERN PINE ELFIN,c:\Users\ricar\Downloads\TP2-Students\aca-butterflies\train
Image_1277.jpg,EASTERN PINE ELFIN,c:\Users\ricar\Downloads\TP2-Students\aca-butterflies\train
Image_2145.jpg,EASTERN PINE ELFIN,c:\Users\ricar\Downloads\TP2-Students\aca-butterflies\train
Image_621.jpg,EASTERN PINE ELFIN,c:\Users\ricar\Downloads\TP2-Students\aca-butterflies\train
Image_4573.jpg,EASTERN PINE ELFIN,c:\Users\ricar\Downloads\TP2-Students\aca-butterflies\train
Image_1740.jpg,EASTERN PINE ELFIN,c:\Users\ricar\Downloads\TP2-Students\aca-butterflies\train
Image_1073.jpg,EASTERN PINE ELFIN,c:\Users\ricar\Downloads\TP2-Students\aca-butterflies\train
Image_746.jpg,EASTERN PINE ELFIN,c:\Users\ricar\Downloads\TP2-Students\aca-butterflies\train
Image_891.jpg,EASTERN PINE ELFIN,c:\Users\ricar\Downloads\TP2-Students\aca-butterflies\train
Image_442.jpg,EASTERN PINE ELFIN,c:\Users\ricar\Downloads\TP2-Students\aca-butterflies\train
Image_504.jpg,EASTERN PINE ELFIN,c:\Users\ricar\Downloads\TP2-Students\aca-butterflies\train
Image_2610.jpg,EASTERN PINE ELFIN,c:\Users\ricar\Downloads\TP2-Students\aca-butterflies\train
Image_1780.jpg,EASTERN PINE ELFIN,c:\Users\ricar\Downloads\TP2-Students\aca-butterflies\train
Image_1547.jpg,EASTERN PINE ELFIN,c:\Users\ricar\Downloads\TP2-Students\aca-butterflies\train
Image_1261.jpg,EASTERN PINE ELFIN,c:\Users\ricar\Downloads\TP2-Students\aca-butterflies\train
Image_1410.jpg,EASTERN PINE ELFIN,c:\Users\ricar\Downloads\TP2-Students\aca-butterflies\train
Image_335.jpg,EASTERN PINE ELFIN,c:\Users\ricar\Downloads\TP2-Students\aca-butterflies\train
Image_1262.jpg,EASTERN PINE ELFIN,c:\Users\ricar\Downloads\TP2-Students\aca-butterflies\train
Image_3829.jpg,EASTERN PINE ELFIN,c:\Users\ricar\Downloads\TP2-Students\aca-butterflies\train
Image_688.jpg,ELBOWED PIERROT,c:\Users\ricar\Downloads\TP2-Students\aca-butterflies\train
Image_2757.jpg,ELBOWED PIERROT,c:\Users\ricar\Downloads\TP2-Students\aca-butterflies\train
Image_227.jpg,ELBOWED PIERROT,c:\Users\ricar\Downloads\TP2-Students\aca-butterflies\train
Image_54.jpg,ELBOWED PIERROT,c:\Users\ricar\Downloads\TP2-Students\aca-butterflies\train
Image_4221.jpg,ELBOWED PIERROT,c:\Users\ricar\Downloads\TP2-Students\aca-butterflies\train
Image_2239.jpg,ELBOWED PIERROT,c:\Users\ricar\Downloads\TP2-Students\aca-butterflies\train
Image_35.jpg,ELBOWED PIERROT,c:\Users\ricar\Downloads\TP2-Students\aca-butterflies\train
Image_4937.jpg,ELBOWED PIERROT,c:\Users\ricar\Downloads\TP2-Students\aca-butterflies\train
Image_3097.jpg,ELBOWED PIERROT,c:\Users\ricar\Downloads\TP2-Students\aca-butterflies\train
Image_4798.jpg,ELBOWED PIERROT,c:\Users\ricar\Downloads\TP2-Students\aca-butterflies\train
Image_1521.jpg,ELBOWED PIERROT,c:\Users\ricar\Downloads\TP2-Students\aca-butterflies\train
Image_4746.jpg,ELBOWED PIERROT,c:\Users\ricar\Downloads\TP2-Students\aca-butterflies\train
Image_58.jpg,ELBOWED PIERROT,c:\Users\ricar\Downloads\TP2-Students\aca-butterflies\train
Image_4436.jpg,ELBOWED PIERROT,c:\Users\ricar\Downloads\TP2-Students\aca-butterflies\train
Image_2777.jpg,ELBOWED PIERROT,c:\Users\ricar\Downloads\TP2-Students\aca-butterflies\train
Image_3988.jpg,ELBOWED PIERROT,c:\Users\ricar\Downloads\TP2-Students\aca-butterflies\train
Image_982.jpg,ELBOWED PIERROT,c:\Users\ricar\Downloads\TP2-Students\aca-butterflies\train
Image_4638.jpg,ELBOWED PIERROT,c:\Users\ricar\Downloads\TP2-Students\aca-butterflies\train
Image_3607.jpg,ELBOWED PIERROT,c:\Users\ricar\Downloads\TP2-Students\aca-butterflies\train
Image_1093.jpg,ELBOWED PIERROT,c:\Users\ricar\Downloads\TP2-Students\aca-butterflies\train
Image_1272.jpg,ELBOWED PIERROT,c:\Users\ricar\Downloads\TP2-Students\aca-butterflies\train
Image_4324.jpg,ELBOWED PIERROT,c:\Users\ricar\Downloads\TP2-Students\aca-butterflies\train
Image_3452.jpg,ELBOWED PIERROT,c:\Users\ricar\Downloads\TP2-Students\aca-butterflies\train
Image_4941.jpg,ELBOWED PIERROT,c:\Users\ricar\Downloads\TP2-Students\aca-butterflies\train
Image_3643.jpg,ELBOWED PIERROT,c:\Users\ricar\Downloads\TP2-Students\aca-butterflies\train
Image_4928.jpg,ELBOWED PIERROT,c:\Users\ricar\Downloads\TP2-Students\aca-butterflies\train
Image_3383.jpg,ELBOWED PIERROT,c:\Users\ricar\Downloads\TP2-Students\aca-butterflies\train
Image_386.jpg,ELBOWED PIERROT,c:\Users\ricar\Downloads\TP2-Students\aca-butterflies\train
Image_2214.jpg,ELBOWED PIERROT,c:\Users\ricar\Downloads\TP2-Students\aca-butterflies\train
Image_4780.jpg,ELBOWED PIERROT,c:\Users\ricar\Downloads\TP2-Students\aca-butterflies\train
Image_552.jpg,ELBOWED PIERROT,c:\Users\ricar\Downloads\TP2-Students\aca-butterflies\train
Image_5023.jpg,ELBOWED PIERROT,c:\Users\ricar\Downloads\TP2-Students\aca-butterflies\train
Image_533.jpg,ELBOWED PIERROT,c:\Users\ricar\Downloads\TP2-Students\aca-butterflies\train
Image_4383.jpg,ELBOWED PIERROT,c:\Users\ricar\Downloads\TP2-Students\aca-butterflies\train
Image_523.jpg,ELBOWED PIERROT,c:\Users\ricar\Downloads\TP2-Students\aca-butterflies\train
Image_238.jpg,ELBOWED PIERROT,c:\Users\ricar\Downloads\TP2-Students\aca-butterflies\train
Image_719.jpg,ELBOWED PIERROT,c:\Users\ricar\Downloads\TP2-Students\aca-butterflies\train
Image_536.jpg,ELBOWED PIERROT,c:\Users\ricar\Downloads\TP2-Students\aca-butterflies\train
Image_1258.jpg,ELBOWED PIERROT,c:\Users\ricar\Downloads\TP2-Students\aca-butterflies\train
Image_630.jpg,ELBOWED PIERROT,c:\Users\ricar\Downloads\TP2-Students\aca-butterflies\train
Image_3681.jpg,ELBOWED PIERROT,c:\Users\ricar\Downloads\TP2-Students\aca-butterflies\train
Image_3330.jpg,ELBOWED PIERROT,c:\Users\ricar\Downloads\TP2-Students\aca-butterflies\train
Image_2761.jpg,ELBOWED PIERROT,c:\Users\ricar\Downloads\TP2-Students\aca-butterflies\train
Image_2759.jpg,ELBOWED PIERROT,c:\Users\ricar\Downloads\TP2-Students\aca-butterflies\train
Image_2857.jpg,ELBOWED PIERROT,c:\Users\ricar\Downloads\TP2-Students\aca-butterflies\train
Image_266.jpg,ELBOWED PIERROT,c:\Users\ricar\Downloads\TP2-Students\aca-butterflies\train
Image_1403.jpg,GOLD BANDED,c:\Users\ricar\Downloads\TP2-Students\aca-butterflies\train
Image_926.jpg,GOLD BANDED,c:\Users\ricar\Downloads\TP2-Students\aca-butterflies\train
Image_2005.jpg,GOLD BANDED,c:\Users\ricar\Downloads\TP2-Students\aca-butterflies\train
Image_3861.jpg,GOLD BANDED,c:\Users\ricar\Downloads\TP2-Students\aca-butterflies\train
Image_4483.jpg,GOLD BANDED,c:\Users\ricar\Downloads\TP2-Students\aca-butterflies\train
Image_1572.jpg,GOLD BANDED,c:\Users\ricar\Downloads\TP2-Students\aca-butterflies\train
Image_4217.jpg,GOLD BANDED,c:\Users\ricar\Downloads\TP2-Students\aca-butterflies\train
Image_1349.jpg,GOLD BANDED,c:\Users\ricar\Downloads\TP2-Students\aca-butterflies\train
Image_696.jpg,GOLD BANDED,c:\Users\ricar\Downloads\TP2-Students\aca-butterflies\train
Image_3338.jpg,GOLD BANDED,c:\Users\ricar\Downloads\TP2-Students\aca-butterflies\train
Image_778.jpg,GOLD BANDED,c:\Users\ricar\Downloads\TP2-Students\aca-butterflies\train
Image_2721.jpg,GOLD BANDED,c:\Users\ricar\Downloads\TP2-Students\aca-butterflies\train
Image_294.jpg,GOLD BANDED,c:\Users\ricar\Downloads\TP2-Students\aca-butterflies\train
Image_264.jpg,GOLD BANDED,c:\Users\ricar\Downloads\TP2-Students\aca-butterflies\train
Image_4205.jpg,GOLD BANDED,c:\Users\ricar\Downloads\TP2-Students\aca-butterflies\train
Image_2552.jpg,GOLD BANDED,c:\Users\ricar\Downloads\TP2-Students\aca-butterflies\train
Image_2290.jpg,GOLD BANDED,c:\Users\ricar\Downloads\TP2-Students\aca-butterflies\train
Image_1902.jpg,GOLD BANDED,c:\Users\ricar\Downloads\TP2-Students\aca-butterflies\train
Image_3811.jpg,GOLD BANDED,c:\Users\ricar\Downloads\TP2-Students\aca-butterflies\train
Image_4644.jpg,GOLD BANDED,c:\Users\ricar\Downloads\TP2-Students\aca-butterflies\train
Image_2135.jpg,GOLD BANDED,c:\Users\ricar\Downloads\TP2-Students\aca-butterflies\train
Image_983.jpg,GOLD BANDED,c:\Users\ricar\Downloads\TP2-Students\aca-butterflies\train
Image_2555.jpg,GOLD BANDED,c:\Users\ricar\Downloads\TP2-Students\aca-butterflies\train
Image_1545.jpg,GOLD BANDED,c:\Users\ricar\Downloads\TP2-Students\aca-butterflies\train
Image_4594.jpg,GOLD BANDED,c:\Users\ricar\Downloads\TP2-Students\aca-butterflies\train
Image_2138.jpg,GOLD BANDED,c:\Users\ricar\Downloads\TP2-Students\aca-butterflies\train
Image_4424.jpg,GOLD BANDED,c:\Users\ricar\Downloads\TP2-Students\aca-butterflies\train
Image_4176.jpg,GOLD BANDED,c:\Users\ricar\Downloads\TP2-Students\aca-butterflies\train
Image_4180.jpg,GOLD BANDED,c:\Users\ricar\Downloads\TP2-Students\aca-butterflies\train
Image_2053.jpg,GOLD BANDED,c:\Users\ricar\Downloads\TP2-Students\aca-butterflies\train
Image_4761.jpg,GOLD BANDED,c:\Users\ricar\Downloads\TP2-Students\aca-butterflies\train
Image_4965.jpg,GOLD BANDED,c:\Users\ricar\Downloads\TP2-Students\aca-butterflies\train
Image_3824.jpg,GOLD BANDED,c:\Users\ricar\Downloads\TP2-Students\aca-butterflies\train
Image_3597.jpg,GOLD BANDED,c:\Users\ricar\Downloads\TP2-Students\aca-butterflies\train
Image_3962.jpg,GOLD BANDED,c:\Users\ricar\Downloads\TP2-Students\aca-butterflies\train
Image_555.jpg,GOLD BANDED,c:\Users\ricar\Downloads\TP2-Students\aca-butterflies\train
Image_4906.jpg,GOLD BANDED,c:\Users\ricar\Downloads\TP2-Students\aca-butterflies\train
Image_3968.jpg,GOLD BANDED,c:\Users\ricar\Downloads\TP2-Students\aca-butterflies\train
Image_4179.jpg,GOLD BANDED,c:\Users\ricar\Downloads\TP2-Students\aca-butterflies\train
Image_4750.jpg,GOLD BANDED,c:\Users\ricar\Downloads\TP2-Students\aca-butterflies\train
Image_3337.jpg,GREAT EGGFLY,c:\Users\ricar\Downloads\TP2-Students\aca-butterflies\train
Image_4287.jpg,GREAT EGGFLY,c:\Users\ricar\Downloads\TP2-Students\aca-butterflies\train
Image_3191.jpg,GREAT EGGFLY,c:\Users\ricar\Downloads\TP2-Students\aca-butterflies\train
Image_2291.jpg,GREAT EGGFLY,c:\Users\ricar\Downloads\TP2-Students\aca-butterflies\train
Image_1783.jpg,GREAT EGGFLY,c:\Users\ricar\Downloads\TP2-Students\aca-butterflies\train
Image_3999.jpg,GREAT EGGFLY,c:\Users\ricar\Downloads\TP2-Students\aca-butterflies\train
Image_4586.jpg,GREAT EGGFLY,c:\Users\ricar\Downloads\TP2-Students\aca-butterflies\train
Image_809.jpg,GREAT EGGFLY,c:\Users\ricar\Downloads\TP2-Students\aca-butterflies\train
Image_3288.jpg,GREAT EGGFLY,c:\Users\ricar\Downloads\TP2-Students\aca-butterflies\train
Image_4372.jpg,GREAT EGGFLY,c:\Users\ricar\Downloads\TP2-Students\aca-butterflies\train
Image_3346.jpg,GREAT EGGFLY,c:\Users\ricar\Downloads\TP2-Students\aca-butterflies\train
Image_75.jpg,GREAT EGGFLY,c:\Users\ricar\Downloads\TP2-Students\aca-butterflies\train
Image_3250.jpg,GREAT EGGFLY,c:\Users\ricar\Downloads\TP2-Students\aca-butterflies\train
Image_3474.jpg,GREAT EGGFLY,c:\Users\ricar\Downloads\TP2-Students\aca-butterflies\train
Image_936.jpg,GREAT EGGFLY,c:\Users\ricar\Downloads\TP2-Students\aca-butterflies\train
Image_3987.jpg,GREAT EGGFLY,c:\Users\ricar\Downloads\TP2-Students\aca-butterflies\train
Image_4862.jpg,GREAT EGGFLY,c:\Users\ricar\Downloads\TP2-Students\aca-butterflies\train
Image_1806.jpg,GREAT EGGFLY,c:\Users\ricar\Downloads\TP2-Students\aca-butterflies\train
Image_3896.jpg,GREAT EGGFLY,c:\Users\ricar\Downloads\TP2-Students\aca-butterflies\train
Image_4267.jpg,GREAT EGGFLY,c:\Users\ricar\Downloads\TP2-Students\aca-butterflies\train
Image_4400.jpg,GREAT EGGFLY,c:\Users\ricar\Downloads\TP2-Students\aca-butterflies\train
Image_4396.jpg,GREAT EGGFLY,c:\Users\ricar\Downloads\TP2-Students\aca-butterflies\train
Image_5132.jpg,GREAT EGGFLY,c:\Users\ricar\Downloads\TP2-Students\aca-butterflies\train
Image_4685.jpg,GREAT EGGFLY,c:\Users\ricar\Downloads\TP2-Students\aca-butterflies\train
Image_4913.jpg,GREAT EGGFLY,c:\Users\ricar\Downloads\TP2-Students\aca-butterflies\train
Image_822.jpg,GREAT EGGFLY,c:\Users\ricar\Downloads\TP2-Students\aca-butterflies\train
Image_2967.jpg,GREAT EGGFLY,c:\Users\ricar\Downloads\TP2-Students\aca-butterflies\train
Image_3060.jpg,GREAT EGGFLY,c:\Users\ricar\Downloads\TP2-Students\aca-butterflies\train
Image_4108.jpg,GREAT EGGFLY,c:\Users\ricar\Downloads\TP2-Students\aca-butterflies\train
Image_1866.jpg,GREAT EGGFLY,c:\Users\ricar\Downloads\TP2-Students\aca-butterflies\train
Image_2959.jpg,GREAT EGGFLY,c:\Users\ricar\Downloads\TP2-Students\aca-butterflies\train
Image_495.jpg,GREAT EGGFLY,c:\Users\ricar\Downloads\TP2-Students\aca-butterflies\train
Image_4651.jpg,GREAT EGGFLY,c:\Users\ricar\Downloads\TP2-Students\aca-butterflies\train
Image_653.jpg,GREAT EGGFLY,c:\Users\ricar\Downloads\TP2-Students\aca-butterflies\train
Image_3312.jpg,GREAT EGGFLY,c:\Users\ricar\Downloads\TP2-Students\aca-butterflies\train
Image_2581.jpg,GREAT EGGFLY,c:\Users\ricar\Downloads\TP2-Students\aca-butterflies\train
Image_3095.jpg,GREAT EGGFLY,c:\Users\ricar\Downloads\TP2-Students\aca-butterflies\train
Image_3847.jpg,GREAT EGGFLY,c:\Users\ricar\Downloads\TP2-Students\aca-butterflies\train
Image_3990.jpg,GREAT EGGFLY,c:\Users\ricar\Downloads\TP2-Students\aca-butterflies\train
Image_1640.jpg,GREAT EGGFLY,c:\Users\ricar\Downloads\TP2-Students\aca-butterflies\train
Image_228.jpg,GREAT EGGFLY,c:\Users\ricar\Downloads\TP2-Students\aca-butterflies\train
Image_793.jpg,GREAT EGGFLY,c:\Users\ricar\Downloads\TP2-Students\aca-butterflies\train
Image_4338.jpg,GREAT EGGFLY,c:\Users\ricar\Downloads\TP2-Students\aca-butterflies\train
Image_2914.jpg,GREAT JAY,c:\Users\ricar\Downloads\TP2-Students\aca-butterflies\train
Image_381.jpg,GREAT JAY,c:\Users\ricar\Downloads\TP2-Students\aca-butterflies\train
Image_3803.jpg,GREAT JAY,c:\Users\ricar\Downloads\TP2-Students\aca-butterflies\train
Image_866.jpg,GREAT JAY,c:\Users\ricar\Downloads\TP2-Students\aca-butterflies\train
Image_4931.jpg,GREAT JAY,c:\Users\ricar\Downloads\TP2-Students\aca-butterflies\train
Image_258.jpg,GREAT JAY,c:\Users\ricar\Downloads\TP2-Students\aca-butterflies\train
Image_4872.jpg,GREAT JAY,c:\Users\ricar\Downloads\TP2-Students\aca-butterflies\train
Image_2176.jpg,GREAT JAY,c:\Users\ricar\Downloads\TP2-Students\aca-butterflies\train
Image_1928.jpg,GREAT JAY,c:\Users\ricar\Downloads\TP2-Students\aca-butterflies\train
Image_4617.jpg,GREAT JAY,c:\Users\ricar\Downloads\TP2-Students\aca-butterflies\train
Image_77.jpg,GREAT JAY,c:\Users\ricar\Downloads\TP2-Students\aca-butterflies\train
Image_649.jpg,GREAT JAY,c:\Users\ricar\Downloads\TP2-Students\aca-butterflies\train
Image_4056.jpg,GREAT JAY,c:\Users\ricar\Downloads\TP2-Students\aca-butterflies\train
Image_2586.jpg,GREAT JAY,c:\Users\ricar\Downloads\TP2-Students\aca-butterflies\train
Image_2440.jpg,GREAT JAY,c:\Users\ricar\Downloads\TP2-Students\aca-butterflies\train
Image_2407.jpg,GREAT JAY,c:\Users\ricar\Downloads\TP2-Students\aca-butterflies\train
Image_3213.jpg,GREAT JAY,c:\Users\ricar\Downloads\TP2-Students\aca-butterflies\train
Image_2380.jpg,GREAT JAY,c:\Users\ricar\Downloads\TP2-Students\aca-butterflies\train
Image_2058.jpg,GREAT JAY,c:\Users\ricar\Downloads\TP2-Students\aca-butterflies\train
Image_989.jpg,GREAT JAY,c:\Users\ricar\Downloads\TP2-Students\aca-butterflies\train
Image_3663.jpg,GREAT JAY,c:\Users\ricar\Downloads\TP2-Students\aca-butterflies\train
Image_2717.jpg,GREAT JAY,c:\Users\ricar\Downloads\TP2-Students\aca-butterflies\train
Image_3197.jpg,GREAT JAY,c:\Users\ricar\Downloads\TP2-Students\aca-butterflies\train
Image_829.jpg,GREAT JAY,c:\Users\ricar\Downloads\TP2-Students\aca-butterflies\train
Image_745.jpg,GREAT JAY,c:\Users\ricar\Downloads\TP2-Students\aca-butterflies\train
Image_1057.jpg,GREAT JAY,c:\Users\ricar\Downloads\TP2-Students\aca-butterflies\train
Image_3123.jpg,GREAT JAY,c:\Users\ricar\Downloads\TP2-Students\aca-butterflies\train
Image_2813.jpg,GREAT JAY,c:\Users\ricar\Downloads\TP2-Students\aca-butterflies\train
Image_192.jpg,GREAT JAY,c:\Users\ricar\Downloads\TP2-Students\aca-butterflies\train
Image_478.jpg,GREAT JAY,c:\Users\ricar\Downloads\TP2-Students\aca-butterflies\train
Image_4873.jpg,GREAT JAY,c:\Users\ricar\Downloads\TP2-Students\aca-butterflies\train
Image_3429.jpg,GREAT JAY,c:\Users\ricar\Downloads\TP2-Students\aca-butterflies\train
Image_1797.jpg,GREAT JAY,c:\Users\ricar\Downloads\TP2-Students\aca-butterflies\train
Image_3122.jpg,GREAT JAY,c:\Users\ricar\Downloads\TP2-Students\aca-butterflies\train
Image_3361.jpg,GREAT JAY,c:\Users\ricar\Downloads\TP2-Students\aca-butterflies\train
Image_4993.jpg,GREAT JAY,c:\Users\ricar\Downloads\TP2-Students\aca-butterflies\train
Image_2691.jpg,GREAT JAY,c:\Users\ricar\Downloads\TP2-Students\aca-butterflies\train
Image_4043.jpg,GREAT JAY,c:\Users\ricar\Downloads\TP2-Students\aca-butterflies\train
Image_1627.jpg,GREAT JAY,c:\Users\ricar\Downloads\TP2-Students\aca-butterflies\train
Image_1643.jpg,GREAT JAY,c:\Users\ricar\Downloads\TP2-Students\aca-butterflies\train
Image_3860.jpg,GREAT JAY,c:\Users\ricar\Downloads\TP2-Students\aca-butterflies\train
Image_1715.jpg,GREAT JAY,c:\Users\ricar\Downloads\TP2-Students\aca-butterflies\train
Image_2108.jpg,GREAT JAY,c:\Users\ricar\Downloads\TP2-Students\aca-butterflies\train
Image_360.jpg,GREAT JAY,c:\Users\ricar\Downloads\TP2-Students\aca-butterflies\train
Image_1440.jpg,GREAT JAY,c:\Users\ricar\Downloads\TP2-Students\aca-butterflies\train
Image_2756.jpg,GREAT JAY,c:\Users\ricar\Downloads\TP2-Students\aca-butterflies\train
Image_4314.jpg,GREAT JAY,c:\Users\ricar\Downloads\TP2-Students\aca-butterflies\train
Image_2494.jpg,GREAT JAY,c:\Users\ricar\Downloads\TP2-Students\aca-butterflies\train
Image_2699.jpg,GREAT JAY,c:\Users\ricar\Downloads\TP2-Students\aca-butterflies\train
Image_550.jpg,GREAT JAY,c:\Users\ricar\Downloads\TP2-Students\aca-butterflies\train
Image_4326.jpg,GREAT JAY,c:\Users\ricar\Downloads\TP2-Students\aca-butterflies\train
Image_4675.jpg,GREAT JAY,c:\Users\ricar\Downloads\TP2-Students\aca-butterflies\train
Image_5072.jpg,GREEN CELLED CATTLEHEART,c:\Users\ricar\Downloads\TP2-Students\aca-butterflies\train
Image_4376.jpg,GREEN CELLED CATTLEHEART,c:\Users\ricar\Downloads\TP2-Students\aca-butterflies\train
Image_2779.jpg,GREEN CELLED CATTLEHEART,c:\Users\ricar\Downloads\TP2-Students\aca-butterflies\train
Image_4772.jpg,GREEN CELLED CATTLEHEART,c:\Users\ricar\Downloads\TP2-Students\aca-butterflies\train
Image_1202.jpg,GREEN CELLED CATTLEHEART,c:\Users\ricar\Downloads\TP2-Students\aca-butterflies\train
Image_3216.jpg,GREEN CELLED CATTLEHEART,c:\Users\ricar\Downloads\TP2-Students\aca-butterflies\train
Image_226.jpg,GREEN CELLED CATTLEHEART,c:\Users\ricar\Downloads\TP2-Students\aca-butterflies\train
Image_106.jpg,GREEN CELLED CATTLEHEART,c:\Users\ricar\Downloads\TP2-Students\aca-butterflies\train
Image_3164.jpg,GREEN CELLED CATTLEHEART,c:\Users\ricar\Downloads\TP2-Students\aca-butterflies\train
Image_1769.jpg,GREEN CELLED CATTLEHEART,c:\Users\ricar\Downloads\TP2-Students\aca-butterflies\train
Image_4533.jpg,GREEN CELLED CATTLEHEART,c:\Users\ricar\Downloads\TP2-Students\aca-butterflies\train
Image_2224.jpg,GREEN CELLED CATTLEHEART,c:\Users\ricar\Downloads\TP2-Students\aca-butterflies\train
Image_1999.jpg,GREEN CELLED CATTLEHEART,c:\Users\ricar\Downloads\TP2-Students\aca-butterflies\train
Image_3917.jpg,GREEN CELLED CATTLEHEART,c:\Users\ricar\Downloads\TP2-Students\aca-butterflies\train
Image_2139.jpg,GREEN CELLED CATTLEHEART,c:\Users\ricar\Downloads\TP2-Students\aca-butterflies\train
Image_393.jpg,GREEN CELLED CATTLEHEART,c:\Users\ricar\Downloads\TP2-Students\aca-butterflies\train
Image_37.jpg,GREEN CELLED CATTLEHEART,c:\Users\ricar\Downloads\TP2-Students\aca-butterflies\train
Image_2649.jpg,GREEN CELLED CATTLEHEART,c:\Users\ricar\Downloads\TP2-Students\aca-butterflies\train
Image_3106.jpg,GREEN CELLED CATTLEHEART,c:\Users\ricar\Downloads\TP2-Students\aca-butterflies\train
Image_610.jpg,GREEN CELLED CATTLEHEART,c:\Users\ricar\Downloads\TP2-Students\aca-butterflies\train
Image_1265.jpg,GREEN CELLED CATTLEHEART,c:\Users\ricar\Downloads\TP2-Students\aca-butterflies\train
Image_2537.jpg,GREEN CELLED CATTLEHEART,c:\Users\ricar\Downloads\TP2-Students\aca-butterflies\train
Image_4890.jpg,GREEN CELLED CATTLEHEART,c:\Users\ricar\Downloads\TP2-Students\aca-butterflies\train
Image_4794.jpg,GREEN CELLED CATTLEHEART,c:\Users\ricar\Downloads\TP2-Students\aca-butterflies\train
Image_971.jpg,GREEN CELLED CATTLEHEART,c:\Users\ricar\Downloads\TP2-Students\aca-butterflies\train
Image_3916.jpg,GREEN CELLED CATTLEHEART,c:\Users\ricar\Downloads\TP2-Students\aca-butterflies\train
Image_1730.jpg,GREEN CELLED CATTLEHEART,c:\Users\ricar\Downloads\TP2-Students\aca-butterflies\train
Image_3531.jpg,GREEN CELLED CATTLEHEART,c:\Users\ricar\Downloads\TP2-Students\aca-butterflies\train
Image_1366.jpg,GREEN CELLED CATTLEHEART,c:\Users\ricar\Downloads\TP2-Students\aca-butterflies\train
Image_3385.jpg,GREEN CELLED CATTLEHEART,c:\Users\ricar\Downloads\TP2-Students\aca-butterflies\train
Image_3768.jpg,GREEN CELLED CATTLEHEART,c:\Users\ricar\Downloads\TP2-Students\aca-butterflies\train
Image_348.jpg,GREEN CELLED CATTLEHEART,c:\Users\ricar\Downloads\TP2-Students\aca-butterflies\train
Image_449.jpg,GREEN CELLED CATTLEHEART,c:\Users\ricar\Downloads\TP2-Students\aca-butterflies\train
Image_2580.jpg,GREEN CELLED CATTLEHEART,c:\Users\ricar\Downloads\TP2-Students\aca-butterflies\train
Image_1747.jpg,GREEN CELLED CATTLEHEART,c:\Users\ricar\Downloads\TP2-Students\aca-butterflies\train
Image_3565.jpg,GREEN CELLED CATTLEHEART,c:\Users\ricar\Downloads\TP2-Students\aca-butterflies\train
Image_1448.jpg,GREEN CELLED CATTLEHEART,c:\Users\ricar\Downloads\TP2-Students\aca-butterflies\train
Image_4716.jpg,GREEN CELLED CATTLEHEART,c:\Users\ricar\Downloads\TP2-Students\aca-butterflies\train
Image_3272.jpg,GREEN CELLED CATTLEHEART,c:\Users\ricar\Downloads\TP2-Students\aca-butterflies\train
Image_4337.jpg,GREEN CELLED CATTLEHEART,c:\Users\ricar\Downloads\TP2-Students\aca-butterflies\train
Image_3827.jpg,GREEN CELLED CATTLEHEART,c:\Users\ricar\Downloads\TP2-Students\aca-butterflies\train
Image_4809.jpg,GREEN CELLED CATTLEHEART,c:\Users\ricar\Downloads\TP2-Students\aca-butterflies\train
Image_4392.jpg,GREEN CELLED CATTLEHEART,c:\Users\ricar\Downloads\TP2-Students\aca-butterflies\train
Image_3399.jpg,GREEN CELLED CATTLEHEART,c:\Users\ricar\Downloads\TP2-Students\aca-butterflies\train
Image_1010.jpg,GREEN CELLED CATTLEHEART,c:\Users\ricar\Downloads\TP2-Students\aca-butterflies\train
Image_197.jpg,GREEN CELLED CATTLEHEART,c:\Users\ricar\Downloads\TP2-Students\aca-butterflies\train
Image_573.jpg,GREEN CELLED CATTLEHEART,c:\Users\ricar\Downloads\TP2-Students\aca-butterflies\train
Image_1514.jpg,GREEN CELLED CATTLEHEART,c:\Users\ricar\Downloads\TP2-Students\aca-butterflies\train
Image_4840.jpg,GREEN CELLED CATTLEHEART,c:\Users\ricar\Downloads\TP2-Students\aca-butterflies\train
Image_245.jpg,GREY HAIRSTREAK,c:\Users\ricar\Downloads\TP2-Students\aca-butterflies\train
Image_3608.jpg,GREY HAIRSTREAK,c:\Users\ricar\Downloads\TP2-Students\aca-butterflies\train
Image_3879.jpg,GREY HAIRSTREAK,c:\Users\ricar\Downloads\TP2-Students\aca-butterflies\train
Image_903.jpg,GREY HAIRSTREAK,c:\Users\ricar\Downloads\TP2-Students\aca-butterflies\train
Image_5116.jpg,GREY HAIRSTREAK,c:\Users\ricar\Downloads\TP2-Students\aca-butterflies\train
Image_2544.jpg,GREY HAIRSTREAK,c:\Users\ricar\Downloads\TP2-Students\aca-butterflies\train
Image_1459.jpg,GREY HAIRSTREAK,c:\Users\ricar\Downloads\TP2-Students\aca-butterflies\train
Image_2953.jpg,GREY HAIRSTREAK,c:\Users\ricar\Downloads\TP2-Students\aca-butterflies\train
Image_4727.jpg,GREY HAIRSTREAK,c:\Users\ricar\Downloads\TP2-Students\aca-butterflies\train
Image_446.jpg,GREY HAIRSTREAK,c:\Users\ricar\Downloads\TP2-Students\aca-butterflies\train
Image_3970.jpg,GREY HAIRSTREAK,c:\Users\ricar\Downloads\TP2-Students\aca-butterflies\train
Image_1049.jpg,GREY HAIRSTREAK,c:\Users\ricar\Downloads\TP2-Students\aca-butterflies\train
Image_4311.jpg,GREY HAIRSTREAK,c:\Users\ricar\Downloads\TP2-Students\aca-butterflies\train
Image_279.jpg,GREY HAIRSTREAK,c:\Users\ricar\Downloads\TP2-Students\aca-butterflies\train
Image_2965.jpg,GREY HAIRSTREAK,c:\Users\ricar\Downloads\TP2-Students\aca-butterflies\train
Image_4855.jpg,GREY HAIRSTREAK,c:\Users\ricar\Downloads\TP2-Students\aca-butterflies\train
Image_281.jpg,GREY HAIRSTREAK,c:\Users\ricar\Downloads\TP2-Students\aca-butterflies\train
Image_4610.jpg,GREY HAIRSTREAK,c:\Users\ricar\Downloads\TP2-Students\aca-butterflies\train
Image_4232.jpg,GREY HAIRSTREAK,c:\Users\ricar\Downloads\TP2-Students\aca-butterflies\train
Image_604.jpg,GREY HAIRSTREAK,c:\Users\ricar\Downloads\TP2-Students\aca-butterflies\train
Image_2466.jpg,GREY HAIRSTREAK,c:\Users\ricar\Downloads\TP2-Students\aca-butterflies\train
Image_240.jpg,GREY HAIRSTREAK,c:\Users\ricar\Downloads\TP2-Students\aca-butterflies\train
Image_1405.jpg,GREY HAIRSTREAK,c:\Users\ricar\Downloads\TP2-Students\aca-butterflies\train
Image_4882.jpg,GREY HAIRSTREAK,c:\Users\ricar\Downloads\TP2-Students\aca-butterflies\train
Image_4658.jpg,GREY HAIRSTREAK,c:\Users\ricar\Downloads\TP2-Students\aca-butterflies\train
Image_801.jpg,GREY HAIRSTREAK,c:\Users\ricar\Downloads\TP2-Students\aca-butterflies\train
Image_3047.jpg,GREY HAIRSTREAK,c:\Users\ricar\Downloads\TP2-Students\aca-butterflies\train
Image_4361.jpg,GREY HAIRSTREAK,c:\Users\ricar\Downloads\TP2-Students\aca-butterflies\train
Image_4836.jpg,GREY HAIRSTREAK,c:\Users\ricar\Downloads\TP2-Students\aca-butterflies\train
Image_2765.jpg,GREY HAIRSTREAK,c:\Users\ricar\Downloads\TP2-Students\aca-butterflies\train
Image_2399.jpg,GREY HAIRSTREAK,c:\Users\ricar\Downloads\TP2-Students\aca-butterflies\train
Image_2974.jpg,GREY HAIRSTREAK,c:\Users\ricar\Downloads\TP2-Students\aca-butterflies\train
Image_3572.jpg,GREY HAIRSTREAK,c:\Users\ricar\Downloads\TP2-Students\aca-butterflies\train
Image_3479.jpg,GREY HAIRSTREAK,c:\Users\ricar\Downloads\TP2-Students\aca-butterflies\train
Image_377.jpg,GREY HAIRSTREAK,c:\Users\ricar\Downloads\TP2-Students\aca-butterflies\train
Image_3319.jpg,GREY HAIRSTREAK,c:\Users\ricar\Downloads\TP2-Students\aca-butterflies\train
Image_2110.jpg,GREY HAIRSTREAK,c:\Users\ricar\Downloads\TP2-Students\aca-butterflies\train
Image_1431.jpg,GREY HAIRSTREAK,c:\Users\ricar\Downloads\TP2-Students\aca-butterflies\train
Image_947.jpg,GREY HAIRSTREAK,c:\Users\ricar\Downloads\TP2-Students\aca-butterflies\train
Image_292.jpg,GREY HAIRSTREAK,c:\Users\ricar\Downloads\TP2-Students\aca-butterflies\train
Image_1028.jpg,GREY HAIRSTREAK,c:\Users\ricar\Downloads\TP2-Students\aca-butterflies\train
Image_2169.jpg,GREY HAIRSTREAK,c:\Users\ricar\Downloads\TP2-Students\aca-butterflies\train
Image_102.jpg,GREY HAIRSTREAK,c:\Users\ricar\Downloads\TP2-Students\aca-butterflies\train
Image_2113.jpg,GREY HAIRSTREAK,c:\Users\ricar\Downloads\TP2-Students\aca-butterflies\train
Image_3678.jpg,GREY HAIRSTREAK,c:\Users\ricar\Downloads\TP2-Students\aca-butterflies\train
Image_4072.jpg,GREY HAIRSTREAK,c:\Users\ricar\Downloads\TP2-Students\aca-butterflies\train
Image_5086.jpg,GREY HAIRSTREAK,c:\Users\ricar\Downloads\TP2-Students\aca-butterflies\train
Image_1701.jpg,GREY HAIRSTREAK,c:\Users\ricar\Downloads\TP2-Students\aca-butterflies\train
Image_4738.jpg,INDRA SWALLOW,c:\Users\ricar\Downloads\TP2-Students\aca-butterflies\train
Image_2324.jpg,INDRA SWALLOW,c:\Users\ricar\Downloads\TP2-Students\aca-butterflies\train
Image_586.jpg,INDRA SWALLOW,c:\Users\ricar\Downloads\TP2-Students\aca-butterflies\train
Image_3375.jpg,INDRA SWALLOW,c:\Users\ricar\Downloads\TP2-Students\aca-butterflies\train
Image_1737.jpg,INDRA SWALLOW,c:\Users\ricar\Downloads\TP2-Students\aca-butterflies\train
Image_1690.jpg,INDRA SWALLOW,c:\Users\ricar\Downloads\TP2-Students\aca-butterflies\train
Image_1318.jpg,INDRA SWALLOW,c:\Users\ricar\Downloads\TP2-Students\aca-butterflies\train
Image_1051.jpg,INDRA SWALLOW,c:\Users\ricar\Downloads\TP2-Students\aca-butterflies\train
Image_4064.jpg,INDRA SWALLOW,c:\Users\ricar\Downloads\TP2-Students\aca-butterflies\train
Image_743.jpg,INDRA SWALLOW,c:\Users\ricar\Downloads\TP2-Students\aca-butterflies\train
Image_4946.jpg,INDRA SWALLOW,c:\Users\ricar\Downloads\TP2-Students\aca-butterflies\train
Image_4735.jpg,INDRA SWALLOW,c:\Users\ricar\Downloads\TP2-Students\aca-butterflies\train
Image_387.jpg,INDRA SWALLOW,c:\Users\ricar\Downloads\TP2-Students\aca-butterflies\train
Image_1648.jpg,INDRA SWALLOW,c:\Users\ricar\Downloads\TP2-Students\aca-butterflies\train
Image_3357.jpg,INDRA SWALLOW,c:\Users\ricar\Downloads\TP2-Students\aca-butterflies\train
Image_4985.jpg,INDRA SWALLOW,c:\Users\ricar\Downloads\TP2-Students\aca-butterflies\train
Image_1212.jpg,INDRA SWALLOW,c:\Users\ricar\Downloads\TP2-Students\aca-butterflies\train
Image_3839.jpg,INDRA SWALLOW,c:\Users\ricar\Downloads\TP2-Students\aca-butterflies\train
Image_5090.jpg,INDRA SWALLOW,c:\Users\ricar\Downloads\TP2-Students\aca-butterflies\train
Image_1335.jpg,INDRA SWALLOW,c:\Users\ricar\Downloads\TP2-Students\aca-butterflies\train
Image_334.jpg,INDRA SWALLOW,c:\Users\ricar\Downloads\TP2-Students\aca-butterflies\train
Image_4256.jpg,INDRA SWALLOW,c:\Users\ricar\Downloads\TP2-Students\aca-butterflies\train
Image_2842.jpg,INDRA SWALLOW,c:\Users\ricar\Downloads\TP2-Students\aca-butterflies\train
Image_4886.jpg,INDRA SWALLOW,c:\Users\ricar\Downloads\TP2-Students\aca-butterflies\train
Image_199.jpg,INDRA SWALLOW,c:\Users\ricar\Downloads\TP2-Students\aca-butterflies\train
Image_116.jpg,INDRA SWALLOW,c:\Users\ricar\Downloads\TP2-Students\aca-butterflies\train
Image_2431.jpg,INDRA SWALLOW,c:\Users\ricar\Downloads\TP2-Students\aca-butterflies\train
Image_2517.jpg,INDRA SWALLOW,c:\Users\ricar\Downloads\TP2-Students\aca-butterflies\train
Image_2468.jpg,INDRA SWALLOW,c:\Users\ricar\Downloads\TP2-Students\aca-butterflies\train
Image_2271.jpg,INDRA SWALLOW,c:\Users\ricar\Downloads\TP2-Students\aca-butterflies\train
Image_2301.jpg,INDRA SWALLOW,c:\Users\ricar\Downloads\TP2-Students\aca-butterflies\train
Image_4030.jpg,INDRA SWALLOW,c:\Users\ricar\Downloads\TP2-Students\aca-butterflies\train
Image_3486.jpg,INDRA SWALLOW,c:\Users\ricar\Downloads\TP2-Students\aca-butterflies\train
Image_1667.jpg,INDRA SWALLOW,c:\Users\ricar\Downloads\TP2-Students\aca-butterflies\train
Image_1540.jpg,INDRA SWALLOW,c:\Users\ricar\Downloads\TP2-Students\aca-butterflies\train
Image_2788.jpg,INDRA SWALLOW,c:\Users\ricar\Downloads\TP2-Students\aca-butterflies\train
Image_3.jpg,INDRA SWALLOW,c:\Users\ricar\Downloads\TP2-Students\aca-butterflies\train
Image_1707.jpg,INDRA SWALLOW,c:\Users\ricar\Downloads\TP2-Students\aca-butterflies\train
Image_3832.jpg,INDRA SWALLOW,c:\Users\ricar\Downloads\TP2-Students\aca-butterflies\train
Image_2250.jpg,INDRA SWALLOW,c:\Users\ricar\Downloads\TP2-Students\aca-butterflies\train
Image_2681.jpg,INDRA SWALLOW,c:\Users\ricar\Downloads\TP2-Students\aca-butterflies\train
Image_3710.jpg,INDRA SWALLOW,c:\Users\ricar\Downloads\TP2-Students\aca-butterflies\train
Image_1300.jpg,INDRA SWALLOW,c:\Users\ricar\Downloads\TP2-Students\aca-butterflies\train
Image_4190.jpg,INDRA SWALLOW,c:\Users\ricar\Downloads\TP2-Students\aca-butterflies\train
Image_1452.jpg,INDRA SWALLOW,c:\Users\ricar\Downloads\TP2-Students\aca-butterflies\train
Image_5066.jpg,IPHICLUS SISTER,c:\Users\ricar\Downloads\TP2-Students\aca-butterflies\train
Image_3450.jpg,IPHICLUS SISTER,c:\Users\ricar\Downloads\TP2-Students\aca-butterflies\train
Image_4141.jpg,IPHICLUS SISTER,c:\Users\ricar\Downloads\TP2-Students\aca-butterflies\train
Image_5097.jpg,IPHICLUS SISTER,c:\Users\ricar\Downloads\TP2-Students\aca-butterflies\train
Image_2824.jpg,IPHICLUS SISTER,c:\Users\ricar\Downloads\TP2-Students\aca-butterflies\train
Image_2619.jpg,IPHICLUS SISTER,c:\Users\ricar\Downloads\TP2-Students\aca-butterflies\train
Image_2794.jpg,IPHICLUS SISTER,c:\Users\ricar\Downloads\TP2-Students\aca-butterflies\train
Image_4687.jpg,IPHICLUS SISTER,c:\Users\ricar\Downloads\TP2-Students\aca-butterflies\train
Image_638.jpg,IPHICLUS SISTER,c:\Users\ricar\Downloads\TP2-Students\aca-butterflies\train
Image_1608.jpg,IPHICLUS SISTER,c:\Users\ricar\Downloads\TP2-Students\aca-butterflies\train
Image_2208.jpg,IPHICLUS SISTER,c:\Users\ricar\Downloads\TP2-Students\aca-butterflies\train
Image_3150.jpg,IPHICLUS SISTER,c:\Users\ricar\Downloads\TP2-Students\aca-butterflies\train
Image_5183.jpg,IPHICLUS SISTER,c:\Users\ricar\Downloads\TP2-Students\aca-butterflies\train
Image_5082.jpg,IPHICLUS SISTER,c:\Users\ricar\Downloads\TP2-Students\aca-butterflies\train
Image_1614.jpg,IPHICLUS SISTER,c:\Users\ricar\Downloads\TP2-Students\aca-butterflies\train
Image_3799.jpg,IPHICLUS SISTER,c:\Users\ricar\Downloads\TP2-Students\aca-butterflies\train
Image_1294.jpg,IPHICLUS SISTER,c:\Users\ricar\Downloads\TP2-Students\aca-butterflies\train
Image_2546.jpg,IPHICLUS SISTER,c:\Users\ricar\Downloads\TP2-Students\aca-butterflies\train
Image_3668.jpg,IPHICLUS SISTER,c:\Users\ricar\Downloads\TP2-Students\aca-butterflies\train
Image_2083.jpg,IPHICLUS SISTER,c:\Users\ricar\Downloads\TP2-Students\aca-butterflies\train
Image_1314.jpg,IPHICLUS SISTER,c:\Users\ricar\Downloads\TP2-Students\aca-butterflies\train
Image_4584.jpg,IPHICLUS SISTER,c:\Users\ricar\Downloads\TP2-Students\aca-butterflies\train
Image_118.jpg,IPHICLUS SISTER,c:\Users\ricar\Downloads\TP2-Students\aca-butterflies\train
Image_1546.jpg,IPHICLUS SISTER,c:\Users\ricar\Downloads\TP2-Students\aca-butterflies\train
Image_2531.jpg,IPHICLUS SISTER,c:\Users\ricar\Downloads\TP2-Students\aca-butterflies\train
Image_4152.jpg,IPHICLUS SISTER,c:\Users\ricar\Downloads\TP2-Students\aca-butterflies\train
Image_4785.jpg,IPHICLUS SISTER,c:\Users\ricar\Downloads\TP2-Students\aca-butterflies\train
Image_3221.jpg,IPHICLUS SISTER,c:\Users\ricar\Downloads\TP2-Students\aca-butterflies\train
Image_702.jpg,IPHICLUS SISTER,c:\Users\ricar\Downloads\TP2-Students\aca-butterflies\train
Image_541.jpg,IPHICLUS SISTER,c:\Users\ricar\Downloads\TP2-Students\aca-butterflies\train
Image_765.jpg,IPHICLUS SISTER,c:\Users\ricar\Downloads\TP2-Students\aca-butterflies\train
Image_2092.jpg,IPHICLUS SISTER,c:\Users\ricar\Downloads\TP2-Students\aca-butterflies\train
Image_993.jpg,IPHICLUS SISTER,c:\Users\ricar\Downloads\TP2-Students\aca-butterflies\train
Image_1071.jpg,IPHICLUS SISTER,c:\Users\ricar\Downloads\TP2-Students\aca-butterflies\train
Image_3419.jpg,IPHICLUS SISTER,c:\Users\ricar\Downloads\TP2-Students\aca-butterflies\train
Image_2038.jpg,IPHICLUS SISTER,c:\Users\ricar\Downloads\TP2-Students\aca-butterflies\train
Image_3005.jpg,IPHICLUS SISTER,c:\Users\ricar\Downloads\TP2-Students\aca-butterflies\train
Image_2416.jpg,IPHICLUS SISTER,c:\Users\ricar\Downloads\TP2-Students\aca-butterflies\train
Image_777.jpg,IPHICLUS SISTER,c:\Users\ricar\Downloads\TP2-Students\aca-butterflies\train
Image_1077.jpg,IPHICLUS SISTER,c:\Users\ricar\Downloads\TP2-Students\aca-butterflies\train
Image_203.jpg,IPHICLUS SISTER,c:\Users\ricar\Downloads\TP2-Students\aca-butterflies\train
Image_2853.jpg,IPHICLUS SISTER,c:\Users\ricar\Downloads\TP2-Students\aca-butterflies\train
Image_3056.jpg,IPHICLUS SISTER,c:\Users\ricar\Downloads\TP2-Students\aca-butterflies\train
Image_4351.jpg,IPHICLUS SISTER,c:\Users\ricar\Downloads\TP2-Students\aca-butterflies\train
Image_1236.jpg,IPHICLUS SISTER,c:\Users\ricar\Downloads\TP2-Students\aca-butterflies\train
Image_3782.jpg,IPHICLUS SISTER,c:\Users\ricar\Downloads\TP2-Students\aca-butterflies\train
Image_445.jpg,IPHICLUS SISTER,c:\Users\ricar\Downloads\TP2-Students\aca-butterflies\train
Image_4740.jpg,IPHICLUS SISTER,c:\Users\ricar\Downloads\TP2-Students\aca-butterflies\train
Image_2375.jpg,IPHICLUS SISTER,c:\Users\ricar\Downloads\TP2-Students\aca-butterflies\train
Image_833.jpg,IPHICLUS SISTER,c:\Users\ricar\Downloads\TP2-Students\aca-butterflies\train
Image_910.jpg,IPHICLUS SISTER,c:\Users\ricar\Downloads\TP2-Students\aca-butterflies\train
Image_2314.jpg,IPHICLUS SISTER,c:\Users\ricar\Downloads\TP2-Students\aca-butterflies\train
Image_4184.jpg,IPHICLUS SISTER,c:\Users\ricar\Downloads\TP2-Students\aca-butterflies\train
Image_1752.jpg,JULIA,c:\Users\ricar\Downloads\TP2-Students\aca-butterflies\train
Image_1750.jpg,JULIA,c:\Users\ricar\Downloads\TP2-Students\aca-butterflies\train
Image_2012.jpg,JULIA,c:\Users\ricar\Downloads\TP2-Students\aca-butterflies\train
Image_4720.jpg,JULIA,c:\Users\ricar\Downloads\TP2-Students\aca-butterflies\train
Image_3364.jpg,JULIA,c:\Users\ricar\Downloads\TP2-Students\aca-butterflies\train
Image_3448.jpg,JULIA,c:\Users\ricar\Downloads\TP2-Students\aca-butterflies\train
Image_1880.jpg,JULIA,c:\Users\ricar\Downloads\TP2-Students\aca-butterflies\train
Image_1216.jpg,JULIA,c:\Users\ricar\Downloads\TP2-Students\aca-butterflies\train
Image_3612.jpg,JULIA,c:\Users\ricar\Downloads\TP2-Students\aca-butterflies\train
Image_3080.jpg,JULIA,c:\Users\ricar\Downloads\TP2-Students\aca-butterflies\train
Image_1931.jpg,JULIA,c:\Users\ricar\Downloads\TP2-Students\aca-butterflies\train
Image_2811.jpg,JULIA,c:\Users\ricar\Downloads\TP2-Students\aca-butterflies\train
Image_2778.jpg,JULIA,c:\Users\ricar\Downloads\TP2-Students\aca-butterflies\train
Image_1092.jpg,JULIA,c:\Users\ricar\Downloads\TP2-Students\aca-butterflies\train
Image_3069.jpg,JULIA,c:\Users\ricar\Downloads\TP2-Students\aca-butterflies\train
Image_3954.jpg,JULIA,c:\Users\ricar\Downloads\TP2-Students\aca-butterflies\train
Image_3840.jpg,JULIA,c:\Users\ricar\Downloads\TP2-Students\aca-butterflies\train
Image_4943.jpg,JULIA,c:\Users\ricar\Downloads\TP2-Students\aca-butterflies\train
Image_758.jpg,JULIA,c:\Users\ricar\Downloads\TP2-Students\aca-butterflies\train
Image_3700.jpg,JULIA,c:\Users\ricar\Downloads\TP2-Students\aca-butterflies\train
Image_3559.jpg,JULIA,c:\Users\ricar\Downloads\TP2-Students\aca-butterflies\train
Image_3035.jpg,JULIA,c:\Users\ricar\Downloads\TP2-Students\aca-butterflies\train
Image_3438.jpg,JULIA,c:\Users\ricar\Downloads\TP2-Students\aca-butterflies\train
Image_4230.jpg,JULIA,c:\Users\ricar\Downloads\TP2-Students\aca-butterflies\train
Image_4427.jpg,JULIA,c:\Users\ricar\Downloads\TP2-Students\aca-butterflies\train
Image_389.jpg,JULIA,c:\Users\ricar\Downloads\TP2-Students\aca-butterflies\train
Image_3658.jpg,JULIA,c:\Users\ricar\Downloads\TP2-Students\aca-butterflies\train
Image_3599.jpg,JULIA,c:\Users\ricar\Downloads\TP2-Students\aca-butterflies\train
Image_576.jpg,JULIA,c:\Users\ricar\Downloads\TP2-Students\aca-butterflies\train
Image_5110.jpg,JULIA,c:\Users\ricar\Downloads\TP2-Students\aca-butterflies\train
Image_1245.jpg,JULIA,c:\Users\ricar\Downloads\TP2-Students\aca-butterflies\train
Image_1401.jpg,JULIA,c:\Users\ricar\Downloads\TP2-Students\aca-butterflies\train
Image_723.jpg,JULIA,c:\Users\ricar\Downloads\TP2-Students\aca-butterflies\train
Image_65.jpg,JULIA,c:\Users\ricar\Downloads\TP2-Students\aca-butterflies\train
Image_1078.jpg,JULIA,c:\Users\ricar\Downloads\TP2-Students\aca-butterflies\train
Image_1678.jpg,JULIA,c:\Users\ricar\Downloads\TP2-Students\aca-butterflies\train
Image_3217.jpg,JULIA,c:\Users\ricar\Downloads\TP2-Students\aca-butterflies\train
Image_5191.jpg,JULIA,c:\Users\ricar\Downloads\TP2-Students\aca-butterflies\train
Image_1241.jpg,JULIA,c:\Users\ricar\Downloads\TP2-Students\aca-butterflies\train
Image_4880.jpg,JULIA,c:\Users\ricar\Downloads\TP2-Students\aca-butterflies\train
Image_132.jpg,JULIA,c:\Users\ricar\Downloads\TP2-Students\aca-butterflies\train
Image_4046.jpg,JULIA,c:\Users\ricar\Downloads\TP2-Students\aca-butterflies\train
Image_640.jpg,JULIA,c:\Users\ricar\Downloads\TP2-Students\aca-butterflies\train
Image_2505.jpg,JULIA,c:\Users\ricar\Downloads\TP2-Students\aca-butterflies\train
Image_4530.jpg,JULIA,c:\Users\ricar\Downloads\TP2-Students\aca-butterflies\train
Image_4274.jpg,LARGE MARBLE,c:\Users\ricar\Downloads\TP2-Students\aca-butterflies\train
Image_2999.jpg,LARGE MARBLE,c:\Users\ricar\Downloads\TP2-Students\aca-butterflies\train
Image_4153.jpg,LARGE MARBLE,c:\Users\ricar\Downloads\TP2-Students\aca-butterflies\train
Image_2529.jpg,LARGE MARBLE,c:\Users\ricar\Downloads\TP2-Students\aca-butterflies\train
Image_26.jpg,LARGE MARBLE,c:\Users\ricar\Downloads\TP2-Students\aca-butterflies\train
Image_3012.jpg,LARGE MARBLE,c:\Users\ricar\Downloads\TP2-Students\aca-butterflies\train
Image_5015.jpg,LARGE MARBLE,c:\Users\ricar\Downloads\TP2-Students\aca-butterflies\train
Image_4688.jpg,LARGE MARBLE,c:\Users\ricar\Downloads\TP2-Students\aca-butterflies\train
Image_465.jpg,LARGE MARBLE,c:\Users\ricar\Downloads\TP2-Students\aca-butterflies\train
Image_1199.jpg,LARGE MARBLE,c:\Users\ricar\Downloads\TP2-Students\aca-butterflies\train
Image_1507.jpg,LARGE MARBLE,c:\Users\ricar\Downloads\TP2-Students\aca-butterflies\train
Image_3828.jpg,LARGE MARBLE,c:\Users\ricar\Downloads\TP2-Students\aca-butterflies\train
Image_572.jpg,LARGE MARBLE,c:\Users\ricar\Downloads\TP2-Students\aca-butterflies\train
Image_1577.jpg,LARGE MARBLE,c:\Users\ricar\Downloads\TP2-Students\aca-butterflies\train
Image_2180.jpg,LARGE MARBLE,c:\Users\ricar\Downloads\TP2-Students\aca-butterflies\train
Image_4712.jpg,LARGE MARBLE,c:\Users\ricar\Downloads\TP2-Students\aca-butterflies\train
Image_426.jpg,LARGE MARBLE,c:\Users\ricar\Downloads\TP2-Students\aca-butterflies\train
Image_2869.jpg,LARGE MARBLE,c:\Users\ricar\Downloads\TP2-Students\aca-butterflies\train
Image_1534.jpg,LARGE MARBLE,c:\Users\ricar\Downloads\TP2-Students\aca-butterflies\train
Image_2216.jpg,LARGE MARBLE,c:\Users\ricar\Downloads\TP2-Students\aca-butterflies\train
Image_1451.jpg,LARGE MARBLE,c:\Users\ricar\Downloads\TP2-Students\aca-butterflies\train
Image_2004.jpg,LARGE MARBLE,c:\Users\ricar\Downloads\TP2-Students\aca-butterflies\train
Image_217.jpg,LARGE MARBLE,c:\Users\ricar\Downloads\TP2-Students\aca-butterflies\train
Image_4892.jpg,LARGE MARBLE,c:\Users\ricar\Downloads\TP2-Students\aca-butterflies\train
Image_1895.jpg,LARGE MARBLE,c:\Users\ricar\Downloads\TP2-Students\aca-butterflies\train
Image_2197.jpg,LARGE MARBLE,c:\Users\ricar\Downloads\TP2-Students\aca-butterflies\train
Image_1867.jpg,LARGE MARBLE,c:\Users\ricar\Downloads\TP2-Students\aca-butterflies\train
Image_4878.jpg,LARGE MARBLE,c:\Users\ricar\Downloads\TP2-Students\aca-butterflies\train
Image_4193.jpg,LARGE MARBLE,c:\Users\ricar\Downloads\TP2-Students\aca-butterflies\train
Image_4807.jpg,LARGE MARBLE,c:\Users\ricar\Downloads\TP2-Students\aca-butterflies\train
Image_3814.jpg,LARGE MARBLE,c:\Users\ricar\Downloads\TP2-Students\aca-butterflies\train
Image_1887.jpg,LARGE MARBLE,c:\Users\ricar\Downloads\TP2-Students\aca-butterflies\train
Image_1492.jpg,LARGE MARBLE,c:\Users\ricar\Downloads\TP2-Students\aca-butterflies\train
Image_3616.jpg,LARGE MARBLE,c:\Users\ricar\Downloads\TP2-Students\aca-butterflies\train
Image_2154.jpg,LARGE MARBLE,c:\Users\ricar\Downloads\TP2-Students\aca-butterflies\train
Image_2177.jpg,LARGE MARBLE,c:\Users\ricar\Downloads\TP2-Students\aca-butterflies\train
Image_1484.jpg,LARGE MARBLE,c:\Users\ricar\Downloads\TP2-Students\aca-butterflies\train
Image_3016.jpg,LARGE MARBLE,c:\Users\ricar\Downloads\TP2-Students\aca-butterflies\train
Image_3061.jpg,LARGE MARBLE,c:\Users\ricar\Downloads\TP2-Students\aca-butterflies\train
Image_2668.jpg,LARGE MARBLE,c:\Users\ricar\Downloads\TP2-Students\aca-butterflies\train
Image_1834.jpg,LARGE MARBLE,c:\Users\ricar\Downloads\TP2-Students\aca-butterflies\train
Image_932.jpg,LARGE MARBLE,c:\Users\ricar\Downloads\TP2-Students\aca-butterflies\train
Image_3172.jpg,LARGE MARBLE,c:\Users\ricar\Downloads\TP2-Students\aca-butterflies\train
Image_2351.jpg,LARGE MARBLE,c:\Users\ricar\Downloads\TP2-Students\aca-butterflies\train
Image_1786.jpg,LARGE MARBLE,c:\Users\ricar\Downloads\TP2-Students\aca-butterflies\train
Image_3398.jpg,MALACHITE,c:\Users\ricar\Downloads\TP2-Students\aca-butterflies\train
Image_3081.jpg,MALACHITE,c:\Users\ricar\Downloads\TP2-Students\aca-butterflies\train
Image_4814.jpg,MALACHITE,c:\Users\ricar\Downloads\TP2-Students\aca-butterflies\train
Image_3273.jpg,MALACHITE,c:\Users\ricar\Downloads\TP2-Students\aca-butterflies\train
Image_3439.jpg,MALACHITE,c:\Users\ricar\Downloads\TP2-Students\aca-butterflies\train
Image_2820.jpg,MALACHITE,c:\Users\ricar\Downloads\TP2-Students\aca-butterflies\train
Image_5032.jpg,MALACHITE,c:\Users\ricar\Downloads\TP2-Students\aca-butterflies\train
Image_1312.jpg,MALACHITE,c:\Users\ricar\Downloads\TP2-Students\aca-butterflies\train
Image_2837.jpg,MALACHITE,c:\Users\ricar\Downloads\TP2-Students\aca-butterflies\train
Image_3282.jpg,MALACHITE,c:\Users\ricar\Downloads\TP2-Students\aca-butterflies\train
Image_4269.jpg,MALACHITE,c:\Users\ricar\Downloads\TP2-Students\aca-butterflies\train
Image_3764.jpg,MALACHITE,c:\Users\ricar\Downloads\TP2-Students\aca-butterflies\train
Image_717.jpg,MALACHITE,c:\Users\ricar\Downloads\TP2-Students\aca-butterflies\train
Image_92.jpg,MALACHITE,c:\Users\ricar\Downloads\TP2-Students\aca-butterflies\train
Image_1883.jpg,MALACHITE,c:\Users\ricar\Downloads\TP2-Students\aca-butterflies\train
Image_321.jpg,MALACHITE,c:\Users\ricar\Downloads\TP2-Students\aca-butterflies\train
Image_594.jpg,MALACHITE,c:\Users\ricar\Downloads\TP2-Students\aca-butterflies\train
Image_3943.jpg,MALACHITE,c:\Users\ricar\Downloads\TP2-Students\aca-butterflies\train
Image_4631.jpg,MALACHITE,c:\Users\ricar\Downloads\TP2-Students\aca-butterflies\train
Image_33.jpg,MALACHITE,c:\Users\ricar\Downloads\TP2-Students\aca-butterflies\train
Image_3965.jpg,MALACHITE,c:\Users\ricar\Downloads\TP2-Students\aca-butterflies\train
Image_957.jpg,MALACHITE,c:\Users\ricar\Downloads\TP2-Students\aca-butterflies\train
Image_2508.jpg,MALACHITE,c:\Users\ricar\Downloads\TP2-Students\aca-butterflies\train
Image_3974.jpg,MALACHITE,c:\Users\ricar\Downloads\TP2-Students\aca-butterflies\train
Image_5099.jpg,MALACHITE,c:\Users\ricar\Downloads\TP2-Students\aca-butterflies\train
Image_3256.jpg,MALACHITE,c:\Users\ricar\Downloads\TP2-Students\aca-butterflies\train
Image_2215.jpg,MALACHITE,c:\Users\ricar\Downloads\TP2-Students\aca-butterflies\train
Image_3593.jpg,MALACHITE,c:\Users\ricar\Downloads\TP2-Students\aca-butterflies\train
Image_3533.jpg,MALACHITE,c:\Users\ricar\Downloads\TP2-Students\aca-butterflies\train
Image_5180.jpg,MALACHITE,c:\Users\ricar\Downloads\TP2-Students\aca-butterflies\train
Image_4989.jpg,MALACHITE,c:\Users\ricar\Downloads\TP2-Students\aca-butterflies\train
Image_558.jpg,MALACHITE,c:\Users\ricar\Downloads\TP2-Students\aca-butterflies\train
Image_4544.jpg,MALACHITE,c:\Users\ricar\Downloads\TP2-Students\aca-butterflies\train
Image_1636.jpg,MALACHITE,c:\Users\ricar\Downloads\TP2-Students\aca-butterflies\train
Image_3834.jpg,MALACHITE,c:\Users\ricar\Downloads\TP2-Students\aca-butterflies\train
Image_3228.jpg,MALACHITE,c:\Users\ricar\Downloads\TP2-Students\aca-butterflies\train
Image_2018.jpg,MALACHITE,c:\Users\ricar\Downloads\TP2-Students\aca-butterflies\train
Image_3631.jpg,MALACHITE,c:\Users\ricar\Downloads\TP2-Students\aca-butterflies\train
Image_4585.jpg,MALACHITE,c:\Users\ricar\Downloads\TP2-Students\aca-butterflies\train
Image_289.jpg,MALACHITE,c:\Users\ricar\Downloads\TP2-Students\aca-butterflies\train
Image_2669.jpg,MANGROVE SKIPPER,c:\Users\ricar\Downloads\TP2-Students\aca-butterflies\train
Image_1653.jpg,MANGROVE SKIPPER,c:\Users\ricar\Downloads\TP2-Students\aca-butterflies\train
Image_5121.jpg,MANGROVE SKIPPER,c:\Users\ricar\Downloads\TP2-Students\aca-butterflies\train
Image_4104.jpg,MANGROVE SKIPPER,c:\Users\ricar\Downloads\TP2-Students\aca-butterflies\train
Image_1329.jpg,MANGROVE SKIPPER,c:\Users\ricar\Downloads\TP2-Students\aca-butterflies\train
Image_1334.jpg,MANGROVE SKIPPER,c:\Users\ricar\Downloads\TP2-Students\aca-butterflies\train
Image_4358.jpg,MANGROVE SKIPPER,c:\Users\ricar\Downloads\TP2-Students\aca-butterflies\train
Image_1738.jpg,MANGROVE SKIPPER,c:\Users\ricar\Downloads\TP2-Students\aca-butterflies\train
Image_4096.jpg,MANGROVE SKIPPER,c:\Users\ricar\Downloads\TP2-Students\aca-butterflies\train
Image_3986.jpg,MANGROVE SKIPPER,c:\Users\ricar\Downloads\TP2-Students\aca-butterflies\train
Image_1605.jpg,MANGROVE SKIPPER,c:\Users\ricar\Downloads\TP2-Students\aca-butterflies\train
Image_1433.jpg,MANGROVE SKIPPER,c:\Users\ricar\Downloads\TP2-Students\aca-butterflies\train
Image_3699.jpg,MANGROVE SKIPPER,c:\Users\ricar\Downloads\TP2-Students\aca-butterflies\train
Image_3403.jpg,MANGROVE SKIPPER,c:\Users\ricar\Downloads\TP2-Students\aca-butterflies\train
Image_1503.jpg,MANGROVE SKIPPER,c:\Users\ricar\Downloads\TP2-Students\aca-butterflies\train
Image_2542.jpg,MANGROVE SKIPPER,c:\Users\ricar\Downloads\TP2-Students\aca-butterflies\train
Image_2097.jpg,MANGROVE SKIPPER,c:\Users\ricar\Downloads\TP2-Students\aca-butterflies\train
Image_1567.jpg,MANGROVE SKIPPER,c:\Users\ricar\Downloads\TP2-Students\aca-butterflies\train
Image_2574.jpg,MANGROVE SKIPPER,c:\Users\ricar\Downloads\TP2-Students\aca-butterflies\train
Image_1461.jpg,MANGROVE SKIPPER,c:\Users\ricar\Downloads\TP2-Students\aca-butterflies\train
Image_539.jpg,MANGROVE SKIPPER,c:\Users\ricar\Downloads\TP2-Students\aca-butterflies\train
Image_2087.jpg,MANGROVE SKIPPER,c:\Users\ricar\Downloads\TP2-Students\aca-butterflies\train
Image_196.jpg,MANGROVE SKIPPER,c:\Users\ricar\Downloads\TP2-Students\aca-butterflies\train
Image_4455.jpg,MANGROVE SKIPPER,c:\Users\ricar\Downloads\TP2-Students\aca-butterflies\train
Image_405.jpg,MANGROVE SKIPPER,c:\Users\ricar\Downloads\TP2-Students\aca-butterflies\train
Image_4384.jpg,MANGROVE SKIPPER,c:\Users\ricar\Downloads\TP2-Students\aca-butterflies\train
Image_1006.jpg,MANGROVE SKIPPER,c:\Users\ricar\Downloads\TP2-Students\aca-butterflies\train
Image_392.jpg,MANGROVE SKIPPER,c:\Users\ricar\Downloads\TP2-Students\aca-butterflies\train
Image_3143.jpg,MANGROVE SKIPPER,c:\Users\ricar\Downloads\TP2-Students\aca-butterflies\train
Image_4294.jpg,MANGROVE SKIPPER,c:\Users\ricar\Downloads\TP2-Students\aca-butterflies\train
Image_1055.jpg,MANGROVE SKIPPER,c:\Users\ricar\Downloads\TP2-Students\aca-butterflies\train
Image_2545.jpg,MANGROVE SKIPPER,c:\Users\ricar\Downloads\TP2-Students\aca-butterflies\train
Image_4470.jpg,MANGROVE SKIPPER,c:\Users\ricar\Downloads\TP2-Students\aca-butterflies\train
Image_545.jpg,MANGROVE SKIPPER,c:\Users\ricar\Downloads\TP2-Students\aca-butterflies\train
Image_5057.jpg,MANGROVE SKIPPER,c:\Users\ricar\Downloads\TP2-Students\aca-butterflies\train
Image_2402.jpg,MANGROVE SKIPPER,c:\Users\ricar\Downloads\TP2-Students\aca-butterflies\train
Image_2413.jpg,MANGROVE SKIPPER,c:\Users\ricar\Downloads\TP2-Students\aca-butterflies\train
Image_4406.jpg,MANGROVE SKIPPER,c:\Users\ricar\Downloads\TP2-Students\aca-butterflies\train
Image_469.jpg,MANGROVE SKIPPER,c:\Users\ricar\Downloads\TP2-Students\aca-butterflies\train
Image_4703.jpg,MANGROVE SKIPPER,c:\Users\ricar\Downloads\TP2-Students\aca-butterflies\train
Image_2039.jpg,MANGROVE SKIPPER,c:\Users\ricar\Downloads\TP2-Students\aca-butterflies\train
Image_2849.jpg,MANGROVE SKIPPER,c:\Users\ricar\Downloads\TP2-Students\aca-butterflies\train
Image_5196.jpg,MANGROVE SKIPPER,c:\Users\ricar\Downloads\TP2-Students\aca-butterflies\train
Image_3494.jpg,MANGROVE SKIPPER,c:\Users\ricar\Downloads\TP2-Students\aca-butterflies\train
Image_20.jpg,MANGROVE SKIPPER,c:\Users\ricar\Downloads\TP2-Students\aca-butterflies\train
Image_1604.jpg,MANGROVE SKIPPER,c:\Users\ricar\Downloads\TP2-Students\aca-butterflies\train
Image_1631.jpg,MANGROVE SKIPPER,c:\Users\ricar\Downloads\TP2-Students\aca-butterflies\train
Image_41.jpg,MANGROVE SKIPPER,c:\Users\ricar\Downloads\TP2-Students\aca-butterflies\train
Image_3117.jpg,MANGROVE SKIPPER,c:\Users\ricar\Downloads\TP2-Students\aca-butterflies\train
Image_546.jpg,MESTRA,c:\Users\ricar\Downloads\TP2-Students\aca-butterflies\train
Image_556.jpg,MESTRA,c:\Users\ricar\Downloads\TP2-Students\aca-butterflies\train
Image_2500.jpg,MESTRA,c:\Users\ricar\Downloads\TP2-Students\aca-butterflies\train
Image_3701.jpg,MESTRA,c:\Users\ricar\Downloads\TP2-Students\aca-butterflies\train
Image_4547.jpg,MESTRA,c:\Users\ricar\Downloads\TP2-Students\aca-butterflies\train
Image_2614.jpg,MESTRA,c:\Users\ricar\Downloads\TP2-Students\aca-butterflies\train
Image_4830.jpg,MESTRA,c:\Users\ricar\Downloads\TP2-Students\aca-butterflies\train
Image_2578.jpg,MESTRA,c:\Users\ricar\Downloads\TP2-Students\aca-butterflies\train
Image_175.jpg,MESTRA,c:\Users\ricar\Downloads\TP2-Students\aca-butterflies\train
Image_1712.jpg,MESTRA,c:\Users\ricar\Downloads\TP2-Students\aca-butterflies\train
Image_2611.jpg,MESTRA,c:\Users\ricar\Downloads\TP2-Students\aca-butterflies\train
Image_3388.jpg,MESTRA,c:\Users\ricar\Downloads\TP2-Students\aca-butterflies\train
Image_2251.jpg,MESTRA,c:\Users\ricar\Downloads\TP2-Students\aca-butterflies\train
Image_836.jpg,MESTRA,c:\Users\ricar\Downloads\TP2-Students\aca-butterflies\train
Image_928.jpg,MESTRA,c:\Users\ricar\Downloads\TP2-Students\aca-butterflies\train
Image_5046.jpg,MESTRA,c:\Users\ricar\Downloads\TP2-Students\aca-butterflies\train
Image_3430.jpg,MESTRA,c:\Users\ricar\Downloads\TP2-Students\aca-butterflies\train
Image_646.jpg,MESTRA,c:\Users\ricar\Downloads\TP2-Students\aca-butterflies\train
Image_2556.jpg,MESTRA,c:\Users\ricar\Downloads\TP2-Students\aca-butterflies\train
Image_5063.jpg,MESTRA,c:\Users\ricar\Downloads\TP2-Students\aca-butterflies\train
Image_4501.jpg,MESTRA,c:\Users\ricar\Downloads\TP2-Students\aca-butterflies\train
Image_567.jpg,MESTRA,c:\Users\ricar\Downloads\TP2-Students\aca-butterflies\train
Image_2071.jpg,MESTRA,c:\Users\ricar\Downloads\TP2-Students\aca-butterflies\train
Image_1018.jpg,MESTRA,c:\Users\ricar\Downloads\TP2-Students\aca-butterflies\train
Image_4715.jpg,MESTRA,c:\Users\ricar\Downloads\TP2-Students\aca-butterflies\train
Image_1795.jpg,MESTRA,c:\Users\ricar\Downloads\TP2-Students\aca-butterflies\train
Image_4887.jpg,MESTRA,c:\Users\ricar\Downloads\TP2-Students\aca-butterflies\train
Image_3348.jpg,MESTRA,c:\Users\ricar\Downloads\TP2-Students\aca-butterflies\train
Image_5076.jpg,MESTRA,c:\Users\ricar\Downloads\TP2-Students\aca-butterflies\train
Image_1125.jpg,MESTRA,c:\Users\ricar\Downloads\TP2-Students\aca-butterflies\train
Image_1248.jpg,MESTRA,c:\Users\ricar\Downloads\TP2-Students\aca-butterflies\train
Image_3629.jpg,MESTRA,c:\Users\ricar\Downloads\TP2-Students\aca-butterflies\train
Image_347.jpg,MESTRA,c:\Users\ricar\Downloads\TP2-Students\aca-butterflies\train
Image_310.jpg,MESTRA,c:\Users\ricar\Downloads\TP2-Students\aca-butterflies\train
Image_4461.jpg,MESTRA,c:\Users\ricar\Downloads\TP2-Students\aca-butterflies\train
Image_2850.jpg,MESTRA,c:\Users\ricar\Downloads\TP2-Students\aca-butterflies\train
Image_3760.jpg,MESTRA,c:\Users\ricar\Downloads\TP2-Students\aca-butterflies\train
Image_3334.jpg,MESTRA,c:\Users\ricar\Downloads\TP2-Students\aca-butterflies\train
Image_4825.jpg,MESTRA,c:\Users\ricar\Downloads\TP2-Students\aca-butterflies\train
Image_3673.jpg,MESTRA,c:\Users\ricar\Downloads\TP2-Students\aca-butterflies\train
Image_2598.jpg,MESTRA,c:\Users\ricar\Downloads\TP2-Students\aca-butterflies\train
Image_2304.jpg,MESTRA,c:\Users\ricar\Downloads\TP2-Students\aca-butterflies\train
Image_2047.jpg,MESTRA,c:\Users\ricar\Downloads\TP2-Students\aca-butterflies\train
Image_4024.jpg,MESTRA,c:\Users\ricar\Downloads\TP2-Students\aca-butterflies\train
Image_4328.jpg,MESTRA,c:\Users\ricar\Downloads\TP2-Students\aca-butterflies\train
Image_4976.jpg,MESTRA,c:\Users\ricar\Downloads\TP2-Students\aca-butterflies\train
Image_3957.jpg,MESTRA,c:\Users\ricar\Downloads\TP2-Students\aca-butterflies\train
Image_3316.jpg,MESTRA,c:\Users\ricar\Downloads\TP2-Students\aca-butterflies\train
Image_211.jpg,METALMARK,c:\Users\ricar\Downloads\TP2-Students\aca-butterflies\train
Image_2620.jpg,METALMARK,c:\Users\ricar\Downloads\TP2-Students\aca-butterflies\train
Image_2046.jpg,METALMARK,c:\Users\ricar\Downloads\TP2-Students\aca-butterflies\train
Image_2064.jpg,METALMARK,c:\Users\ricar\Downloads\TP2-Students\aca-butterflies\train
Image_4756.jpg,METALMARK,c:\Users\ricar\Downloads\TP2-Students\aca-butterflies\train
Image_3776.jpg,METALMARK,c:\Users\ricar\Downloads\TP2-Students\aca-butterflies\train
Image_1603.jpg,METALMARK,c:\Users\ricar\Downloads\TP2-Students\aca-butterflies\train
Image_3718.jpg,METALMARK,c:\Users\ricar\Downloads\TP2-Students\aca-butterflies\train
Image_3523.jpg,METALMARK,c:\Users\ricar\Downloads\TP2-Students\aca-butterflies\train
Image_3049.jpg,METALMARK,c:\Users\ricar\Downloads\TP2-Students\aca-butterflies\train
Image_742.jpg,METALMARK,c:\Users\ricar\Downloads\TP2-Students\aca-butterflies\train
Image_1317.jpg,METALMARK,c:\Users\ricar\Downloads\TP2-Students\aca-butterflies\train
Image_3914.jpg,METALMARK,c:\Users\ricar\Downloads\TP2-Students\aca-butterflies\train
Image_4903.jpg,METALMARK,c:\Users\ricar\Downloads\TP2-Students\aca-butterflies\train
Image_3277.jpg,METALMARK,c:\Users\ricar\Downloads\TP2-Students\aca-butterflies\train
Image_4128.jpg,METALMARK,c:\Users\ricar\Downloads\TP2-Students\aca-butterflies\train
Image_3982.jpg,METALMARK,c:\Users\ricar\Downloads\TP2-Students\aca-butterflies\train
Image_2232.jpg,METALMARK,c:\Users\ricar\Downloads\TP2-Students\aca-butterflies\train
Image_2073.jpg,METALMARK,c:\Users\ricar\Downloads\TP2-Students\aca-butterflies\train
Image_2434.jpg,METALMARK,c:\Users\ricar\Downloads\TP2-Students\aca-butterflies\train
Image_394.jpg,METALMARK,c:\Users\ricar\Downloads\TP2-Students\aca-butterflies\train
Image_2880.jpg,METALMARK,c:\Users\ricar\Downloads\TP2-Students\aca-butterflies\train
Image_4253.jpg,METALMARK,c:\Users\ricar\Downloads\TP2-Students\aca-butterflies\train
Image_470.jpg,METALMARK,c:\Users\ricar\Downloads\TP2-Students\aca-butterflies\train
Image_172.jpg,METALMARK,c:\Users\ricar\Downloads\TP2-Students\aca-butterflies\train
Image_1680.jpg,METALMARK,c:\Users\ricar\Downloads\TP2-Students\aca-butterflies\train
Image_406.jpg,METALMARK,c:\Users\ricar\Downloads\TP2-Students\aca-butterflies\train
Image_4244.jpg,METALMARK,c:\Users\ricar\Downloads\TP2-Students\aca-butterflies\train
Image_14.jpg,METALMARK,c:\Users\ricar\Downloads\TP2-Students\aca-butterflies\train
Image_2199.jpg,METALMARK,c:\Users\ricar\Downloads\TP2-Students\aca-butterflies\train
Image_2604.jpg,METALMARK,c:\Users\ricar\Downloads\TP2-Students\aca-butterflies\train
Image_5007.jpg,METALMARK,c:\Users\ricar\Downloads\TP2-Students\aca-butterflies\train
Image_2070.jpg,METALMARK,c:\Users\ricar\Downloads\TP2-Students\aca-butterflies\train
Image_3075.jpg,METALMARK,c:\Users\ricar\Downloads\TP2-Students\aca-butterflies\train
Image_2080.jpg,METALMARK,c:\Users\ricar\Downloads\TP2-Students\aca-butterflies\train
Image_2150.jpg,METALMARK,c:\Users\ricar\Downloads\TP2-Students\aca-butterflies\train
Image_2989.jpg,METALMARK,c:\Users\ricar\Downloads\TP2-Students\aca-butterflies\train
Image_2510.jpg,METALMARK,c:\Users\ricar\Downloads\TP2-Students\aca-butterflies\train
Image_4212.jpg,METALMARK,c:\Users\ricar\Downloads\TP2-Students\aca-butterflies\train
Image_919.jpg,METALMARK,c:\Users\ricar\Downloads\TP2-Students\aca-butterflies\train
Image_3714.jpg,METALMARK,c:\Users\ricar\Downloads\TP2-Students\aca-butterflies\train
Image_2599.jpg,METALMARK,c:\Users\ricar\Downloads\TP2-Students\aca-butterflies\train
Image_5124.jpg,MILBERTS TORTOISESHELL,c:\Users\ricar\Downloads\TP2-Students\aca-butterflies\train
Image_3070.jpg,MILBERTS TORTOISESHELL,c:\Users\ricar\Downloads\TP2-Students\aca-butterflies\train
Image_3497.jpg,MILBERTS TORTOISESHELL,c:\Users\ricar\Downloads\TP2-Students\aca-butterflies\train
Image_4280.jpg,MILBERTS TORTOISESHELL,c:\Users\ricar\Downloads\TP2-Students\aca-butterflies\train
Image_1167.jpg,MILBERTS TORTOISESHELL,c:\Users\ricar\Downloads\TP2-Students\aca-butterflies\train
Image_1249.jpg,MILBERTS TORTOISESHELL,c:\Users\ricar\Downloads\TP2-Students\aca-butterflies\train
Image_808.jpg,MILBERTS TORTOISESHELL,c:\Users\ricar\Downloads\TP2-Students\aca-butterflies\train
Image_2153.jpg,MILBERTS TORTOISESHELL,c:\Users\ricar\Downloads\TP2-Students\aca-butterflies\train
Image_784.jpg,MILBERTS TORTOISESHELL,c:\Users\ricar\Downloads\TP2-Students\aca-butterflies\train
Image_1080.jpg,MILBERTS TORTOISESHELL,c:\Users\ricar\Downloads\TP2-Students\aca-butterflies\train
Image_4767.jpg,MILBERTS TORTOISESHELL,c:\Users\ricar\Downloads\TP2-Students\aca-butterflies\train
Image_525.jpg,MILBERTS TORTOISESHELL,c:\Users\ricar\Downloads\TP2-Students\aca-butterflies\train
Image_1602.jpg,MILBERTS TORTOISESHELL,c:\Users\ricar\Downloads\TP2-Students\aca-butterflies\train
Image_2629.jpg,MILBERTS TORTOISESHELL,c:\Users\ricar\Downloads\TP2-Students\aca-butterflies\train
Image_1531.jpg,MILBERTS TORTOISESHELL,c:\Users\ricar\Downloads\TP2-Students\aca-butterflies\train
Image_951.jpg,MILBERTS TORTOISESHELL,c:\Users\ricar\Downloads\TP2-Students\aca-butterflies\train
Image_1269.jpg,MILBERTS TORTOISESHELL,c:\Users\ricar\Downloads\TP2-Students\aca-butterflies\train
Image_2030.jpg,MILBERTS TORTOISESHELL,c:\Users\ricar\Downloads\TP2-Students\aca-butterflies\train
Image_1768.jpg,MILBERTS TORTOISESHELL,c:\Users\ricar\Downloads\TP2-Students\aca-butterflies\train
Image_12.jpg,MILBERTS TORTOISESHELL,c:\Users\ricar\Downloads\TP2-Students\aca-butterflies\train
Image_1937.jpg,MILBERTS TORTOISESHELL,c:\Users\ricar\Downloads\TP2-Students\aca-butterflies\train
Image_2052.jpg,MILBERTS TORTOISESHELL,c:\Users\ricar\Downloads\TP2-Students\aca-butterflies\train
Image_605.jpg,MILBERTS TORTOISESHELL,c:\Users\ricar\Downloads\TP2-Students\aca-butterflies\train
Image_3066.jpg,MILBERTS TORTOISESHELL,c:\Users\ricar\Downloads\TP2-Students\aca-butterflies\train
Image_297.jpg,MILBERTS TORTOISESHELL,c:\Users\ricar\Downloads\TP2-Students\aca-butterflies\train
Image_3096.jpg,MILBERTS TORTOISESHELL,c:\Users\ricar\Downloads\TP2-Students\aca-butterflies\train
Image_4101.jpg,MILBERTS TORTOISESHELL,c:\Users\ricar\Downloads\TP2-Students\aca-butterflies\train
Image_1134.jpg,MILBERTS TORTOISESHELL,c:\Users\ricar\Downloads\TP2-Students\aca-butterflies\train
Image_3473.jpg,MILBERTS TORTOISESHELL,c:\Users\ricar\Downloads\TP2-Students\aca-butterflies\train
Image_208.jpg,MILBERTS TORTOISESHELL,c:\Users\ricar\Downloads\TP2-Students\aca-butterflies\train
Image_3422.jpg,MILBERTS TORTOISESHELL,c:\Users\ricar\Downloads\TP2-Students\aca-butterflies\train
Image_1035.jpg,MILBERTS TORTOISESHELL,c:\Users\ricar\Downloads\TP2-Students\aca-butterflies\train
Image_220.jpg,MILBERTS TORTOISESHELL,c:\Users\ricar\Downloads\TP2-Students\aca-butterflies\train
Image_530.jpg,MILBERTS TORTOISESHELL,c:\Users\ricar\Downloads\TP2-Students\aca-butterflies\train
Image_2306.jpg,MILBERTS TORTOISESHELL,c:\Users\ricar\Downloads\TP2-Students\aca-butterflies\train
Image_1865.jpg,MILBERTS TORTOISESHELL,c:\Users\ricar\Downloads\TP2-Students\aca-butterflies\train
Image_4197.jpg,MILBERTS TORTOISESHELL,c:\Users\ricar\Downloads\TP2-Students\aca-butterflies\train
Image_3378.jpg,MILBERTS TORTOISESHELL,c:\Users\ricar\Downloads\TP2-Students\aca-butterflies\train
Image_350.jpg,MILBERTS TORTOISESHELL,c:\Users\ricar\Downloads\TP2-Students\aca-butterflies\train
Image_3880.jpg,MILBERTS TORTOISESHELL,c:\Users\ricar\Downloads\TP2-Students\aca-butterflies\train
Image_4604.jpg,MILBERTS TORTOISESHELL,c:\Users\ricar\Downloads\TP2-Students\aca-butterflies\train
Image_4048.jpg,MILBERTS TORTOISESHELL,c:\Users\ricar\Downloads\TP2-Students\aca-butterflies\train
Image_942.jpg,MILBERTS TORTOISESHELL,c:\Users\ricar\Downloads\TP2-Students\aca-butterflies\train
Image_1600.jpg,MILBERTS TORTOISESHELL,c:\Users\ricar\Downloads\TP2-Students\aca-butterflies\train
Image_4239.jpg,MILBERTS TORTOISESHELL,c:\Users\ricar\Downloads\TP2-Students\aca-butterflies\train
Image_4434.jpg,MILBERTS TORTOISESHELL,c:\Users\ricar\Downloads\TP2-Students\aca-butterflies\train
Image_1175.jpg,MILBERTS TORTOISESHELL,c:\Users\ricar\Downloads\TP2-Students\aca-butterflies\train
Image_3279.jpg,MILBERTS TORTOISESHELL,c:\Users\ricar\Downloads\TP2-Students\aca-butterflies\train
Image_3443.jpg,MILBERTS TORTOISESHELL,c:\Users\ricar\Downloads\TP2-Students\aca-butterflies\train
Image_3031.jpg,MILBERTS TORTOISESHELL,c:\Users\ricar\Downloads\TP2-Students\aca-butterflies\train
Image_841.jpg,MILBERTS TORTOISESHELL,c:\Users\ricar\Downloads\TP2-Students\aca-butterflies\train
Image_992.jpg,MILBERTS TORTOISESHELL,c:\Users\ricar\Downloads\TP2-Students\aca-butterflies\train
Image_747.jpg,MILBERTS TORTOISESHELL,c:\Users\ricar\Downloads\TP2-Students\aca-butterflies\train
Image_1800.jpg,MONARCH,c:\Users\ricar\Downloads\TP2-Students\aca-butterflies\train
Image_4085.jpg,MONARCH,c:\Users\ricar\Downloads\TP2-Students\aca-butterflies\train
Image_917.jpg,MONARCH,c:\Users\ricar\Downloads\TP2-Students\aca-butterflies\train
Image_3352.jpg,MONARCH,c:\Users\ricar\Downloads\TP2-Students\aca-butterflies\train
Image_3445.jpg,MONARCH,c:\Users\ricar\Downloads\TP2-Students\aca-butterflies\train
Image_3920.jpg,MONARCH,c:\Users\ricar\Downloads\TP2-Students\aca-butterflies\train
Image_2133.jpg,MONARCH,c:\Users\ricar\Downloads\TP2-Students\aca-butterflies\train
Image_1907.jpg,MONARCH,c:\Users\ricar\Downloads\TP2-Students\aca-butterflies\train
Image_4002.jpg,MONARCH,c:\Users\ricar\Downloads\TP2-Students\aca-butterflies\train
Image_4377.jpg,MONARCH,c:\Users\ricar\Downloads\TP2-Students\aca-butterflies\train
Image_4919.jpg,MONARCH,c:\Users\ricar\Downloads\TP2-Students\aca-butterflies\train
Image_4395.jpg,MONARCH,c:\Users\ricar\Downloads\TP2-Students\aca-butterflies\train
Image_2088.jpg,MONARCH,c:\Users\ricar\Downloads\TP2-Students\aca-butterflies\train
Image_2231.jpg,MONARCH,c:\Users\ricar\Downloads\TP2-Students\aca-butterflies\train
Image_1951.jpg,MONARCH,c:\Users\ricar\Downloads\TP2-Students\aca-butterflies\train
Image_2573.jpg,MONARCH,c:\Users\ricar\Downloads\TP2-Students\aca-butterflies\train
Image_3509.jpg,MONARCH,c:\Users\ricar\Downloads\TP2-Students\aca-butterflies\train
Image_3054.jpg,MONARCH,c:\Users\ricar\Downloads\TP2-Students\aca-butterflies\train
Image_42.jpg,MONARCH,c:\Users\ricar\Downloads\TP2-Students\aca-butterflies\train
Image_2790.jpg,MONARCH,c:\Users\ricar\Downloads\TP2-Students\aca-butterflies\train
Image_1036.jpg,MONARCH,c:\Users\ricar\Downloads\TP2-Students\aca-butterflies\train
Image_1957.jpg,MONARCH,c:\Users\ricar\Downloads\TP2-Students\aca-butterflies\train
Image_1156.jpg,MONARCH,c:\Users\ricar\Downloads\TP2-Students\aca-butterflies\train
Image_4877.jpg,MONARCH,c:\Users\ricar\Downloads\TP2-Students\aca-butterflies\train
Image_955.jpg,MONARCH,c:\Users\ricar\Downloads\TP2-Students\aca-butterflies\train
Image_3393.jpg,MONARCH,c:\Users\ricar\Downloads\TP2-Students\aca-butterflies\train
Image_2280.jpg,MONARCH,c:\Users\ricar\Downloads\TP2-Students\aca-butterflies\train
Image_4527.jpg,MONARCH,c:\Users\ricar\Downloads\TP2-Students\aca-butterflies\train
Image_761.jpg,MONARCH,c:\Users\ricar\Downloads\TP2-Students\aca-butterflies\train
Image_4760.jpg,MONARCH,c:\Users\ricar\Downloads\TP2-Students\aca-butterflies\train
Image_3864.jpg,MONARCH,c:\Users\ricar\Downloads\TP2-Students\aca-butterflies\train
Image_4360.jpg,MONARCH,c:\Users\ricar\Downloads\TP2-Students\aca-butterflies\train
Image_4482.jpg,MONARCH,c:\Users\ricar\Downloads\TP2-Students\aca-butterflies\train
Image_1976.jpg,MONARCH,c:\Users\ricar\Downloads\TP2-Students\aca-butterflies\train
Image_4160.jpg,MONARCH,c:\Users\ricar\Downloads\TP2-Students\aca-butterflies\train
Image_4726.jpg,MONARCH,c:\Users\ricar\Downloads\TP2-Students\aca-butterflies\train
Image_4425.jpg,MONARCH,c:\Users\ricar\Downloads\TP2-Students\aca-butterflies\train
Image_2525.jpg,MONARCH,c:\Users\ricar\Downloads\TP2-Students\aca-butterflies\train
Image_4430.jpg,MONARCH,c:\Users\ricar\Downloads\TP2-Students\aca-butterflies\train
Image_4595.jpg,MONARCH,c:\Users\ricar\Downloads\TP2-Students\aca-butterflies\train
Image_559.jpg,MONARCH,c:\Users\ricar\Downloads\TP2-Students\aca-butterflies\train
Image_1063.jpg,MONARCH,c:\Users\ricar\Downloads\TP2-Students\aca-butterflies\train
Image_3090.jpg,MONARCH,c:\Users\ricar\Downloads\TP2-Students\aca-butterflies\train
Image_45.jpg,MONARCH,c:\Users\ricar\Downloads\TP2-Students\aca-butterflies\train
Image_55.jpg,MONARCH,c:\Users\ricar\Downloads\TP2-Students\aca-butterflies\train
Image_2532.jpg,MONARCH,c:\Users\ricar\Downloads\TP2-Students\aca-butterflies\train
Image_1593.jpg,MONARCH,c:\Users\ricar\Downloads\TP2-Students\aca-butterflies\train
Image_31.jpg,MONARCH,c:\Users\ricar\Downloads\TP2-Students\aca-butterflies\train
Image_3167.jpg,MONARCH,c:\Users\ricar\Downloads\TP2-Students\aca-butterflies\train
Image_3884.jpg,MONARCH,c:\Users\ricar\Downloads\TP2-Students\aca-butterflies\train
Image_6.jpg,MOURNING CLOAK,c:\Users\ricar\Downloads\TP2-Students\aca-butterflies\train
Image_1185.jpg,MOURNING CLOAK,c:\Users\ricar\Downloads\TP2-Students\aca-butterflies\train
Image_3787.jpg,MOURNING CLOAK,c:\Users\ricar\Downloads\TP2-Students\aca-butterflies\train
Image_1129.jpg,MOURNING CLOAK,c:\Users\ricar\Downloads\TP2-Students\aca-butterflies\train
Image_3187.jpg,MOURNING CLOAK,c:\Users\ricar\Downloads\TP2-Students\aca-butterflies\train
Image_2881.jpg,MOURNING CLOAK,c:\Users\ricar\Downloads\TP2-Students\aca-butterflies\train
Image_1917.jpg,MOURNING CLOAK,c:\Users\ricar\Downloads\TP2-Students\aca-butterflies\train
Image_2372.jpg,MOURNING CLOAK,c:\Users\ricar\Downloads\TP2-Students\aca-butterflies\train
Image_3777.jpg,MOURNING CLOAK,c:\Users\ricar\Downloads\TP2-Students\aca-butterflies\train
Image_4693.jpg,MOURNING CLOAK,c:\Users\ricar\Downloads\TP2-Students\aca-butterflies\train
Image_4419.jpg,MOURNING CLOAK,c:\Users\ricar\Downloads\TP2-Students\aca-butterflies\train
Image_3868.jpg,MOURNING CLOAK,c:\Users\ricar\Downloads\TP2-Students\aca-butterflies\train
Image_3939.jpg,MOURNING CLOAK,c:\Users\ricar\Downloads\TP2-Students\aca-butterflies\train
Image_4831.jpg,MOURNING CLOAK,c:\Users\ricar\Downloads\TP2-Students\aca-butterflies\train
Image_3830.jpg,MOURNING CLOAK,c:\Users\ricar\Downloads\TP2-Students\aca-butterflies\train
Image_627.jpg,MOURNING CLOAK,c:\Users\ricar\Downloads\TP2-Students\aca-butterflies\train
Image_4828.jpg,MOURNING CLOAK,c:\Users\ricar\Downloads\TP2-Students\aca-butterflies\train
Image_3771.jpg,MOURNING CLOAK,c:\Users\ricar\Downloads\TP2-Students\aca-butterflies\train
Image_2261.jpg,MOURNING CLOAK,c:\Users\ricar\Downloads\TP2-Students\aca-butterflies\train
Image_1005.jpg,MOURNING CLOAK,c:\Users\ricar\Downloads\TP2-Students\aca-butterflies\train
Image_773.jpg,MOURNING CLOAK,c:\Users\ricar\Downloads\TP2-Students\aca-butterflies\train
Image_923.jpg,MOURNING CLOAK,c:\Users\ricar\Downloads\TP2-Students\aca-butterflies\train
Image_732.jpg,MOURNING CLOAK,c:\Users\ricar\Downloads\TP2-Students\aca-butterflies\train
Image_5071.jpg,MOURNING CLOAK,c:\Users\ricar\Downloads\TP2-Students\aca-butterflies\train
Image_4157.jpg,MOURNING CLOAK,c:\Users\ricar\Downloads\TP2-Students\aca-butterflies\train
Image_4167.jpg,MOURNING CLOAK,c:\Users\ricar\Downloads\TP2-Students\aca-butterflies\train
Image_3813.jpg,MOURNING CLOAK,c:\Users\ricar\Downloads\TP2-Students\aca-butterflies\train
Image_1439.jpg,MOURNING CLOAK,c:\Users\ricar\Downloads\TP2-Students\aca-butterflies\train
Image_2341.jpg,MOURNING CLOAK,c:\Users\ricar\Downloads\TP2-Students\aca-butterflies\train
Image_2867.jpg,MOURNING CLOAK,c:\Users\ricar\Downloads\TP2-Students\aca-butterflies\train
Image_257.jpg,MOURNING CLOAK,c:\Users\ricar\Downloads\TP2-Students\aca-butterflies\train
Image_2186.jpg,MOURNING CLOAK,c:\Users\ricar\Downloads\TP2-Students\aca-butterflies\train
Image_2968.jpg,MOURNING CLOAK,c:\Users\ricar\Downloads\TP2-Students\aca-butterflies\train
Image_1821.jpg,MOURNING CLOAK,c:\Users\ricar\Downloads\TP2-Students\aca-butterflies\train
Image_3457.jpg,MOURNING CLOAK,c:\Users\ricar\Downloads\TP2-Students\aca-butterflies\train
Image_3769.jpg,MOURNING CLOAK,c:\Users\ricar\Downloads\TP2-Students\aca-butterflies\train
Image_4778.jpg,MOURNING CLOAK,c:\Users\ricar\Downloads\TP2-Students\aca-butterflies\train
Image_2802.jpg,MOURNING CLOAK,c:\Users\ricar\Downloads\TP2-Students\aca-butterflies\train
Image_5093.jpg,MOURNING CLOAK,c:\Users\ricar\Downloads\TP2-Students\aca-butterflies\train
Image_835.jpg,MOURNING CLOAK,c:\Users\ricar\Downloads\TP2-Students\aca-butterflies\train
Image_4721.jpg,MOURNING CLOAK,c:\Users\ricar\Downloads\TP2-Students\aca-butterflies\train
Image_314.jpg,MOURNING CLOAK,c:\Users\ricar\Downloads\TP2-Students\aca-butterflies\train
Image_3654.jpg,MOURNING CLOAK,c:\Users\ricar\Downloads\TP2-Students\aca-butterflies\train
Image_1905.jpg,MOURNING CLOAK,c:\Users\ricar\Downloads\TP2-Students\aca-butterflies\train
Image_2727.jpg,MOURNING CLOAK,c:\Users\ricar\Downloads\TP2-Students\aca-butterflies\train
Image_4635.jpg,MOURNING CLOAK,c:\Users\ricar\Downloads\TP2-Students\aca-butterflies\train
Image_3424.jpg,MOURNING CLOAK,c:\Users\ricar\Downloads\TP2-Students\aca-butterflies\train
Image_4520.jpg,MOURNING CLOAK,c:\Users\ricar\Downloads\TP2-Students\aca-butterflies\train
Image_4891.jpg,MOURNING CLOAK,c:\Users\ricar\Downloads\TP2-Students\aca-butterflies\train
Image_852.jpg,MOURNING CLOAK,c:\Users\ricar\Downloads\TP2-Students\aca-butterflies\train
Image_5148.jpg,MOURNING CLOAK,c:\Users\ricar\Downloads\TP2-Students\aca-butterflies\train
Image_1373.jpg,MOURNING CLOAK,c:\Users\ricar\Downloads\TP2-Students\aca-butterflies\train
Image_3630.jpg,MOURNING CLOAK,c:\Users\ricar\Downloads\TP2-Students\aca-butterflies\train
Image_2982.jpg,MOURNING CLOAK,c:\Users\ricar\Downloads\TP2-Students\aca-butterflies\train
Image_1163.jpg,MOURNING CLOAK,c:\Users\ricar\Downloads\TP2-Students\aca-butterflies\train
Image_4833.jpg,MOURNING CLOAK,c:\Users\ricar\Downloads\TP2-Students\aca-butterflies\train
Image_766.jpg,MOURNING CLOAK,c:\Users\ricar\Downloads\TP2-Students\aca-butterflies\train
Image_4340.jpg,MOURNING CLOAK,c:\Users\ricar\Downloads\TP2-Students\aca-butterflies\train
Image_4414.jpg,MOURNING CLOAK,c:\Users\ricar\Downloads\TP2-Students\aca-butterflies\train
Image_328.jpg,MOURNING CLOAK,c:\Users\ricar\Downloads\TP2-Students\aca-butterflies\train
Image_1516.jpg,MOURNING CLOAK,c:\Users\ricar\Downloads\TP2-Students\aca-butterflies\train
Image_1150.jpg,MOURNING CLOAK,c:\Users\ricar\Downloads\TP2-Students\aca-butterflies\train
Image_2226.jpg,MOURNING CLOAK,c:\Users\ricar\Downloads\TP2-Students\aca-butterflies\train
Image_2787.jpg,MOURNING CLOAK,c:\Users\ricar\Downloads\TP2-Students\aca-butterflies\train
Image_2252.jpg,MOURNING CLOAK,c:\Users\ricar\Downloads\TP2-Students\aca-butterflies\train
Image_4040.jpg,MOURNING CLOAK,c:\Users\ricar\Downloads\TP2-Students\aca-butterflies\train
Image_1404.jpg,MOURNING CLOAK,c:\Users\ricar\Downloads\TP2-Students\aca-butterflies\train
Image_4915.jpg,MOURNING CLOAK,c:\Users\ricar\Downloads\TP2-Students\aca-butterflies\train
Image_1027.jpg,MOURNING CLOAK,c:\Users\ricar\Downloads\TP2-Students\aca-butterflies\train
Image_1961.jpg,MOURNING CLOAK,c:\Users\ricar\Downloads\TP2-Students\aca-butterflies\train
Image_1363.jpg,MOURNING CLOAK,c:\Users\ricar\Downloads\TP2-Students\aca-butterflies\train
Image_2848.jpg,MOURNING CLOAK,c:\Users\ricar\Downloads\TP2-Students\aca-butterflies\train
Image_1425.jpg,MOURNING CLOAK,c:\Users\ricar\Downloads\TP2-Students\aca-butterflies\train
Image_1697.jpg,ORANGE OAKLEAF,c:\Users\ricar\Downloads\TP2-Students\aca-butterflies\train
Image_1037.jpg,ORANGE OAKLEAF,c:\Users\ricar\Downloads\TP2-Students\aca-butterflies\train
Image_3709.jpg,ORANGE OAKLEAF,c:\Users\ricar\Downloads\TP2-Students\aca-butterflies\train
Image_4696.jpg,ORANGE OAKLEAF,c:\Users\ricar\Downloads\TP2-Students\aca-butterflies\train
Image_3101.jpg,ORANGE OAKLEAF,c:\Users\ricar\Downloads\TP2-Students\aca-butterflies\train
Image_4446.jpg,ORANGE OAKLEAF,c:\Users\ricar\Downloads\TP2-Students\aca-butterflies\train
Image_4574.jpg,ORANGE OAKLEAF,c:\Users\ricar\Downloads\TP2-Students\aca-butterflies\train
Image_4200.jpg,ORANGE OAKLEAF,c:\Users\ricar\Downloads\TP2-Students\aca-butterflies\train
Image_911.jpg,ORANGE OAKLEAF,c:\Users\ricar\Downloads\TP2-Students\aca-butterflies\train
Image_1445.jpg,ORANGE OAKLEAF,c:\Users\ricar\Downloads\TP2-Students\aca-butterflies\train
Image_3482.jpg,ORANGE OAKLEAF,c:\Users\ricar\Downloads\TP2-Students\aca-butterflies\train
Image_2254.jpg,ORANGE OAKLEAF,c:\Users\ricar\Downloads\TP2-Students\aca-butterflies\train
Image_4036.jpg,ORANGE OAKLEAF,c:\Users\ricar\Downloads\TP2-Students\aca-butterflies\train
Image_3209.jpg,ORANGE OAKLEAF,c:\Users\ricar\Downloads\TP2-Students\aca-butterflies\train
Image_1971.jpg,ORANGE OAKLEAF,c:\Users\ricar\Downloads\TP2-Students\aca-butterflies\train
Image_4308.jpg,ORANGE OAKLEAF,c:\Users\ricar\Downloads\TP2-Students\aca-butterflies\train
Image_3835.jpg,ORANGE OAKLEAF,c:\Users\ricar\Downloads\TP2-Students\aca-butterflies\train
Image_4065.jpg,ORANGE OAKLEAF,c:\Users\ricar\Downloads\TP2-Students\aca-butterflies\train
Image_4811.jpg,ORANGE OAKLEAF,c:\Users\ricar\Downloads\TP2-Students\aca-butterflies\train
Image_2329.jpg,ORANGE OAKLEAF,c:\Users\ricar\Downloads\TP2-Students\aca-butterflies\train
Image_85.jpg,ORANGE OAKLEAF,c:\Users\ricar\Downloads\TP2-Students\aca-butterflies\train
Image_424.jpg,ORANGE OAKLEAF,c:\Users\ricar\Downloads\TP2-Students\aca-butterflies\train
Image_3029.jpg,ORANGE OAKLEAF,c:\Users\ricar\Downloads\TP2-Students\aca-butterflies\train
Image_1032.jpg,ORANGE OAKLEAF,c:\Users\ricar\Downloads\TP2-Students\aca-butterflies\train
Image_4846.jpg,ORANGE OAKLEAF,c:\Users\ricar\Downloads\TP2-Students\aca-butterflies\train
Image_1955.jpg,ORANGE OAKLEAF,c:\Users\ricar\Downloads\TP2-Students\aca-butterflies\train
Image_3773.jpg,ORANGE OAKLEAF,c:\Users\ricar\Downloads\TP2-Students\aca-butterflies\train
Image_5080.jpg,ORANGE OAKLEAF,c:\Users\ricar\Downloads\TP2-Students\aca-butterflies\train
Image_3067.jpg,ORANGE OAKLEAF,c:\Users\ricar\Downloads\TP2-Students\aca-butterflies\train
Image_3374.jpg,ORANGE OAKLEAF,c:\Users\ricar\Downloads\TP2-Students\aca-butterflies\train
Image_4407.jpg,ORANGE OAKLEAF,c:\Users\ricar\Downloads\TP2-Students\aca-butterflies\train
Image_4490.jpg,ORANGE OAKLEAF,c:\Users\ricar\Downloads\TP2-Students\aca-butterflies\train
Image_838.jpg,ORANGE OAKLEAF,c:\Users\ricar\Downloads\TP2-Students\aca-butterflies\train
Image_584.jpg,ORANGE OAKLEAF,c:\Users\ricar\Downloads\TP2-Students\aca-butterflies\train
Image_884.jpg,ORANGE OAKLEAF,c:\Users\ricar\Downloads\TP2-Students\aca-butterflies\train
Image_1646.jpg,ORANGE OAKLEAF,c:\Users\ricar\Downloads\TP2-Students\aca-butterflies\train
Image_5084.jpg,ORANGE OAKLEAF,c:\Users\ricar\Downloads\TP2-Students\aca-butterflies\train
Image_1554.jpg,ORANGE OAKLEAF,c:\Users\ricar\Downloads\TP2-Students\aca-butterflies\train
Image_1140.jpg,ORANGE OAKLEAF,c:\Users\ricar\Downloads\TP2-Students\aca-butterflies\train
Image_518.jpg,ORANGE OAKLEAF,c:\Users\ricar\Downloads\TP2-Students\aca-butterflies\train
Image_3843.jpg,ORANGE OAKLEAF,c:\Users\ricar\Downloads\TP2-Students\aca-butterflies\train
Image_412.jpg,ORANGE OAKLEAF,c:\Users\ricar\Downloads\TP2-Students\aca-butterflies\train
Image_4159.jpg,ORANGE OAKLEAF,c:\Users\ricar\Downloads\TP2-Students\aca-butterflies\train
Image_1573.jpg,ORANGE OAKLEAF,c:\Users\ricar\Downloads\TP2-Students\aca-butterflies\train
Image_3200.jpg,ORANGE OAKLEAF,c:\Users\ricar\Downloads\TP2-Students\aca-butterflies\train
Image_4335.jpg,ORANGE OAKLEAF,c:\Users\ricar\Downloads\TP2-Students\aca-butterflies\train
Image_2436.jpg,ORANGE OAKLEAF,c:\Users\ricar\Downloads\TP2-Students\aca-butterflies\train
Image_3522.jpg,ORANGE OAKLEAF,c:\Users\ricar\Downloads\TP2-Students\aca-butterflies\train
Image_2300.jpg,ORANGE OAKLEAF,c:\Users\ricar\Downloads\TP2-Students\aca-butterflies\train
Image_1793.jpg,ORANGE TIP,c:\Users\ricar\Downloads\TP2-Students\aca-butterflies\train
Image_4680.jpg,ORANGE TIP,c:\Users\ricar\Downloads\TP2-Students\aca-butterflies\train
Image_2569.jpg,ORANGE TIP,c:\Users\ricar\Downloads\TP2-Students\aca-butterflies\train
Image_2090.jpg,ORANGE TIP,c:\Users\ricar\Downloads\TP2-Students\aca-butterflies\train
Image_2733.jpg,ORANGE TIP,c:\Users\ricar\Downloads\TP2-Students\aca-butterflies\train
Image_2585.jpg,ORANGE TIP,c:\Users\ricar\Downloads\TP2-Students\aca-butterflies\train
Image_1116.jpg,ORANGE TIP,c:\Users\ricar\Downloads\TP2-Students\aca-butterflies\train
Image_4447.jpg,ORANGE TIP,c:\Users\ricar\Downloads\TP2-Students\aca-butterflies\train
Image_344.jpg,ORANGE TIP,c:\Users\ricar\Downloads\TP2-Students\aca-butterflies\train
Image_3244.jpg,ORANGE TIP,c:\Users\ricar\Downloads\TP2-Students\aca-butterflies\train
Image_984.jpg,ORANGE TIP,c:\Users\ricar\Downloads\TP2-Students\aca-butterflies\train
Image_1885.jpg,ORANGE TIP,c:\Users\ricar\Downloads\TP2-Students\aca-butterflies\train
Image_885.jpg,ORANGE TIP,c:\Users\ricar\Downloads\TP2-Students\aca-butterflies\train
Image_1188.jpg,ORANGE TIP,c:\Users\ricar\Downloads\TP2-Students\aca-butterflies\train
Image_4317.jpg,ORANGE TIP,c:\Users\ricar\Downloads\TP2-Students\aca-butterflies\train
Image_2659.jpg,ORANGE TIP,c:\Users\ricar\Downloads\TP2-Students\aca-butterflies\train
Image_563.jpg,ORANGE TIP,c:\Users\ricar\Downloads\TP2-Students\aca-butterflies\train
Image_459.jpg,ORANGE TIP,c:\Users\ricar\Downloads\TP2-Students\aca-butterflies\train
Image_4945.jpg,ORANGE TIP,c:\Users\ricar\Downloads\TP2-Students\aca-butterflies\train
Image_4236.jpg,ORANGE TIP,c:\Users\ricar\Downloads\TP2-Students\aca-butterflies\train
Image_447.jpg,ORANGE TIP,c:\Users\ricar\Downloads\TP2-Students\aca-butterflies\train
Image_3001.jpg,ORANGE TIP,c:\Users\ricar\Downloads\TP2-Students\aca-butterflies\train
Image_5021.jpg,ORANGE TIP,c:\Users\ricar\Downloads\TP2-Students\aca-butterflies\train
Image_2370.jpg,ORANGE TIP,c:\Users\ricar\Downloads\TP2-Students\aca-butterflies\train
Image_4277.jpg,ORANGE TIP,c:\Users\ricar\Downloads\TP2-Students\aca-butterflies\train
Image_578.jpg,ORANGE TIP,c:\Users\ricar\Downloads\TP2-Students\aca-butterflies\train
Image_4847.jpg,ORANGE TIP,c:\Users\ricar\Downloads\TP2-Students\aca-butterflies\train
Image_2827.jpg,ORANGE TIP,c:\Users\ricar\Downloads\TP2-Students\aca-butterflies\train
Image_4345.jpg,ORANGE TIP,c:\Users\ricar\Downloads\TP2-Students\aca-butterflies\train
Image_1013.jpg,ORANGE TIP,c:\Users\ricar\Downloads\TP2-Students\aca-butterflies\train
Image_2161.jpg,ORANGE TIP,c:\Users\ricar\Downloads\TP2-Students\aca-butterflies\train
Image_2044.jpg,ORANGE TIP,c:\Users\ricar\Downloads\TP2-Students\aca-butterflies\train
Image_5014.jpg,ORANGE TIP,c:\Users\ricar\Downloads\TP2-Students\aca-butterflies\train
Image_3961.jpg,ORANGE TIP,c:\Users\ricar\Downloads\TP2-Students\aca-butterflies\train
Image_2355.jpg,ORANGE TIP,c:\Users\ricar\Downloads\TP2-Students\aca-butterflies\train
Image_17.jpg,ORANGE TIP,c:\Users\ricar\Downloads\TP2-Students\aca-butterflies\train
Image_3985.jpg,ORANGE TIP,c:\Users\ricar\Downloads\TP2-Students\aca-butterflies\train
Image_3243.jpg,ORANGE TIP,c:\Users\ricar\Downloads\TP2-Students\aca-butterflies\train
Image_19.jpg,ORANGE TIP,c:\Users\ricar\Downloads\TP2-Students\aca-butterflies\train
Image_4281.jpg,ORANGE TIP,c:\Users\ricar\Downloads\TP2-Students\aca-butterflies\train
Image_4462.jpg,ORANGE TIP,c:\Users\ricar\Downloads\TP2-Students\aca-butterflies\train
Image_4276.jpg,ORANGE TIP,c:\Users\ricar\Downloads\TP2-Students\aca-butterflies\train
Image_979.jpg,ORANGE TIP,c:\Users\ricar\Downloads\TP2-Students\aca-butterflies\train
Image_3591.jpg,ORANGE TIP,c:\Users\ricar\Downloads\TP2-Students\aca-butterflies\train
Image_5182.jpg,ORANGE TIP,c:\Users\ricar\Downloads\TP2-Students\aca-butterflies\train
Image_2539.jpg,ORANGE TIP,c:\Users\ricar\Downloads\TP2-Students\aca-butterflies\train
Image_3053.jpg,ORANGE TIP,c:\Users\ricar\Downloads\TP2-Students\aca-butterflies\train
Image_4894.jpg,ORANGE TIP,c:\Users\ricar\Downloads\TP2-Students\aca-butterflies\train
Image_3645.jpg,ORANGE TIP,c:\Users\ricar\Downloads\TP2-Students\aca-butterflies\train
Image_343.jpg,ORANGE TIP,c:\Users\ricar\Downloads\TP2-Students\aca-butterflies\train
Image_2182.jpg,ORANGE TIP,c:\Users\ricar\Downloads\TP2-Students\aca-butterflies\train
Image_4140.jpg,ORANGE TIP,c:\Users\ricar\Downloads\TP2-Students\aca-butterflies\train
Image_270.jpg,ORANGE TIP,c:\Users\ricar\Downloads\TP2-Students\aca-butterflies\train
Image_2170.jpg,ORCHARD SWALLOW,c:\Users\ricar\Downloads\TP2-Students\aca-butterflies\train
Image_3963.jpg,ORCHARD SWALLOW,c:\Users\ricar\Downloads\TP2-Students\aca-butterflies\train
Image_4812.jpg,ORCHARD SWALLOW,c:\Users\ricar\Downloads\TP2-Students\aca-butterflies\train
Image_3534.jpg,ORCHARD SWALLOW,c:\Users\ricar\Downloads\TP2-Students\aca-butterflies\train
Image_1257.jpg,ORCHARD SWALLOW,c:\Users\ricar\Downloads\TP2-Students\aca-butterflies\train
Image_4187.jpg,ORCHARD SWALLOW,c:\Users\ricar\Downloads\TP2-Students\aca-butterflies\train
Image_4122.jpg,ORCHARD SWALLOW,c:\Users\ricar\Downloads\TP2-Students\aca-butterflies\train
Image_1936.jpg,ORCHARD SWALLOW,c:\Users\ricar\Downloads\TP2-Students\aca-butterflies\train
Image_4959.jpg,ORCHARD SWALLOW,c:\Users\ricar\Downloads\TP2-Students\aca-butterflies\train
Image_1989.jpg,ORCHARD SWALLOW,c:\Users\ricar\Downloads\TP2-Students\aca-butterflies\train
Image_3563.jpg,ORCHARD SWALLOW,c:\Users\ricar\Downloads\TP2-Students\aca-butterflies\train
Image_421.jpg,ORCHARD SWALLOW,c:\Users\ricar\Downloads\TP2-Students\aca-butterflies\train
Image_78.jpg,ORCHARD SWALLOW,c:\Users\ricar\Downloads\TP2-Students\aca-butterflies\train
Image_1444.jpg,ORCHARD SWALLOW,c:\Users\ricar\Downloads\TP2-Students\aca-butterflies\train
Image_2716.jpg,ORCHARD SWALLOW,c:\Users\ricar\Downloads\TP2-Students\aca-butterflies\train
Image_89.jpg,ORCHARD SWALLOW,c:\Users\ricar\Downloads\TP2-Students\aca-butterflies\train
Image_3684.jpg,ORCHARD SWALLOW,c:\Users\ricar\Downloads\TP2-Students\aca-butterflies\train
Image_2448.jpg,ORCHARD SWALLOW,c:\Users\ricar\Downloads\TP2-Students\aca-butterflies\train
Image_968.jpg,ORCHARD SWALLOW,c:\Users\ricar\Downloads\TP2-Students\aca-butterflies\train
Image_4621.jpg,ORCHARD SWALLOW,c:\Users\ricar\Downloads\TP2-Students\aca-butterflies\train
Image_346.jpg,ORCHARD SWALLOW,c:\Users\ricar\Downloads\TP2-Students\aca-butterflies\train
Image_1721.jpg,ORCHARD SWALLOW,c:\Users\ricar\Downloads\TP2-Students\aca-butterflies\train
Image_4505.jpg,ORCHARD SWALLOW,c:\Users\ricar\Downloads\TP2-Students\aca-butterflies\train
Image_589.jpg,ORCHARD SWALLOW,c:\Users\ricar\Downloads\TP2-Students\aca-butterflies\train
Image_3027.jpg,ORCHARD SWALLOW,c:\Users\ricar\Downloads\TP2-Students\aca-butterflies\train
Image_5119.jpg,ORCHARD SWALLOW,c:\Users\ricar\Downloads\TP2-Students\aca-butterflies\train
Image_3484.jpg,ORCHARD SWALLOW,c:\Users\ricar\Downloads\TP2-Students\aca-butterflies\train
Image_2134.jpg,ORCHARD SWALLOW,c:\Users\ricar\Downloads\TP2-Students\aca-butterflies\train
Image_1890.jpg,ORCHARD SWALLOW,c:\Users\ricar\Downloads\TP2-Students\aca-butterflies\train
Image_2736.jpg,ORCHARD SWALLOW,c:\Users\ricar\Downloads\TP2-Students\aca-butterflies\train
Image_187.jpg,ORCHARD SWALLOW,c:\Users\ricar\Downloads\TP2-Students\aca-butterflies\train
Image_1097.jpg,ORCHARD SWALLOW,c:\Users\ricar\Downloads\TP2-Students\aca-butterflies\train
Image_3218.jpg,ORCHARD SWALLOW,c:\Users\ricar\Downloads\TP2-Students\aca-butterflies\train
Image_4991.jpg,ORCHARD SWALLOW,c:\Users\ricar\Downloads\TP2-Students\aca-butterflies\train
Image_3270.jpg,ORCHARD SWALLOW,c:\Users\ricar\Downloads\TP2-Students\aca-butterflies\train
Image_2473.jpg,ORCHARD SWALLOW,c:\Users\ricar\Downloads\TP2-Students\aca-butterflies\train
Image_3909.jpg,ORCHARD SWALLOW,c:\Users\ricar\Downloads\TP2-Students\aca-butterflies\train
Image_1575.jpg,ORCHARD SWALLOW,c:\Users\ricar\Downloads\TP2-Students\aca-butterflies\train
Image_780.jpg,ORCHARD SWALLOW,c:\Users\ricar\Downloads\TP2-Students\aca-butterflies\train
Image_2918.jpg,ORCHARD SWALLOW,c:\Users\ricar\Downloads\TP2-Students\aca-butterflies\train
Image_3577.jpg,ORCHARD SWALLOW,c:\Users\ricar\Downloads\TP2-Students\aca-butterflies\train
Image_4195.jpg,ORCHARD SWALLOW,c:\Users\ricar\Downloads\TP2-Students\aca-butterflies\train
Image_1624.jpg,PAINTED LADY,c:\Users\ricar\Downloads\TP2-Students\aca-butterflies\train
Image_1544.jpg,PAINTED LADY,c:\Users\ricar\Downloads\TP2-Students\aca-butterflies\train
Image_1775.jpg,PAINTED LADY,c:\Users\ricar\Downloads\TP2-Students\aca-butterflies\train
Image_2275.jpg,PAINTED LADY,c:\Users\ricar\Downloads\TP2-Students\aca-butterflies\train
Image_657.jpg,PAINTED LADY,c:\Users\ricar\Downloads\TP2-Students\aca-butterflies\train
Image_2048.jpg,PAINTED LADY,c:\Users\ricar\Downloads\TP2-Students\aca-butterflies\train
Image_2293.jpg,PAINTED LADY,c:\Users\ricar\Downloads\TP2-Students\aca-butterflies\train
Image_1566.jpg,PAINTED LADY,c:\Users\ricar\Downloads\TP2-Students\aca-butterflies\train
Image_680.jpg,PAINTED LADY,c:\Users\ricar\Downloads\TP2-Students\aca-butterflies\train
Image_941.jpg,PAINTED LADY,c:\Users\ricar\Downloads\TP2-Students\aca-butterflies\train
Image_2308.jpg,PAINTED LADY,c:\Users\ricar\Downloads\TP2-Students\aca-butterflies\train
Image_5152.jpg,PAINTED LADY,c:\Users\ricar\Downloads\TP2-Students\aca-butterflies\train
Image_2148.jpg,PAINTED LADY,c:\Users\ricar\Downloads\TP2-Students\aca-butterflies\train
Image_820.jpg,PAINTED LADY,c:\Users\ricar\Downloads\TP2-Students\aca-butterflies\train
Image_4841.jpg,PAINTED LADY,c:\Users\ricar\Downloads\TP2-Students\aca-butterflies\train
Image_782.jpg,PAINTED LADY,c:\Users\ricar\Downloads\TP2-Students\aca-butterflies\train
Image_5012.jpg,PAINTED LADY,c:\Users\ricar\Downloads\TP2-Students\aca-butterflies\train
Image_3182.jpg,PAINTED LADY,c:\Users\ricar\Downloads\TP2-Students\aca-butterflies\train
Image_875.jpg,PAINTED LADY,c:\Users\ricar\Downloads\TP2-Students\aca-butterflies\train
Image_2392.jpg,PAINTED LADY,c:\Users\ricar\Downloads\TP2-Students\aca-butterflies\train
Image_3981.jpg,PAINTED LADY,c:\Users\ricar\Downloads\TP2-Students\aca-butterflies\train
Image_2354.jpg,PAINTED LADY,c:\Users\ricar\Downloads\TP2-Students\aca-butterflies\train
Image_3659.jpg,PAINTED LADY,c:\Users\ricar\Downloads\TP2-Students\aca-butterflies\train
Image_1848.jpg,PAINTED LADY,c:\Users\ricar\Downloads\TP2-Students\aca-butterflies\train
Image_3649.jpg,PAINTED LADY,c:\Users\ricar\Downloads\TP2-Students\aca-butterflies\train
Image_1079.jpg,PAINTED LADY,c:\Users\ricar\Downloads\TP2-Students\aca-butterflies\train
Image_2144.jpg,PAINTED LADY,c:\Users\ricar\Downloads\TP2-Students\aca-butterflies\train
Image_21.jpg,PAINTED LADY,c:\Users\ricar\Downloads\TP2-Students\aca-butterflies\train
Image_215.jpg,PAINTED LADY,c:\Users\ricar\Downloads\TP2-Students\aca-butterflies\train
Image_3812.jpg,PAINTED LADY,c:\Users\ricar\Downloads\TP2-Students\aca-butterflies\train
Image_3774.jpg,PAINTED LADY,c:\Users\ricar\Downloads\TP2-Students\aca-butterflies\train
Image_2832.jpg,PAINTED LADY,c:\Users\ricar\Downloads\TP2-Students\aca-butterflies\train
Image_4689.jpg,PAINTED LADY,c:\Users\ricar\Downloads\TP2-Students\aca-butterflies\train
Image_1700.jpg,PAINTED LADY,c:\Users\ricar\Downloads\TP2-Students\aca-butterflies\train
Image_3195.jpg,PAINTED LADY,c:\Users\ricar\Downloads\TP2-Students\aca-butterflies\train
Image_724.jpg,PAINTED LADY,c:\Users\ricar\Downloads\TP2-Students\aca-butterflies\train
Image_3185.jpg,PAINTED LADY,c:\Users\ricar\Downloads\TP2-Students\aca-butterflies\train
Image_1934.jpg,PAINTED LADY,c:\Users\ricar\Downloads\TP2-Students\aca-butterflies\train
Image_967.jpg,PAINTED LADY,c:\Users\ricar\Downloads\TP2-Students\aca-butterflies\train
Image_3742.jpg,PAINTED LADY,c:\Users\ricar\Downloads\TP2-Students\aca-butterflies\train
Image_4526.jpg,PAINTED LADY,c:\Users\ricar\Downloads\TP2-Students\aca-butterflies\train
Image_3141.jpg,PAINTED LADY,c:\Users\ricar\Downloads\TP2-Students\aca-butterflies\train
Image_1132.jpg,PAINTED LADY,c:\Users\ricar\Downloads\TP2-Students\aca-butterflies\train
Image_2425.jpg,PAPER KITE,c:\Users\ricar\Downloads\TP2-Students\aca-butterflies\train
Image_3342.jpg,PAPER KITE,c:\Users\ricar\Downloads\TP2-Students\aca-butterflies\train
Image_3260.jpg,PAPER KITE,c:\Users\ricar\Downloads\TP2-Students\aca-butterflies\train
Image_3574.jpg,PAPER KITE,c:\Users\ricar\Downloads\TP2-Students\aca-butterflies\train
Image_869.jpg,PAPER KITE,c:\Users\ricar\Downloads\TP2-Students\aca-butterflies\train
Image_1351.jpg,PAPER KITE,c:\Users\ricar\Downloads\TP2-Students\aca-butterflies\train
Image_4241.jpg,PAPER KITE,c:\Users\ricar\Downloads\TP2-Students\aca-butterflies\train
Image_2740.jpg,PAPER KITE,c:\Users\ricar\Downloads\TP2-Students\aca-butterflies\train
Image_1029.jpg,PAPER KITE,c:\Users\ricar\Downloads\TP2-Students\aca-butterflies\train
Image_4942.jpg,PAPER KITE,c:\Users\ricar\Downloads\TP2-Students\aca-butterflies\train
Image_3766.jpg,PAPER KITE,c:\Users\ricar\Downloads\TP2-Students\aca-butterflies\train
Image_1016.jpg,PAPER KITE,c:\Users\ricar\Downloads\TP2-Students\aca-butterflies\train
Image_358.jpg,PAPER KITE,c:\Users\ricar\Downloads\TP2-Students\aca-butterflies\train
Image_1158.jpg,PAPER KITE,c:\Users\ricar\Downloads\TP2-Students\aca-butterflies\train
Image_4701.jpg,PAPER KITE,c:\Users\ricar\Downloads\TP2-Students\aca-butterflies\train
Image_4275.jpg,PAPER KITE,c:\Users\ricar\Downloads\TP2-Students\aca-butterflies\train
Image_2927.jpg,PAPER KITE,c:\Users\ricar\Downloads\TP2-Students\aca-butterflies\train
Image_4739.jpg,PAPER KITE,c:\Users\ricar\Downloads\TP2-Students\aca-butterflies\train
Image_2294.jpg,PAPER KITE,c:\Users\ricar\Downloads\TP2-Students\aca-butterflies\train
Image_1003.jpg,PAPER KITE,c:\Users\ricar\Downloads\TP2-Students\aca-butterflies\train
Image_4285.jpg,PAPER KITE,c:\Users\ricar\Downloads\TP2-Students\aca-butterflies\train
Image_2228.jpg,PAPER KITE,c:\Users\ricar\Downloads\TP2-Students\aca-butterflies\train
Image_4646.jpg,PAPER KITE,c:\Users\ricar\Downloads\TP2-Students\aca-butterflies\train
Image_448.jpg,PAPER KITE,c:\Users\ricar\Downloads\TP2-Students\aca-butterflies\train
Image_526.jpg,PAPER KITE,c:\Users\ricar\Downloads\TP2-Students\aca-butterflies\train
Image_1596.jpg,PAPER KITE,c:\Users\ricar\Downloads\TP2-Students\aca-butterflies\train
Image_4978.jpg,PAPER KITE,c:\Users\ricar\Downloads\TP2-Students\aca-butterflies\train
Image_1362.jpg,PAPER KITE,c:\Users\ricar\Downloads\TP2-Students\aca-butterflies\train
Image_1841.jpg,PAPER KITE,c:\Users\ricar\Downloads\TP2-Students\aca-butterflies\train
Image_2036.jpg,PAPER KITE,c:\Users\ricar\Downloads\TP2-Students\aca-butterflies\train
Image_2430.jpg,PAPER KITE,c:\Users\ricar\Downloads\TP2-Students\aca-butterflies\train
Image_3863.jpg,PAPER KITE,c:\Users\ricar\Downloads\TP2-Students\aca-butterflies\train
Image_2647.jpg,PAPER KITE,c:\Users\ricar\Downloads\TP2-Students\aca-butterflies\train
Image_2702.jpg,PAPER KITE,c:\Users\ricar\Downloads\TP2-Students\aca-butterflies\train
Image_74.jpg,PAPER KITE,c:\Users\ricar\Downloads\TP2-Students\aca-butterflies\train
Image_1052.jpg,PAPER KITE,c:\Users\ricar\Downloads\TP2-Students\aca-butterflies\train
Image_1436.jpg,PAPER KITE,c:\Users\ricar\Downloads\TP2-Students\aca-butterflies\train
Image_4303.jpg,PAPER KITE,c:\Users\ricar\Downloads\TP2-Students\aca-butterflies\train
Image_3722.jpg,PAPER KITE,c:\Users\ricar\Downloads\TP2-Students\aca-butterflies\train
Image_3386.jpg,PAPER KITE,c:\Users\ricar\Downloads\TP2-Students\aca-butterflies\train
Image_1388.jpg,PAPER KITE,c:\Users\ricar\Downloads\TP2-Students\aca-butterflies\train
Image_468.jpg,PAPER KITE,c:\Users\ricar\Downloads\TP2-Students\aca-butterflies\train
Image_4313.jpg,PAPER KITE,c:\Users\ricar\Downloads\TP2-Students\aca-butterflies\train
Image_2572.jpg,PAPER KITE,c:\Users\ricar\Downloads\TP2-Students\aca-butterflies\train
Image_2011.jpg,PAPER KITE,c:\Users\ricar\Downloads\TP2-Students\aca-butterflies\train
Image_1511.jpg,PAPER KITE,c:\Users\ricar\Downloads\TP2-Students\aca-butterflies\train
Image_3650.jpg,PAPER KITE,c:\Users\ricar\Downloads\TP2-Students\aca-butterflies\train
Image_1742.jpg,PAPER KITE,c:\Users\ricar\Downloads\TP2-Students\aca-butterflies\train
Image_637.jpg,PAPER KITE,c:\Users\ricar\Downloads\TP2-Students\aca-butterflies\train
Image_1807.jpg,PAPER KITE,c:\Users\ricar\Downloads\TP2-Students\aca-butterflies\train
Image_2876.jpg,PEACOCK,c:\Users\ricar\Downloads\TP2-Students\aca-butterflies\train
Image_2710.jpg,PEACOCK,c:\Users\ricar\Downloads\TP2-Students\aca-butterflies\train
Image_839.jpg,PEACOCK,c:\Users\ricar\Downloads\TP2-Students\aca-butterflies\train
Image_3389.jpg,PEACOCK,c:\Users\ricar\Downloads\TP2-Students\aca-butterflies\train
Image_3926.jpg,PEACOCK,c:\Users\ricar\Downloads\TP2-Students\aca-butterflies\train
Image_1860.jpg,PEACOCK,c:\Users\ricar\Downloads\TP2-Students\aca-butterflies\train
Image_4204.jpg,PEACOCK,c:\Users\ricar\Downloads\TP2-Students\aca-butterflies\train
Image_3940.jpg,PEACOCK,c:\Users\ricar\Downloads\TP2-Students\aca-butterflies\train
Image_3462.jpg,PEACOCK,c:\Users\ricar\Downloads\TP2-Students\aca-butterflies\train
Image_3886.jpg,PEACOCK,c:\Users\ricar\Downloads\TP2-Students\aca-butterflies\train
Image_790.jpg,PEACOCK,c:\Users\ricar\Downloads\TP2-Students\aca-butterflies\train
Image_1953.jpg,PEACOCK,c:\Users\ricar\Downloads\TP2-Students\aca-butterflies\train
Image_2462.jpg,PEACOCK,c:\Users\ricar\Downloads\TP2-Students\aca-butterflies\train
Image_699.jpg,PEACOCK,c:\Users\ricar\Downloads\TP2-Students\aca-butterflies\train
Image_2829.jpg,PEACOCK,c:\Users\ricar\Downloads\TP2-Students\aca-butterflies\train
Image_1203.jpg,PEACOCK,c:\Users\ricar\Downloads\TP2-Students\aca-butterflies\train
Image_1835.jpg,PEACOCK,c:\Users\ricar\Downloads\TP2-Students\aca-butterflies\train
Image_2700.jpg,PEACOCK,c:\Users\ricar\Downloads\TP2-Students\aca-butterflies\train
Image_94.jpg,PEACOCK,c:\Users\ricar\Downloads\TP2-Students\aca-butterflies\train
Image_2879.jpg,PEACOCK,c:\Users\ricar\Downloads\TP2-Students\aca-butterflies\train
Image_4659.jpg,PEACOCK,c:\Users\ricar\Downloads\TP2-Students\aca-butterflies\train
Image_3289.jpg,PEACOCK,c:\Users\ricar\Downloads\TP2-Students\aca-butterflies\train
Image_2157.jpg,PEACOCK,c:\Users\ricar\Downloads\TP2-Students\aca-butterflies\train
Image_1442.jpg,PEACOCK,c:\Users\ricar\Downloads\TP2-Students\aca-butterflies\train
Image_1293.jpg,PEACOCK,c:\Users\ricar\Downloads\TP2-Students\aca-butterflies\train
Image_5134.jpg,PEACOCK,c:\Users\ricar\Downloads\TP2-Students\aca-butterflies\train
Image_2439.jpg,PEACOCK,c:\Users\ricar\Downloads\TP2-Students\aca-butterflies\train
Image_48.jpg,PEACOCK,c:\Users\ricar\Downloads\TP2-Students\aca-butterflies\train
Image_492.jpg,PEACOCK,c:\Users\ricar\Downloads\TP2-Students\aca-butterflies\train
Image_2924.jpg,PEACOCK,c:\Users\ricar\Downloads\TP2-Students\aca-butterflies\train
Image_1000.jpg,PEACOCK,c:\Users\ricar\Downloads\TP2-Students\aca-butterflies\train
Image_3046.jpg,PEACOCK,c:\Users\ricar\Downloads\TP2-Students\aca-butterflies\train
Image_2007.jpg,PEACOCK,c:\Users\ricar\Downloads\TP2-Students\aca-butterflies\train
Image_4146.jpg,PEACOCK,c:\Users\ricar\Downloads\TP2-Students\aca-butterflies\train
Image_2866.jpg,PEACOCK,c:\Users\ricar\Downloads\TP2-Students\aca-butterflies\train
Image_2944.jpg,PEACOCK,c:\Users\ricar\Downloads\TP2-Students\aca-butterflies\train
Image_4437.jpg,PEACOCK,c:\Users\ricar\Downloads\TP2-Students\aca-butterflies\train
Image_2374.jpg,PEACOCK,c:\Users\ricar\Downloads\TP2-Students\aca-butterflies\train
Image_849.jpg,PEACOCK,c:\Users\ricar\Downloads\TP2-Students\aca-butterflies\train
Image_4948.jpg,PEACOCK,c:\Users\ricar\Downloads\TP2-Students\aca-butterflies\train
Image_2062.jpg,PEACOCK,c:\Users\ricar\Downloads\TP2-Students\aca-butterflies\train
Image_1876.jpg,PEACOCK,c:\Users\ricar\Downloads\TP2-Students\aca-butterflies\train
Image_1056.jpg,PEACOCK,c:\Users\ricar\Downloads\TP2-Students\aca-butterflies\train
Image_2885.jpg,PEACOCK,c:\Users\ricar\Downloads\TP2-Students\aca-butterflies\train
Image_1528.jpg,PEACOCK,c:\Users\ricar\Downloads\TP2-Students\aca-butterflies\train
Image_1855.jpg,PEACOCK,c:\Users\ricar\Downloads\TP2-Students\aca-butterflies\train
Image_1411.jpg,PINE WHITE,c:\Users\ricar\Downloads\TP2-Students\aca-butterflies\train
Image_3664.jpg,PINE WHITE,c:\Users\ricar\Downloads\TP2-Students\aca-butterflies\train
Image_3489.jpg,PINE WHITE,c:\Users\ricar\Downloads\TP2-Students\aca-butterflies\train
Image_2093.jpg,PINE WHITE,c:\Users\ricar\Downloads\TP2-Students\aca-butterflies\train
Image_3146.jpg,PINE WHITE,c:\Users\ricar\Downloads\TP2-Students\aca-butterflies\train
Image_3297.jpg,PINE WHITE,c:\Users\ricar\Downloads\TP2-Students\aca-butterflies\train
Image_1736.jpg,PINE WHITE,c:\Users\ricar\Downloads\TP2-Students\aca-butterflies\train
Image_4648.jpg,PINE WHITE,c:\Users\ricar\Downloads\TP2-Students\aca-butterflies\train
Image_4729.jpg,PINE WHITE,c:\Users\ricar\Downloads\TP2-Students\aca-butterflies\train
Image_1330.jpg,PINE WHITE,c:\Users\ricar\Downloads\TP2-Students\aca-butterflies\train
Image_4695.jpg,PINE WHITE,c:\Users\ricar\Downloads\TP2-Students\aca-butterflies\train
Image_3168.jpg,PINE WHITE,c:\Users\ricar\Downloads\TP2-Students\aca-butterflies\train
Image_740.jpg,PINE WHITE,c:\Users\ricar\Downloads\TP2-Students\aca-butterflies\train
Image_2099.jpg,PINE WHITE,c:\Users\ricar\Downloads\TP2-Students\aca-butterflies\train
Image_1658.jpg,PINE WHITE,c:\Users\ricar\Downloads\TP2-Students\aca-butterflies\train
Image_3259.jpg,PINE WHITE,c:\Users\ricar\Downloads\TP2-Students\aca-butterflies\train
Image_1831.jpg,PINE WHITE,c:\Users\ricar\Downloads\TP2-Students\aca-butterflies\train
Image_4252.jpg,PINE WHITE,c:\Users\ricar\Downloads\TP2-Students\aca-butterflies\train
Image_1220.jpg,PINE WHITE,c:\Users\ricar\Downloads\TP2-Students\aca-butterflies\train
Image_212.jpg,PINE WHITE,c:\Users\ricar\Downloads\TP2-Students\aca-butterflies\train
Image_1628.jpg,PINE WHITE,c:\Users\ricar\Downloads\TP2-Students\aca-butterflies\train
Image_1083.jpg,PINE WHITE,c:\Users\ricar\Downloads\TP2-Students\aca-butterflies\train
Image_2422.jpg,PINE WHITE,c:\Users\ricar\Downloads\TP2-Students\aca-butterflies\train
Image_3094.jpg,PINE WHITE,c:\Users\ricar\Downloads\TP2-Students\aca-butterflies\train
Image_2519.jpg,PINE WHITE,c:\Users\ricar\Downloads\TP2-Students\aca-butterflies\train
Image_1760.jpg,PINE WHITE,c:\Users\ricar\Downloads\TP2-Students\aca-butterflies\train
Image_5114.jpg,PINE WHITE,c:\Users\ricar\Downloads\TP2-Students\aca-butterflies\train
Image_3042.jpg,PINE WHITE,c:\Users\ricar\Downloads\TP2-Students\aca-butterflies\train
Image_287.jpg,PINE WHITE,c:\Users\ricar\Downloads\TP2-Students\aca-butterflies\train
Image_3382.jpg,PINE WHITE,c:\Users\ricar\Downloads\TP2-Students\aca-butterflies\train
Image_5162.jpg,PINE WHITE,c:\Users\ricar\Downloads\TP2-Students\aca-butterflies\train
Image_190.jpg,PINE WHITE,c:\Users\ricar\Downloads\TP2-Students\aca-butterflies\train
Image_3738.jpg,PINE WHITE,c:\Users\ricar\Downloads\TP2-Students\aca-butterflies\train
Image_1757.jpg,PINE WHITE,c:\Users\ricar\Downloads\TP2-Students\aca-butterflies\train
Image_290.jpg,PINE WHITE,c:\Users\ricar\Downloads\TP2-Students\aca-butterflies\train
Image_1759.jpg,PINE WHITE,c:\Users\ricar\Downloads\TP2-Students\aca-butterflies\train
Image_3428.jpg,PINE WHITE,c:\Users\ricar\Downloads\TP2-Students\aca-butterflies\train
Image_4926.jpg,PINE WHITE,c:\Users\ricar\Downloads\TP2-Students\aca-butterflies\train
Image_1864.jpg,PINE WHITE,c:\Users\ricar\Downloads\TP2-Students\aca-butterflies\train
Image_2696.jpg,PINE WHITE,c:\Users\ricar\Downloads\TP2-Students\aca-butterflies\train
Image_2650.jpg,PINE WHITE,c:\Users\ricar\Downloads\TP2-Students\aca-butterflies\train
Image_5081.jpg,PINE WHITE,c:\Users\ricar\Downloads\TP2-Students\aca-butterflies\train
Image_3055.jpg,PINE WHITE,c:\Users\ricar\Downloads\TP2-Students\aca-butterflies\train
Image_4416.jpg,PINE WHITE,c:\Users\ricar\Downloads\TP2-Students\aca-butterflies\train
Image_296.jpg,PINE WHITE,c:\Users\ricar\Downloads\TP2-Students\aca-butterflies\train
Image_2682.jpg,PINE WHITE,c:\Users\ricar\Downloads\TP2-Students\aca-butterflies\train
Image_1837.jpg,PINE WHITE,c:\Users\ricar\Downloads\TP2-Students\aca-butterflies\train
Image_1109.jpg,PINE WHITE,c:\Users\ricar\Downloads\TP2-Students\aca-butterflies\train
Image_751.jpg,PIPEVINE SWALLOW,c:\Users\ricar\Downloads\TP2-Students\aca-butterflies\train
Image_1784.jpg,PIPEVINE SWALLOW,c:\Users\ricar\Downloads\TP2-Students\aca-butterflies\train
Image_2202.jpg,PIPEVINE SWALLOW,c:\Users\ricar\Downloads\TP2-Students\aca-butterflies\train
Image_1225.jpg,PIPEVINE SWALLOW,c:\Users\ricar\Downloads\TP2-Students\aca-butterflies\train
Image_236.jpg,PIPEVINE SWALLOW,c:\Users\ricar\Downloads\TP2-Students\aca-butterflies\train
Image_2671.jpg,PIPEVINE SWALLOW,c:\Users\ricar\Downloads\TP2-Students\aca-butterflies\train
Image_2337.jpg,PIPEVINE SWALLOW,c:\Users\ricar\Downloads\TP2-Students\aca-butterflies\train
Image_3427.jpg,PIPEVINE SWALLOW,c:\Users\ricar\Downloads\TP2-Students\aca-butterflies\train
Image_585.jpg,PIPEVINE SWALLOW,c:\Users\ricar\Downloads\TP2-Students\aca-butterflies\train
Image_3757.jpg,PIPEVINE SWALLOW,c:\Users\ricar\Downloads\TP2-Students\aca-butterflies\train
Image_2435.jpg,PIPEVINE SWALLOW,c:\Users\ricar\Downloads\TP2-Students\aca-butterflies\train
Image_4531.jpg,PIPEVINE SWALLOW,c:\Users\ricar\Downloads\TP2-Students\aca-butterflies\train
Image_1903.jpg,PIPEVINE SWALLOW,c:\Users\ricar\Downloads\TP2-Students\aca-butterflies\train
Image_5069.jpg,PIPEVINE SWALLOW,c:\Users\ricar\Downloads\TP2-Students\aca-butterflies\train
Image_3640.jpg,PIPEVINE SWALLOW,c:\Users\ricar\Downloads\TP2-Students\aca-butterflies\train
Image_2486.jpg,PIPEVINE SWALLOW,c:\Users\ricar\Downloads\TP2-Students\aca-butterflies\train
Image_1723.jpg,PIPEVINE SWALLOW,c:\Users\ricar\Downloads\TP2-Students\aca-butterflies\train
Image_1256.jpg,PIPEVINE SWALLOW,c:\Users\ricar\Downloads\TP2-Students\aca-butterflies\train
Image_444.jpg,PIPEVINE SWALLOW,c:\Users\ricar\Downloads\TP2-Students\aca-butterflies\train
Image_913.jpg,PIPEVINE SWALLOW,c:\Users\ricar\Downloads\TP2-Students\aca-butterflies\train
Image_1746.jpg,PIPEVINE SWALLOW,c:\Users\ricar\Downloads\TP2-Students\aca-butterflies\train
Image_4359.jpg,PIPEVINE SWALLOW,c:\Users\ricar\Downloads\TP2-Students\aca-butterflies\train
Image_4055.jpg,PIPEVINE SWALLOW,c:\Users\ricar\Downloads\TP2-Students\aca-butterflies\train
Image_3417.jpg,PIPEVINE SWALLOW,c:\Users\ricar\Downloads\TP2-Students\aca-butterflies\train
Image_3588.jpg,PIPEVINE SWALLOW,c:\Users\ricar\Downloads\TP2-Students\aca-butterflies\train
Image_3717.jpg,PIPEVINE SWALLOW,c:\Users\ricar\Downloads\TP2-Students\aca-butterflies\train
Image_4196.jpg,PIPEVINE SWALLOW,c:\Users\ricar\Downloads\TP2-Students\aca-butterflies\train
Image_731.jpg,PIPEVINE SWALLOW,c:\Users\ricar\Downloads\TP2-Students\aca-butterflies\train
Image_1830.jpg,PIPEVINE SWALLOW,c:\Users\ricar\Downloads\TP2-Students\aca-butterflies\train
Image_2688.jpg,PIPEVINE SWALLOW,c:\Users\ricar\Downloads\TP2-Students\aca-butterflies\train
Image_1137.jpg,PIPEVINE SWALLOW,c:\Users\ricar\Downloads\TP2-Students\aca-butterflies\train
Image_3412.jpg,PIPEVINE SWALLOW,c:\Users\ricar\Downloads\TP2-Students\aca-butterflies\train
Image_676.jpg,PIPEVINE SWALLOW,c:\Users\ricar\Downloads\TP2-Students\aca-butterflies\train
Image_2859.jpg,PIPEVINE SWALLOW,c:\Users\ricar\Downloads\TP2-Students\aca-butterflies\train
Image_3498.jpg,PIPEVINE SWALLOW,c:\Users\ricar\Downloads\TP2-Students\aca-butterflies\train
Image_661.jpg,PIPEVINE SWALLOW,c:\Users\ricar\Downloads\TP2-Students\aca-butterflies\train
Image_1591.jpg,PIPEVINE SWALLOW,c:\Users\ricar\Downloads\TP2-Students\aca-butterflies\train
Image_2277.jpg,PIPEVINE SWALLOW,c:\Users\ricar\Downloads\TP2-Students\aca-butterflies\train
Image_961.jpg,PIPEVINE SWALLOW,c:\Users\ricar\Downloads\TP2-Students\aca-butterflies\train
Image_2369.jpg,PIPEVINE SWALLOW,c:\Users\ricar\Downloads\TP2-Students\aca-butterflies\train
Image_4508.jpg,PIPEVINE SWALLOW,c:\Users\ricar\Downloads\TP2-Students\aca-butterflies\train
Image_643.jpg,PIPEVINE SWALLOW,c:\Users\ricar\Downloads\TP2-Students\aca-butterflies\train
Image_4007.jpg,PIPEVINE SWALLOW,c:\Users\ricar\Downloads\TP2-Students\aca-butterflies\train
Image_5029.jpg,PIPEVINE SWALLOW,c:\Users\ricar\Downloads\TP2-Students\aca-butterflies\train
Image_2019.jpg,PIPEVINE SWALLOW,c:\Users\ricar\Downloads\TP2-Students\aca-butterflies\train
Image_1069.jpg,PIPEVINE SWALLOW,c:\Users\ricar\Downloads\TP2-Students\aca-butterflies\train
Image_3030.jpg,POPINJAY,c:\Users\ricar\Downloads\TP2-Students\aca-butterflies\train
Image_4734.jpg,POPINJAY,c:\Users\ricar\Downloads\TP2-Students\aca-butterflies\train
Image_4301.jpg,POPINJAY,c:\Users\ricar\Downloads\TP2-Students\aca-butterflies\train
Image_2641.jpg,POPINJAY,c:\Users\ricar\Downloads\TP2-Students\aca-butterflies\train
Image_3496.jpg,POPINJAY,c:\Users\ricar\Downloads\TP2-Students\aca-butterflies\train
Image_160.jpg,POPINJAY,c:\Users\ricar\Downloads\TP2-Students\aca-butterflies\train
Image_4515.jpg,POPINJAY,c:\Users\ricar\Downloads\TP2-Students\aca-butterflies\train
Image_1146.jpg,POPINJAY,c:\Users\ricar\Downloads\TP2-Students\aca-butterflies\train
Image_1827.jpg,POPINJAY,c:\Users\ricar\Downloads\TP2-Students\aca-butterflies\train
Image_3333.jpg,POPINJAY,c:\Users\ricar\Downloads\TP2-Students\aca-butterflies\train
Image_5006.jpg,POPINJAY,c:\Users\ricar\Downloads\TP2-Students\aca-butterflies\train
Image_2703.jpg,POPINJAY,c:\Users\ricar\Downloads\TP2-Students\aca-butterflies\train
Image_3107.jpg,POPINJAY,c:\Users\ricar\Downloads\TP2-Students\aca-butterflies\train
Image_1935.jpg,POPINJAY,c:\Users\ricar\Downloads\TP2-Students\aca-butterflies\train
Image_3405.jpg,POPINJAY,c:\Users\ricar\Downloads\TP2-Students\aca-butterflies\train
Image_1178.jpg,POPINJAY,c:\Users\ricar\Downloads\TP2-Students\aca-butterflies\train
Image_4557.jpg,POPINJAY,c:\Users\ricar\Downloads\TP2-Students\aca-butterflies\train
Image_2678.jpg,POPINJAY,c:\Users\ricar\Downloads\TP2-Students\aca-butterflies\train
Image_3491.jpg,POPINJAY,c:\Users\ricar\Downloads\TP2-Students\aca-butterflies\train
Image_3281.jpg,POPINJAY,c:\Users\ricar\Downloads\TP2-Students\aca-butterflies\train
Image_1585.jpg,POPINJAY,c:\Users\ricar\Downloads\TP2-Students\aca-butterflies\train
Image_5166.jpg,POPINJAY,c:\Users\ricar\Downloads\TP2-Students\aca-butterflies\train
Image_3343.jpg,POPINJAY,c:\Users\ricar\Downloads\TP2-Students\aca-butterflies\train
Image_4975.jpg,POPINJAY,c:\Users\ricar\Downloads\TP2-Students\aca-butterflies\train
Image_1520.jpg,POPINJAY,c:\Users\ricar\Downloads\TP2-Students\aca-butterflies\train
Image_5197.jpg,POPINJAY,c:\Users\ricar\Downloads\TP2-Students\aca-butterflies\train
Image_4464.jpg,POPINJAY,c:\Users\ricar\Downloads\TP2-Students\aca-butterflies\train
Image_1741.jpg,POPINJAY,c:\Users\ricar\Downloads\TP2-Students\aca-butterflies\train
Image_2091.jpg,POPINJAY,c:\Users\ricar\Downloads\TP2-Students\aca-butterflies\train
Image_2394.jpg,POPINJAY,c:\Users\ricar\Downloads\TP2-Students\aca-butterflies\train
Image_5060.jpg,POPINJAY,c:\Users\ricar\Downloads\TP2-Students\aca-butterflies\train
Image_4939.jpg,POPINJAY,c:\Users\ricar\Downloads\TP2-Students\aca-butterflies\train
Image_3899.jpg,POPINJAY,c:\Users\ricar\Downloads\TP2-Students\aca-butterflies\train
Image_3690.jpg,POPINJAY,c:\Users\ricar\Downloads\TP2-Students\aca-butterflies\train
Image_4144.jpg,POPINJAY,c:\Users\ricar\Downloads\TP2-Students\aca-butterflies\train
Image_1476.jpg,POPINJAY,c:\Users\ricar\Downloads\TP2-Students\aca-butterflies\train
Image_398.jpg,POPINJAY,c:\Users\ricar\Downloads\TP2-Students\aca-butterflies\train
Image_5020.jpg,POPINJAY,c:\Users\ricar\Downloads\TP2-Students\aca-butterflies\train
Image_4077.jpg,POPINJAY,c:\Users\ricar\Downloads\TP2-Students\aca-butterflies\train
Image_3077.jpg,POPINJAY,c:\Users\ricar\Downloads\TP2-Students\aca-butterflies\train
Image_3092.jpg,POPINJAY,c:\Users\ricar\Downloads\TP2-Students\aca-butterflies\train
Image_149.jpg,POPINJAY,c:\Users\ricar\Downloads\TP2-Students\aca-butterflies\train
Image_4339.jpg,POPINJAY,c:\Users\ricar\Downloads\TP2-Students\aca-butterflies\train
Image_2493.jpg,POPINJAY,c:\Users\ricar\Downloads\TP2-Students\aca-butterflies\train
Image_1523.jpg,POPINJAY,c:\Users\ricar\Downloads\TP2-Students\aca-butterflies\train
Image_3175.jpg,POPINJAY,c:\Users\ricar\Downloads\TP2-Students\aca-butterflies\train
Image_439.jpg,POPINJAY,c:\Users\ricar\Downloads\TP2-Students\aca-butterflies\train
Image_2270.jpg,PURPLE HAIRSTREAK,c:\Users\ricar\Downloads\TP2-Students\aca-butterflies\train
Image_4816.jpg,PURPLE HAIRSTREAK,c:\Users\ricar\Downloads\TP2-Students\aca-butterflies\train
Image_3513.jpg,PURPLE HAIRSTREAK,c:\Users\ricar\Downloads\TP2-Students\aca-butterflies\train
Image_2706.jpg,PURPLE HAIRSTREAK,c:\Users\ricar\Downloads\TP2-Students\aca-butterflies\train
Image_3872.jpg,PURPLE HAIRSTREAK,c:\Users\ricar\Downloads\TP2-Students\aca-butterflies\train
Image_3397.jpg,PURPLE HAIRSTREAK,c:\Users\ricar\Downloads\TP2-Students\aca-butterflies\train
Image_4673.jpg,PURPLE HAIRSTREAK,c:\Users\ricar\Downloads\TP2-Students\aca-butterflies\train
Image_2398.jpg,PURPLE HAIRSTREAK,c:\Users\ricar\Downloads\TP2-Students\aca-butterflies\train
Image_2165.jpg,PURPLE HAIRSTREAK,c:\Users\ricar\Downloads\TP2-Students\aca-butterflies\train
Image_4210.jpg,PURPLE HAIRSTREAK,c:\Users\ricar\Downloads\TP2-Students\aca-butterflies\train
Image_4676.jpg,PURPLE HAIRSTREAK,c:\Users\ricar\Downloads\TP2-Students\aca-butterflies\train
Image_1822.jpg,PURPLE HAIRSTREAK,c:\Users\ricar\Downloads\TP2-Students\aca-butterflies\train
Image_2022.jpg,PURPLE HAIRSTREAK,c:\Users\ricar\Downloads\TP2-Students\aca-butterflies\train
Image_1030.jpg,PURPLE HAIRSTREAK,c:\Users\ricar\Downloads\TP2-Students\aca-butterflies\train
Image_2257.jpg,PURPLE HAIRSTREAK,c:\Users\ricar\Downloads\TP2-Students\aca-butterflies\train
Image_4297.jpg,PURPLE HAIRSTREAK,c:\Users\ricar\Downloads\TP2-Students\aca-butterflies\train
Image_3521.jpg,PURPLE HAIRSTREAK,c:\Users\ricar\Downloads\TP2-Students\aca-butterflies\train
Image_170.jpg,PURPLE HAIRSTREAK,c:\Users\ricar\Downloads\TP2-Students\aca-butterflies\train
Image_396.jpg,PURPLE HAIRSTREAK,c:\Users\ricar\Downloads\TP2-Students\aca-butterflies\train
Image_505.jpg,PURPLE HAIRSTREAK,c:\Users\ricar\Downloads\TP2-Students\aca-butterflies\train
Image_3347.jpg,PURPLE HAIRSTREAK,c:\Users\ricar\Downloads\TP2-Students\aca-butterflies\train
Image_817.jpg,PURPLE HAIRSTREAK,c:\Users\ricar\Downloads\TP2-Students\aca-butterflies\train
Image_5187.jpg,PURPLE HAIRSTREAK,c:\Users\ricar\Downloads\TP2-Students\aca-butterflies\train
Image_2920.jpg,PURPLE HAIRSTREAK,c:\Users\ricar\Downloads\TP2-Students\aca-butterflies\train
Image_5198.jpg,PURPLE HAIRSTREAK,c:\Users\ricar\Downloads\TP2-Students\aca-butterflies\train
Image_683.jpg,PURPLE HAIRSTREAK,c:\Users\ricar\Downloads\TP2-Students\aca-butterflies\train
Image_708.jpg,PURPLE HAIRSTREAK,c:\Users\ricar\Downloads\TP2-Students\aca-butterflies\train
Image_4502.jpg,PURPLE HAIRSTREAK,c:\Users\ricar\Downloads\TP2-Students\aca-butterflies\train
Image_355.jpg,PURPLE HAIRSTREAK,c:\Users\ricar\Downloads\TP2-Students\aca-butterflies\train
Image_2636.jpg,PURPLE HAIRSTREAK,c:\Users\ricar\Downloads\TP2-Students\aca-butterflies\train
Image_4488.jpg,PURPLE HAIRSTREAK,c:\Users\ricar\Downloads\TP2-Students\aca-butterflies\train
Image_2417.jpg,PURPLE HAIRSTREAK,c:\Users\ricar\Downloads\TP2-Students\aca-butterflies\train
Image_2349.jpg,PURPLE HAIRSTREAK,c:\Users\ricar\Downloads\TP2-Students\aca-butterflies\train
Image_3353.jpg,PURPLE HAIRSTREAK,c:\Users\ricar\Downloads\TP2-Students\aca-butterflies\train
Image_972.jpg,PURPLE HAIRSTREAK,c:\Users\ricar\Downloads\TP2-Students\aca-butterflies\train
Image_3524.jpg,PURPLE HAIRSTREAK,c:\Users\ricar\Downloads\TP2-Students\aca-butterflies\train
Image_4883.jpg,PURPLE HAIRSTREAK,c:\Users\ricar\Downloads\TP2-Students\aca-butterflies\train
Image_1794.jpg,PURPLE HAIRSTREAK,c:\Users\ricar\Downloads\TP2-Students\aca-butterflies\train
Image_2955.jpg,PURPLE HAIRSTREAK,c:\Users\ricar\Downloads\TP2-Students\aca-butterflies\train
Image_2089.jpg,PURPLE HAIRSTREAK,c:\Users\ricar\Downloads\TP2-Students\aca-butterflies\train
Image_3596.jpg,PURPLE HAIRSTREAK,c:\Users\ricar\Downloads\TP2-Students\aca-butterflies\train
Image_4353.jpg,PURPLE HAIRSTREAK,c:\Users\ricar\Downloads\TP2-Students\aca-butterflies\train
Image_4405.jpg,PURPLE HAIRSTREAK,c:\Users\ricar\Downloads\TP2-Students\aca-butterflies\train
Image_2499.jpg,PURPLE HAIRSTREAK,c:\Users\ricar\Downloads\TP2-Students\aca-butterflies\train
Image_3360.jpg,PURPLISH COPPER,c:\Users\ricar\Downloads\TP2-Students\aca-butterflies\train
Image_3373.jpg,PURPLISH COPPER,c:\Users\ricar\Downloads\TP2-Students\aca-butterflies\train
Image_1246.jpg,PURPLISH COPPER,c:\Users\ricar\Downloads\TP2-Students\aca-butterflies\train
Image_4749.jpg,PURPLISH COPPER,c:\Users\ricar\Downloads\TP2-Students\aca-butterflies\train
Image_422.jpg,PURPLISH COPPER,c:\Users\ricar\Downloads\TP2-Students\aca-butterflies\train
Image_1751.jpg,PURPLISH COPPER,c:\Users\ricar\Downloads\TP2-Students\aca-butterflies\train
Image_2567.jpg,PURPLISH COPPER,c:\Users\ricar\Downloads\TP2-Students\aca-butterflies\train
Image_50.jpg,PURPLISH COPPER,c:\Users\ricar\Downloads\TP2-Students\aca-butterflies\train
Image_1839.jpg,PURPLISH COPPER,c:\Users\ricar\Downloads\TP2-Students\aca-butterflies\train
Image_3038.jpg,PURPLISH COPPER,c:\Users\ricar\Downloads\TP2-Students\aca-butterflies\train
Image_2472.jpg,PURPLISH COPPER,c:\Users\ricar\Downloads\TP2-Students\aca-butterflies\train
Image_325.jpg,PURPLISH COPPER,c:\Users\ricar\Downloads\TP2-Students\aca-butterflies\train
Image_813.jpg,PURPLISH COPPER,c:\Users\ricar\Downloads\TP2-Students\aca-butterflies\train
Image_5073.jpg,PURPLISH COPPER,c:\Users\ricar\Downloads\TP2-Students\aca-butterflies\train
Image_3300.jpg,PURPLISH COPPER,c:\Users\ricar\Downloads\TP2-Students\aca-butterflies\train
Image_1472.jpg,PURPLISH COPPER,c:\Users\ricar\Downloads\TP2-Students\aca-butterflies\train
Image_3434.jpg,PURPLISH COPPER,c:\Users\ricar\Downloads\TP2-Students\aca-butterflies\train
Image_3064.jpg,PURPLISH COPPER,c:\Users\ricar\Downloads\TP2-Students\aca-butterflies\train
Image_934.jpg,PURPLISH COPPER,c:\Users\ricar\Downloads\TP2-Students\aca-butterflies\train
Image_4352.jpg,PURPLISH COPPER,c:\Users\ricar\Downloads\TP2-Students\aca-butterflies\train
Image_613.jpg,PURPLISH COPPER,c:\Users\ricar\Downloads\TP2-Students\aca-butterflies\train
Image_1391.jpg,PURPLISH COPPER,c:\Users\ricar\Downloads\TP2-Students\aca-butterflies\train
Image_162.jpg,PURPLISH COPPER,c:\Users\ricar\Downloads\TP2-Students\aca-butterflies\train
Image_47.jpg,PURPLISH COPPER,c:\Users\ricar\Downloads\TP2-Students\aca-butterflies\train
Image_2117.jpg,PURPLISH COPPER,c:\Users\ricar\Downloads\TP2-Students\aca-butterflies\train
Image_210.jpg,PURPLISH COPPER,c:\Users\ricar\Downloads\TP2-Students\aca-butterflies\train
Image_883.jpg,PURPLISH COPPER,c:\Users\ricar\Downloads\TP2-Students\aca-butterflies\train
Image_1749.jpg,PURPLISH COPPER,c:\Users\ricar\Downloads\TP2-Students\aca-butterflies\train
Image_588.jpg,PURPLISH COPPER,c:\Users\ricar\Downloads\TP2-Students\aca-butterflies\train
Image_467.jpg,PURPLISH COPPER,c:\Users\ricar\Downloads\TP2-Students\aca-butterflies\train
Image_1389.jpg,PURPLISH COPPER,c:\Users\ricar\Downloads\TP2-Students\aca-butterflies\train
Image_2947.jpg,PURPLISH COPPER,c:\Users\ricar\Downloads\TP2-Students\aca-butterflies\train
Image_2288.jpg,PURPLISH COPPER,c:\Users\ricar\Downloads\TP2-Students\aca-butterflies\train
Image_2013.jpg,PURPLISH COPPER,c:\Users\ricar\Downloads\TP2-Students\aca-butterflies\train
Image_66.jpg,PURPLISH COPPER,c:\Users\ricar\Downloads\TP2-Students\aca-butterflies\train
Image_2188.jpg,PURPLISH COPPER,c:\Users\ricar\Downloads\TP2-Students\aca-butterflies\train
Image_2511.jpg,PURPLISH COPPER,c:\Users\ricar\Downloads\TP2-Students\aca-butterflies\train
Image_2891.jpg,PURPLISH COPPER,c:\Users\ricar\Downloads\TP2-Students\aca-butterflies\train
Image_2854.jpg,PURPLISH COPPER,c:\Users\ricar\Downloads\TP2-Students\aca-butterflies\train
Image_2405.jpg,PURPLISH COPPER,c:\Users\ricar\Downloads\TP2-Students\aca-butterflies\train
Image_3653.jpg,PURPLISH COPPER,c:\Users\ricar\Downloads\TP2-Students\aca-butterflies\train
Image_4380.jpg,PURPLISH COPPER,c:\Users\ricar\Downloads\TP2-Students\aca-butterflies\train
Image_1210.jpg,PURPLISH COPPER,c:\Users\ricar\Downloads\TP2-Students\aca-butterflies\train
Image_831.jpg,PURPLISH COPPER,c:\Users\ricar\Downloads\TP2-Students\aca-butterflies\train
Image_1135.jpg,PURPLISH COPPER,c:\Users\ricar\Downloads\TP2-Students\aca-butterflies\train
Image_1023.jpg,PURPLISH COPPER,c:\Users\ricar\Downloads\TP2-Students\aca-butterflies\train
Image_4135.jpg,PURPLISH COPPER,c:\Users\ricar\Downloads\TP2-Students\aca-butterflies\train
Image_3292.jpg,PURPLISH COPPER,c:\Users\ricar\Downloads\TP2-Students\aca-butterflies\train
Image_3478.jpg,PURPLISH COPPER,c:\Users\ricar\Downloads\TP2-Students\aca-butterflies\train
Image_1324.jpg,PURPLISH COPPER,c:\Users\ricar\Downloads\TP2-Students\aca-butterflies\train
Image_1785.jpg,PURPLISH COPPER,c:\Users\ricar\Downloads\TP2-Students\aca-butterflies\train
Image_2776.jpg,QUESTION MARK,c:\Users\ricar\Downloads\TP2-Students\aca-butterflies\train
Image_1949.jpg,QUESTION MARK,c:\Users\ricar\Downloads\TP2-Students\aca-butterflies\train
Image_2558.jpg,QUESTION MARK,c:\Users\ricar\Downloads\TP2-Students\aca-butterflies\train
Image_2986.jpg,QUESTION MARK,c:\Users\ricar\Downloads\TP2-Students\aca-butterflies\train
Image_3327.jpg,QUESTION MARK,c:\Users\ricar\Downloads\TP2-Students\aca-butterflies\train
Image_920.jpg,QUESTION MARK,c:\Users\ricar\Downloads\TP2-Students\aca-butterflies\train
Image_2831.jpg,QUESTION MARK,c:\Users\ricar\Downloads\TP2-Students\aca-butterflies\train
Image_380.jpg,QUESTION MARK,c:\Users\ricar\Downloads\TP2-Students\aca-butterflies\train
Image_656.jpg,QUESTION MARK,c:\Users\ricar\Downloads\TP2-Students\aca-butterflies\train
Image_4514.jpg,QUESTION MARK,c:\Users\ricar\Downloads\TP2-Students\aca-butterflies\train
Image_2673.jpg,QUESTION MARK,c:\Users\ricar\Downloads\TP2-Students\aca-butterflies\train
Image_5096.jpg,QUESTION MARK,c:\Users\ricar\Downloads\TP2-Students\aca-butterflies\train
Image_4020.jpg,QUESTION MARK,c:\Users\ricar\Downloads\TP2-Students\aca-butterflies\train
Image_357.jpg,QUESTION MARK,c:\Users\ricar\Downloads\TP2-Students\aca-butterflies\train
Image_3793.jpg,QUESTION MARK,c:\Users\ricar\Downloads\TP2-Students\aca-butterflies\train
Image_5009.jpg,QUESTION MARK,c:\Users\ricar\Downloads\TP2-Students\aca-butterflies\train
Image_1970.jpg,QUESTION MARK,c:\Users\ricar\Downloads\TP2-Students\aca-butterflies\train
Image_1595.jpg,QUESTION MARK,c:\Users\ricar\Downloads\TP2-Students\aca-butterflies\train
Image_479.jpg,QUESTION MARK,c:\Users\ricar\Downloads\TP2-Students\aca-butterflies\train
Image_1044.jpg,QUESTION MARK,c:\Users\ricar\Downloads\TP2-Students\aca-butterflies\train
Image_5105.jpg,QUESTION MARK,c:\Users\ricar\Downloads\TP2-Students\aca-butterflies\train
Image_2712.jpg,QUESTION MARK,c:\Users\ricar\Downloads\TP2-Students\aca-butterflies\train
Image_1762.jpg,QUESTION MARK,c:\Users\ricar\Downloads\TP2-Students\aca-butterflies\train
Image_2584.jpg,QUESTION MARK,c:\Users\ricar\Downloads\TP2-Students\aca-butterflies\train
Image_625.jpg,QUESTION MARK,c:\Users\ricar\Downloads\TP2-Students\aca-butterflies\train
Image_4385.jpg,QUESTION MARK,c:\Users\ricar\Downloads\TP2-Students\aca-butterflies\train
Image_242.jpg,QUESTION MARK,c:\Users\ricar\Downloads\TP2-Students\aca-butterflies\train
Image_3011.jpg,QUESTION MARK,c:\Users\ricar\Downloads\TP2-Students\aca-butterflies\train
Image_3949.jpg,QUESTION MARK,c:\Users\ricar\Downloads\TP2-Students\aca-butterflies\train
Image_1601.jpg,QUESTION MARK,c:\Users\ricar\Downloads\TP2-Students\aca-butterflies\train
Image_4258.jpg,QUESTION MARK,c:\Users\ricar\Downloads\TP2-Students\aca-butterflies\train
Image_25.jpg,QUESTION MARK,c:\Users\ricar\Downloads\TP2-Students\aca-butterflies\train
Image_286.jpg,QUESTION MARK,c:\Users\ricar\Downloads\TP2-Students\aca-butterflies\train
Image_2319.jpg,QUESTION MARK,c:\Users\ricar\Downloads\TP2-Students\aca-butterflies\train
Image_4900.jpg,QUESTION MARK,c:\Users\ricar\Downloads\TP2-Students\aca-butterflies\train
Image_3481.jpg,QUESTION MARK,c:\Users\ricar\Downloads\TP2-Students\aca-butterflies\train
Image_2941.jpg,QUESTION MARK,c:\Users\ricar\Downloads\TP2-Students\aca-butterflies\train
Image_1901.jpg,QUESTION MARK,c:\Users\ricar\Downloads\TP2-Students\aca-butterflies\train
Image_2973.jpg,QUESTION MARK,c:\Users\ricar\Downloads\TP2-Students\aca-butterflies\train
Image_575.jpg,QUESTION MARK,c:\Users\ricar\Downloads\TP2-Students\aca-butterflies\train
Image_2828.jpg,QUESTION MARK,c:\Users\ricar\Downloads\TP2-Students\aca-butterflies\train
Image_5000.jpg,QUESTION MARK,c:\Users\ricar\Downloads\TP2-Students\aca-butterflies\train
Image_3052.jpg,QUESTION MARK,c:\Users\ricar\Downloads\TP2-Students\aca-butterflies\train
Image_938.jpg,RED ADMIRAL,c:\Users\ricar\Downloads\TP2-Students\aca-butterflies\train
Image_1229.jpg,RED ADMIRAL,c:\Users\ricar\Downloads\TP2-Students\aca-butterflies\train
Image_544.jpg,RED ADMIRAL,c:\Users\ricar\Downloads\TP2-Students\aca-butterflies\train
Image_4126.jpg,RED ADMIRAL,c:\Users\ricar\Downloads\TP2-Students\aca-butterflies\train
Image_1101.jpg,RED ADMIRAL,c:\Users\ricar\Downloads\TP2-Students\aca-butterflies\train
Image_2082.jpg,RED ADMIRAL,c:\Users\ricar\Downloads\TP2-Students\aca-butterflies\train
Image_671.jpg,RED ADMIRAL,c:\Users\ricar\Downloads\TP2-Students\aca-butterflies\train
Image_2709.jpg,RED ADMIRAL,c:\Users\ricar\Downloads\TP2-Students\aca-butterflies\train
Image_2628.jpg,RED ADMIRAL,c:\Users\ricar\Downloads\TP2-Students\aca-butterflies\train
Image_4876.jpg,RED ADMIRAL,c:\Users\ricar\Downloads\TP2-Students\aca-butterflies\train
Image_4449.jpg,RED ADMIRAL,c:\Users\ricar\Downloads\TP2-Students\aca-butterflies\train
Image_3675.jpg,RED ADMIRAL,c:\Users\ricar\Downloads\TP2-Students\aca-butterflies\train
Image_4982.jpg,RED ADMIRAL,c:\Users\ricar\Downloads\TP2-Students\aca-butterflies\train
Image_4471.jpg,RED ADMIRAL,c:\Users\ricar\Downloads\TP2-Students\aca-butterflies\train
Image_2296.jpg,RED ADMIRAL,c:\Users\ricar\Downloads\TP2-Students\aca-butterflies\train
Image_499.jpg,RED ADMIRAL,c:\Users\ricar\Downloads\TP2-Students\aca-butterflies\train
Image_1320.jpg,RED ADMIRAL,c:\Users\ricar\Downloads\TP2-Students\aca-butterflies\train
Image_2905.jpg,RED ADMIRAL,c:\Users\ricar\Downloads\TP2-Students\aca-butterflies\train
Image_3600.jpg,RED ADMIRAL,c:\Users\ricar\Downloads\TP2-Students\aca-butterflies\train
Image_4272.jpg,RED ADMIRAL,c:\Users\ricar\Downloads\TP2-Students\aca-butterflies\train
Image_2833.jpg,RED ADMIRAL,c:\Users\ricar\Downloads\TP2-Students\aca-butterflies\train
Image_3689.jpg,RED ADMIRAL,c:\Users\ricar\Downloads\TP2-Students\aca-butterflies\train
Image_3410.jpg,RED ADMIRAL,c:\Users\ricar\Downloads\TP2-Students\aca-butterflies\train
Image_1863.jpg,RED ADMIRAL,c:\Users\ricar\Downloads\TP2-Students\aca-butterflies\train
Image_5186.jpg,RED ADMIRAL,c:\Users\ricar\Downloads\TP2-Students\aca-butterflies\train
Image_522.jpg,RED ADMIRAL,c:\Users\ricar\Downloads\TP2-Students\aca-butterflies\train
Image_4893.jpg,RED ADMIRAL,c:\Users\ricar\Downloads\TP2-Students\aca-butterflies\train
Image_4784.jpg,RED ADMIRAL,c:\Users\ricar\Downloads\TP2-Students\aca-butterflies\train
Image_922.jpg,RED ADMIRAL,c:\Users\ricar\Downloads\TP2-Students\aca-butterflies\train
Image_5147.jpg,RED ADMIRAL,c:\Users\ricar\Downloads\TP2-Students\aca-butterflies\train
Image_4930.jpg,RED ADMIRAL,c:\Users\ricar\Downloads\TP2-Students\aca-butterflies\train
Image_4117.jpg,RED ADMIRAL,c:\Users\ricar\Downloads\TP2-Students\aca-butterflies\train
Image_551.jpg,RED ADMIRAL,c:\Users\ricar\Downloads\TP2-Students\aca-butterflies\train
Image_2363.jpg,RED ADMIRAL,c:\Users\ricar\Downloads\TP2-Students\aca-butterflies\train
Image_4106.jpg,RED ADMIRAL,c:\Users\ricar\Downloads\TP2-Students\aca-butterflies\train
Image_2538.jpg,RED ADMIRAL,c:\Users\ricar\Downloads\TP2-Students\aca-butterflies\train
Image_234.jpg,RED ADMIRAL,c:\Users\ricar\Downloads\TP2-Students\aca-butterflies\train
Image_3002.jpg,RED ADMIRAL,c:\Users\ricar\Downloads\TP2-Students\aca-butterflies\train
Image_1909.jpg,RED ADMIRAL,c:\Users\ricar\Downloads\TP2-Students\aca-butterflies\train
Image_298.jpg,RED ADMIRAL,c:\Users\ricar\Downloads\TP2-Students\aca-butterflies\train
Image_3543.jpg,RED ADMIRAL,c:\Users\ricar\Downloads\TP2-Students\aca-butterflies\train
Image_5125.jpg,RED ADMIRAL,c:\Users\ricar\Downloads\TP2-Students\aca-butterflies\train
Image_2079.jpg,RED ADMIRAL,c:\Users\ricar\Downloads\TP2-Students\aca-butterflies\train
Image_2460.jpg,RED ADMIRAL,c:\Users\ricar\Downloads\TP2-Students\aca-butterflies\train
Image_2596.jpg,RED ADMIRAL,c:\Users\ricar\Downloads\TP2-Students\aca-butterflies\train
Image_2408.jpg,RED ADMIRAL,c:\Users\ricar\Downloads\TP2-Students\aca-butterflies\train
Image_1048.jpg,RED CRACKER,c:\Users\ricar\Downloads\TP2-Students\aca-butterflies\train
Image_776.jpg,RED CRACKER,c:\Users\ricar\Downloads\TP2-Students\aca-butterflies\train
Image_3745.jpg,RED CRACKER,c:\Users\ricar\Downloads\TP2-Students\aca-butterflies\train
Image_3890.jpg,RED CRACKER,c:\Users\ricar\Downloads\TP2-Students\aca-butterflies\train
Image_3339.jpg,RED CRACKER,c:\Users\ricar\Downloads\TP2-Students\aca-butterflies\train
Image_2353.jpg,RED CRACKER,c:\Users\ricar\Downloads\TP2-Students\aca-butterflies\train
Image_2346.jpg,RED CRACKER,c:\Users\ricar\Downloads\TP2-Students\aca-butterflies\train
Image_4908.jpg,RED CRACKER,c:\Users\ricar\Downloads\TP2-Students\aca-butterflies\train
Image_1914.jpg,RED CRACKER,c:\Users\ricar\Downloads\TP2-Students\aca-butterflies\train
Image_3874.jpg,RED CRACKER,c:\Users\ricar\Downloads\TP2-Students\aca-butterflies\train
Image_4401.jpg,RED CRACKER,c:\Users\ricar\Downloads\TP2-Students\aca-butterflies\train
Image_474.jpg,RED CRACKER,c:\Users\ricar\Downloads\TP2-Students\aca-butterflies\train
Image_781.jpg,RED CRACKER,c:\Users\ricar\Downloads\TP2-Students\aca-butterflies\train
Image_3862.jpg,RED CRACKER,c:\Users\ricar\Downloads\TP2-Students\aca-butterflies\train
Image_209.jpg,RED CRACKER,c:\Users\ricar\Downloads\TP2-Students\aca-butterflies\train
Image_43.jpg,RED CRACKER,c:\Users\ricar\Downloads\TP2-Students\aca-butterflies\train
Image_4265.jpg,RED CRACKER,c:\Users\ricar\Downloads\TP2-Students\aca-butterflies\train
Image_3532.jpg,RED CRACKER,c:\Users\ricar\Downloads\TP2-Students\aca-butterflies\train
Image_1956.jpg,RED CRACKER,c:\Users\ricar\Downloads\TP2-Students\aca-butterflies\train
Image_2990.jpg,RED CRACKER,c:\Users\ricar\Downloads\TP2-Students\aca-butterflies\train
Image_3510.jpg,RED CRACKER,c:\Users\ricar\Downloads\TP2-Students\aca-butterflies\train
Image_3119.jpg,RED CRACKER,c:\Users\ricar\Downloads\TP2-Students\aca-butterflies\train
Image_2663.jpg,RED CRACKER,c:\Users\ricar\Downloads\TP2-Students\aca-butterflies\train
Image_2571.jpg,RED CRACKER,c:\Users\ricar\Downloads\TP2-Students\aca-butterflies\train
Image_3368.jpg,RED CRACKER,c:\Users\ricar\Downloads\TP2-Students\aca-butterflies\train
Image_4058.jpg,RED CRACKER,c:\Users\ricar\Downloads\TP2-Students\aca-butterflies\train
Image_4620.jpg,RED CRACKER,c:\Users\ricar\Downloads\TP2-Students\aca-butterflies\train
Image_4062.jpg,RED CRACKER,c:\Users\ricar\Downloads\TP2-Students\aca-butterflies\train
Image_726.jpg,RED CRACKER,c:\Users\ricar\Downloads\TP2-Students\aca-butterflies\train
Image_1149.jpg,RED CRACKER,c:\Users\ricar\Downloads\TP2-Students\aca-butterflies\train
Image_2708.jpg,RED CRACKER,c:\Users\ricar\Downloads\TP2-Students\aca-butterflies\train
Image_3894.jpg,RED CRACKER,c:\Users\ricar\Downloads\TP2-Students\aca-butterflies\train
Image_1525.jpg,RED CRACKER,c:\Users\ricar\Downloads\TP2-Students\aca-butterflies\train
Image_1565.jpg,RED CRACKER,c:\Users\ricar\Downloads\TP2-Students\aca-butterflies\train
Image_944.jpg,RED CRACKER,c:\Users\ricar\Downloads\TP2-Students\aca-butterflies\train
Image_4214.jpg,RED CRACKER,c:\Users\ricar\Downloads\TP2-Students\aca-butterflies\train
Image_2334.jpg,RED CRACKER,c:\Users\ricar\Downloads\TP2-Students\aca-butterflies\train
Image_4590.jpg,RED CRACKER,c:\Users\ricar\Downloads\TP2-Students\aca-butterflies\train
Image_860.jpg,RED CRACKER,c:\Users\ricar\Downloads\TP2-Students\aca-butterflies\train
Image_2356.jpg,RED CRACKER,c:\Users\ricar\Downloads\TP2-Students\aca-butterflies\train
Image_999.jpg,RED CRACKER,c:\Users\ricar\Downloads\TP2-Students\aca-butterflies\train
Image_4879.jpg,RED CRACKER,c:\Users\ricar\Downloads\TP2-Students\aca-butterflies\train
Image_1664.jpg,RED CRACKER,c:\Users\ricar\Downloads\TP2-Students\aca-butterflies\train
Image_2527.jpg,RED CRACKER,c:\Users\ricar\Downloads\TP2-Students\aca-butterflies\train
Image_4327.jpg,RED CRACKER,c:\Users\ricar\Downloads\TP2-Students\aca-butterflies\train
Image_5120.jpg,RED CRACKER,c:\Users\ricar\Downloads\TP2-Students\aca-butterflies\train
Image_3626.jpg,RED CRACKER,c:\Users\ricar\Downloads\TP2-Students\aca-butterflies\train
Image_3932.jpg,RED CRACKER,c:\Users\ricar\Downloads\TP2-Students\aca-butterflies\train
Image_2389.jpg,RED CRACKER,c:\Users\ricar\Downloads\TP2-Students\aca-butterflies\train
Image_2570.jpg,RED CRACKER,c:\Users\ricar\Downloads\TP2-Students\aca-butterflies\train
Image_1637.jpg,RED CRACKER,c:\Users\ricar\Downloads\TP2-Students\aca-butterflies\train
Image_2362.jpg,RED CRACKER,c:\Users\ricar\Downloads\TP2-Students\aca-butterflies\train
Image_1201.jpg,RED CRACKER,c:\Users\ricar\Downloads\TP2-Students\aca-butterflies\train
Image_1121.jpg,RED POSTMAN,c:\Users\ricar\Downloads\TP2-Students\aca-butterflies\train
Image_2488.jpg,RED POSTMAN,c:\Users\ricar\Downloads\TP2-Students\aca-butterflies\train
Image_139.jpg,RED POSTMAN,c:\Users\ricar\Downloads\TP2-Students\aca-butterflies\train
Image_950.jpg,RED POSTMAN,c:\Users\ricar\Downloads\TP2-Students\aca-butterflies\train
Image_2100.jpg,RED POSTMAN,c:\Users\ricar\Downloads\TP2-Students\aca-butterflies\train
Image_2317.jpg,RED POSTMAN,c:\Users\ricar\Downloads\TP2-Students\aca-butterflies\train
Image_1303.jpg,RED POSTMAN,c:\Users\ricar\Downloads\TP2-Students\aca-butterflies\train
Image_792.jpg,RED POSTMAN,c:\Users\ricar\Downloads\TP2-Students\aca-butterflies\train
Image_4743.jpg,RED POSTMAN,c:\Users\ricar\Downloads\TP2-Students\aca-butterflies\train
Image_1339.jpg,RED POSTMAN,c:\Users\ricar\Downloads\TP2-Students\aca-butterflies\train
Image_748.jpg,RED POSTMAN,c:\Users\ricar\Downloads\TP2-Students\aca-butterflies\train
Image_3887.jpg,RED POSTMAN,c:\Users\ricar\Downloads\TP2-Students\aca-butterflies\train
Image_3299.jpg,RED POSTMAN,c:\Users\ricar\Downloads\TP2-Students\aca-butterflies\train
Image_4753.jpg,RED POSTMAN,c:\Users\ricar\Downloads\TP2-Students\aca-butterflies\train
Image_1059.jpg,RED POSTMAN,c:\Users\ricar\Downloads\TP2-Students\aca-butterflies\train
Image_4472.jpg,RED POSTMAN,c:\Users\ricar\Downloads\TP2-Students\aca-butterflies\train
Image_749.jpg,RED POSTMAN,c:\Users\ricar\Downloads\TP2-Students\aca-butterflies\train
Image_881.jpg,RED POSTMAN,c:\Users\ricar\Downloads\TP2-Students\aca-butterflies\train
Image_93.jpg,RED POSTMAN,c:\Users\ricar\Downloads\TP2-Students\aca-butterflies\train
Image_3176.jpg,RED POSTMAN,c:\Users\ricar\Downloads\TP2-Students\aca-butterflies\train
Image_2057.jpg,RED POSTMAN,c:\Users\ricar\Downloads\TP2-Students\aca-butterflies\train
Image_2826.jpg,RED POSTMAN,c:\Users\ricar\Downloads\TP2-Students\aca-butterflies\train
Image_2634.jpg,RED POSTMAN,c:\Users\ricar\Downloads\TP2-Students\aca-butterflies\train
Image_72.jpg,RED POSTMAN,c:\Users\ricar\Downloads\TP2-Students\aca-butterflies\train
Image_1952.jpg,RED POSTMAN,c:\Users\ricar\Downloads\TP2-Students\aca-butterflies\train
Image_1316.jpg,RED POSTMAN,c:\Users\ricar\Downloads\TP2-Students\aca-butterflies\train
Image_3179.jpg,RED POSTMAN,c:\Users\ricar\Downloads\TP2-Students\aca-butterflies\train
Image_2864.jpg,RED POSTMAN,c:\Users\ricar\Downloads\TP2-Students\aca-butterflies\train
Image_1987.jpg,RED POSTMAN,c:\Users\ricar\Downloads\TP2-Students\aca-butterflies\train
Image_1967.jpg,RED POSTMAN,c:\Users\ricar\Downloads\TP2-Students\aca-butterflies\train
Image_1941.jpg,RED POSTMAN,c:\Users\ricar\Downloads\TP2-Students\aca-butterflies\train
Image_5168.jpg,RED POSTMAN,c:\Users\ricar\Downloads\TP2-Students\aca-butterflies\train
Image_3350.jpg,RED POSTMAN,c:\Users\ricar\Downloads\TP2-Students\aca-butterflies\train
Image_1720.jpg,RED POSTMAN,c:\Users\ricar\Downloads\TP2-Students\aca-butterflies\train
Image_2244.jpg,RED POSTMAN,c:\Users\ricar\Downloads\TP2-Students\aca-butterflies\train
Image_3895.jpg,RED POSTMAN,c:\Users\ricar\Downloads\TP2-Students\aca-butterflies\train
Image_2223.jpg,RED POSTMAN,c:\Users\ricar\Downloads\TP2-Students\aca-butterflies\train
Image_2315.jpg,RED POSTMAN,c:\Users\ricar\Downloads\TP2-Students\aca-butterflies\train
Image_62.jpg,RED POSTMAN,c:\Users\ricar\Downloads\TP2-Students\aca-butterflies\train
Image_3431.jpg,RED POSTMAN,c:\Users\ricar\Downloads\TP2-Students\aca-butterflies\train
Image_2454.jpg,RED POSTMAN,c:\Users\ricar\Downloads\TP2-Students\aca-butterflies\train
Image_3570.jpg,RED POSTMAN,c:\Users\ricar\Downloads\TP2-Students\aca-butterflies\train
Image_3037.jpg,RED POSTMAN,c:\Users\ricar\Downloads\TP2-Students\aca-butterflies\train
Image_1922.jpg,RED POSTMAN,c:\Users\ricar\Downloads\TP2-Students\aca-butterflies\train
Image_3454.jpg,RED POSTMAN,c:\Users\ricar\Downloads\TP2-Students\aca-butterflies\train
Image_2256.jpg,RED POSTMAN,c:\Users\ricar\Downloads\TP2-Students\aca-butterflies\train
Image_3743.jpg,RED POSTMAN,c:\Users\ricar\Downloads\TP2-Students\aca-butterflies\train
Image_3395.jpg,RED POSTMAN,c:\Users\ricar\Downloads\TP2-Students\aca-butterflies\train
Image_3875.jpg,RED POSTMAN,c:\Users\ricar\Downloads\TP2-Students\aca-butterflies\train
Image_429.jpg,RED SPOTTED PURPLE,c:\Users\ricar\Downloads\TP2-Students\aca-butterflies\train
Image_710.jpg,RED SPOTTED PURPLE,c:\Users\ricar\Downloads\TP2-Students\aca-butterflies\train
Image_2553.jpg,RED SPOTTED PURPLE,c:\Users\ricar\Downloads\TP2-Students\aca-butterflies\train
Image_3314.jpg,RED SPOTTED PURPLE,c:\Users\ricar\Downloads\TP2-Students\aca-butterflies\train
Image_651.jpg,RED SPOTTED PURPLE,c:\Users\ricar\Downloads\TP2-Students\aca-butterflies\train
Image_902.jpg,RED SPOTTED PURPLE,c:\Users\ricar\Downloads\TP2-Students\aca-butterflies\train
Image_3891.jpg,RED SPOTTED PURPLE,c:\Users\ricar\Downloads\TP2-Students\aca-butterflies\train
Image_2166.jpg,RED SPOTTED PURPLE,c:\Users\ricar\Downloads\TP2-Students\aca-butterflies\train
Image_1462.jpg,RED SPOTTED PURPLE,c:\Users\ricar\Downloads\TP2-Students\aca-butterflies\train
Image_3105.jpg,RED SPOTTED PURPLE,c:\Users\ricar\Downloads\TP2-Students\aca-butterflies\train
Image_812.jpg,RED SPOTTED PURPLE,c:\Users\ricar\Downloads\TP2-Students\aca-butterflies\train
Image_304.jpg,RED SPOTTED PURPLE,c:\Users\ricar\Downloads\TP2-Students\aca-butterflies\train
Image_5142.jpg,RED SPOTTED PURPLE,c:\Users\ricar\Downloads\TP2-Students\aca-butterflies\train
Image_4021.jpg,RED SPOTTED PURPLE,c:\Users\ricar\Downloads\TP2-Students\aca-butterflies\train
Image_1702.jpg,RED SPOTTED PURPLE,c:\Users\ricar\Downloads\TP2-Students\aca-butterflies\train
Image_2444.jpg,RED SPOTTED PURPLE,c:\Users\ricar\Downloads\TP2-Students\aca-butterflies\train
Image_3121.jpg,RED SPOTTED PURPLE,c:\Users\ricar\Downloads\TP2-Students\aca-butterflies\train
Image_2975.jpg,RED SPOTTED PURPLE,c:\Users\ricar\Downloads\TP2-Students\aca-butterflies\train
Image_4536.jpg,RED SPOTTED PURPLE,c:\Users\ricar\Downloads\TP2-Students\aca-butterflies\train
Image_598.jpg,RED SPOTTED PURPLE,c:\Users\ricar\Downloads\TP2-Students\aca-butterflies\train
Image_2411.jpg,RED SPOTTED PURPLE,c:\Users\ricar\Downloads\TP2-Students\aca-butterflies\train
Image_3304.jpg,RED SPOTTED PURPLE,c:\Users\ricar\Downloads\TP2-Students\aca-butterflies\train
Image_4796.jpg,RED SPOTTED PURPLE,c:\Users\ricar\Downloads\TP2-Students\aca-butterflies\train
Image_1343.jpg,RED SPOTTED PURPLE,c:\Users\ricar\Downloads\TP2-Students\aca-butterflies\train
Image_3934.jpg,RED SPOTTED PURPLE,c:\Users\ricar\Downloads\TP2-Students\aca-butterflies\train
Image_2477.jpg,RED SPOTTED PURPLE,c:\Users\ricar\Downloads\TP2-Students\aca-butterflies\train
Image_3741.jpg,RED SPOTTED PURPLE,c:\Users\ricar\Downloads\TP2-Students\aca-butterflies\train
Image_2731.jpg,RED SPOTTED PURPLE,c:\Users\ricar\Downloads\TP2-Students\aca-butterflies\train
Image_4949.jpg,RED SPOTTED PURPLE,c:\Users\ricar\Downloads\TP2-Students\aca-butterflies\train
Image_582.jpg,RED SPOTTED PURPLE,c:\Users\ricar\Downloads\TP2-Students\aca-butterflies\train
Image_2735.jpg,RED SPOTTED PURPLE,c:\Users\ricar\Downloads\TP2-Students\aca-butterflies\train
Image_1588.jpg,RED SPOTTED PURPLE,c:\Users\ricar\Downloads\TP2-Students\aca-butterflies\train
Image_1283.jpg,RED SPOTTED PURPLE,c:\Users\ricar\Downloads\TP2-Students\aca-butterflies\train
Image_3309.jpg,RED SPOTTED PURPLE,c:\Users\ricar\Downloads\TP2-Students\aca-butterflies\train
Image_3116.jpg,RED SPOTTED PURPLE,c:\Users\ricar\Downloads\TP2-Students\aca-butterflies\train
Image_4997.jpg,RED SPOTTED PURPLE,c:\Users\ricar\Downloads\TP2-Students\aca-butterflies\train
Image_4069.jpg,RED SPOTTED PURPLE,c:\Users\ricar\Downloads\TP2-Students\aca-butterflies\train
Image_3984.jpg,RED SPOTTED PURPLE,c:\Users\ricar\Downloads\TP2-Students\aca-butterflies\train
Image_3131.jpg,RED SPOTTED PURPLE,c:\Users\ricar\Downloads\TP2-Students\aca-butterflies\train
Image_2760.jpg,RED SPOTTED PURPLE,c:\Users\ricar\Downloads\TP2-Students\aca-butterflies\train
Image_783.jpg,RED SPOTTED PURPLE,c:\Users\ricar\Downloads\TP2-Students\aca-butterflies\train
Image_1662.jpg,RED SPOTTED PURPLE,c:\Users\ricar\Downloads\TP2-Students\aca-butterflies\train
Image_1432.jpg,RED SPOTTED PURPLE,c:\Users\ricar\Downloads\TP2-Students\aca-butterflies\train
Image_3960.jpg,RED SPOTTED PURPLE,c:\Users\ricar\Downloads\TP2-Students\aca-butterflies\train
Image_925.jpg,RED SPOTTED PURPLE,c:\Users\ricar\Downloads\TP2-Students\aca-butterflies\train
Image_4164.jpg,RED SPOTTED PURPLE,c:\Users\ricar\Downloads\TP2-Students\aca-butterflies\train
Image_4081.jpg,RED SPOTTED PURPLE,c:\Users\ricar\Downloads\TP2-Students\aca-butterflies\train
Image_2877.jpg,RED SPOTTED PURPLE,c:\Users\ricar\Downloads\TP2-Students\aca-butterflies\train
Image_3028.jpg,SCARCE SWALLOW,c:\Users\ricar\Downloads\TP2-Students\aca-butterflies\train
Image_1124.jpg,SCARCE SWALLOW,c:\Users\ricar\Downloads\TP2-Students\aca-butterflies\train
Image_29.jpg,SCARCE SWALLOW,c:\Users\ricar\Downloads\TP2-Students\aca-butterflies\train
Image_4902.jpg,SCARCE SWALLOW,c:\Users\ricar\Downloads\TP2-Students\aca-butterflies\train
Image_5157.jpg,SCARCE SWALLOW,c:\Users\ricar\Downloads\TP2-Students\aca-butterflies\train
Image_356.jpg,SCARCE SWALLOW,c:\Users\ricar\Downloads\TP2-Students\aca-butterflies\train
Image_1266.jpg,SCARCE SWALLOW,c:\Users\ricar\Downloads\TP2-Students\aca-butterflies\train
Image_1619.jpg,SCARCE SWALLOW,c:\Users\ricar\Downloads\TP2-Students\aca-butterflies\train
Image_3022.jpg,SCARCE SWALLOW,c:\Users\ricar\Downloads\TP2-Students\aca-butterflies\train
Image_4856.jpg,SCARCE SWALLOW,c:\Users\ricar\Downloads\TP2-Students\aca-butterflies\train
Image_1584.jpg,SCARCE SWALLOW,c:\Users\ricar\Downloads\TP2-Students\aca-butterflies\train
Image_423.jpg,SCARCE SWALLOW,c:\Users\ricar\Downloads\TP2-Students\aca-butterflies\train
Image_4813.jpg,SCARCE SWALLOW,c:\Users\ricar\Downloads\TP2-Students\aca-butterflies\train
Image_1846.jpg,SCARCE SWALLOW,c:\Users\ricar\Downloads\TP2-Students\aca-butterflies\train
Image_2205.jpg,SCARCE SWALLOW,c:\Users\ricar\Downloads\TP2-Students\aca-butterflies\train
Image_3544.jpg,SCARCE SWALLOW,c:\Users\ricar\Downloads\TP2-Students\aca-butterflies\train
Image_2992.jpg,SCARCE SWALLOW,c:\Users\ricar\Downloads\TP2-Students\aca-butterflies\train
Image_1659.jpg,SCARCE SWALLOW,c:\Users\ricar\Downloads\TP2-Students\aca-butterflies\train
Image_2001.jpg,SCARCE SWALLOW,c:\Users\ricar\Downloads\TP2-Students\aca-butterflies\train
Image_141.jpg,SCARCE SWALLOW,c:\Users\ricar\Downloads\TP2-Students\aca-butterflies\train
Image_4649.jpg,SCARCE SWALLOW,c:\Users\ricar\Downloads\TP2-Students\aca-butterflies\train
Image_4863.jpg,SCARCE SWALLOW,c:\Users\ricar\Downloads\TP2-Students\aca-butterflies\train
Image_4132.jpg,SCARCE SWALLOW,c:\Users\ricar\Downloads\TP2-Students\aca-butterflies\train
Image_2692.jpg,SCARCE SWALLOW,c:\Users\ricar\Downloads\TP2-Students\aca-butterflies\train
Image_4543.jpg,SCARCE SWALLOW,c:\Users\ricar\Downloads\TP2-Students\aca-butterflies\train
Image_330.jpg,SCARCE SWALLOW,c:\Users\ricar\Downloads\TP2-Students\aca-butterflies\train
Image_2775.jpg,SCARCE SWALLOW,c:\Users\ricar\Downloads\TP2-Students\aca-butterflies\train
Image_61.jpg,SCARCE SWALLOW,c:\Users\ricar\Downloads\TP2-Students\aca-butterflies\train
Image_896.jpg,SCARCE SWALLOW,c:\Users\ricar\Downloads\TP2-Students\aca-butterflies\train
Image_4679.jpg,SCARCE SWALLOW,c:\Users\ricar\Downloads\TP2-Students\aca-butterflies\train
Image_3401.jpg,SCARCE SWALLOW,c:\Users\ricar\Downloads\TP2-Students\aca-butterflies\train
Image_233.jpg,SCARCE SWALLOW,c:\Users\ricar\Downloads\TP2-Students\aca-butterflies\train
Image_2745.jpg,SCARCE SWALLOW,c:\Users\ricar\Downloads\TP2-Students\aca-butterflies\train
Image_2762.jpg,SCARCE SWALLOW,c:\Users\ricar\Downloads\TP2-Students\aca-butterflies\train
Image_3948.jpg,SCARCE SWALLOW,c:\Users\ricar\Downloads\TP2-Students\aca-butterflies\train
Image_88.jpg,SCARCE SWALLOW,c:\Users\ricar\Downloads\TP2-Students\aca-butterflies\train
Image_3729.jpg,SCARCE SWALLOW,c:\Users\ricar\Downloads\TP2-Students\aca-butterflies\train
Image_1299.jpg,SCARCE SWALLOW,c:\Users\ricar\Downloads\TP2-Students\aca-butterflies\train
Image_4618.jpg,SCARCE SWALLOW,c:\Users\ricar\Downloads\TP2-Students\aca-butterflies\train
Image_5161.jpg,SCARCE SWALLOW,c:\Users\ricar\Downloads\TP2-Students\aca-butterflies\train
Image_5055.jpg,SCARCE SWALLOW,c:\Users\ricar\Downloads\TP2-Students\aca-butterflies\train
Image_2125.jpg,SCARCE SWALLOW,c:\Users\ricar\Downloads\TP2-Students\aca-butterflies\train
Image_4686.jpg,SCARCE SWALLOW,c:\Users\ricar\Downloads\TP2-Students\aca-butterflies\train
Image_3923.jpg,SCARCE SWALLOW,c:\Users\ricar\Downloads\TP2-Students\aca-butterflies\train
Image_2479.jpg,SCARCE SWALLOW,c:\Users\ricar\Downloads\TP2-Students\aca-butterflies\train
Image_510.jpg,SCARCE SWALLOW,c:\Users\ricar\Downloads\TP2-Students\aca-butterflies\train
Image_4694.jpg,SCARCE SWALLOW,c:\Users\ricar\Downloads\TP2-Students\aca-butterflies\train
Image_2155.jpg,SCARCE SWALLOW,c:\Users\ricar\Downloads\TP2-Students\aca-butterflies\train
Image_4512.jpg,SCARCE SWALLOW,c:\Users\ricar\Downloads\TP2-Students\aca-butterflies\train
Image_3365.jpg,SCARCE SWALLOW,c:\Users\ricar\Downloads\TP2-Students\aca-butterflies\train
Image_4698.jpg,SCARCE SWALLOW,c:\Users\ricar\Downloads\TP2-Students\aca-butterflies\train
Image_311.jpg,SCARCE SWALLOW,c:\Users\ricar\Downloads\TP2-Students\aca-butterflies\train
Image_4257.jpg,SCARCE SWALLOW,c:\Users\ricar\Downloads\TP2-Students\aca-butterflies\train
Image_154.jpg,SILVER SPOT SKIPPER,c:\Users\ricar\Downloads\TP2-Students\aca-butterflies\train
Image_404.jpg,SILVER SPOT SKIPPER,c:\Users\ricar\Downloads\TP2-Students\aca-butterflies\train
Image_1207.jpg,SILVER SPOT SKIPPER,c:\Users\ricar\Downloads\TP2-Students\aca-butterflies\train
Image_3007.jpg,SILVER SPOT SKIPPER,c:\Users\ricar\Downloads\TP2-Students\aca-butterflies\train
Image_886.jpg,SILVER SPOT SKIPPER,c:\Users\ricar\Downloads\TP2-Students\aca-butterflies\train
Image_3587.jpg,SILVER SPOT SKIPPER,c:\Users\ricar\Downloads\TP2-Students\aca-butterflies\train
Image_4330.jpg,SILVER SPOT SKIPPER,c:\Users\ricar\Downloads\TP2-Students\aca-butterflies\train
Image_5098.jpg,SILVER SPOT SKIPPER,c:\Users\ricar\Downloads\TP2-Students\aca-butterflies\train
Image_2994.jpg,SILVER SPOT SKIPPER,c:\Users\ricar\Downloads\TP2-Students\aca-butterflies\train
Image_4552.jpg,SILVER SPOT SKIPPER,c:\Users\ricar\Downloads\TP2-Students\aca-butterflies\train
Image_848.jpg,SILVER SPOT SKIPPER,c:\Users\ricar\Downloads\TP2-Students\aca-butterflies\train
Image_4423.jpg,SILVER SPOT SKIPPER,c:\Users\ricar\Downloads\TP2-Students\aca-butterflies\train
Image_1716.jpg,SILVER SPOT SKIPPER,c:\Users\ricar\Downloads\TP2-Students\aca-butterflies\train
Image_4474.jpg,SILVER SPOT SKIPPER,c:\Users\ricar\Downloads\TP2-Students\aca-butterflies\train
Image_1416.jpg,SILVER SPOT SKIPPER,c:\Users\ricar\Downloads\TP2-Students\aca-butterflies\train
Image_383.jpg,SILVER SPOT SKIPPER,c:\Users\ricar\Downloads\TP2-Students\aca-butterflies\train
Image_2801.jpg,SILVER SPOT SKIPPER,c:\Users\ricar\Downloads\TP2-Students\aca-butterflies\train
Image_3446.jpg,SILVER SPOT SKIPPER,c:\Users\ricar\Downloads\TP2-Students\aca-butterflies\train
Image_2534.jpg,SILVER SPOT SKIPPER,c:\Users\ricar\Downloads\TP2-Students\aca-butterflies\train
Image_3931.jpg,SILVER SPOT SKIPPER,c:\Users\ricar\Downloads\TP2-Students\aca-butterflies\train
Image_974.jpg,SILVER SPOT SKIPPER,c:\Users\ricar\Downloads\TP2-Students\aca-butterflies\train
Image_2720.jpg,SILVER SPOT SKIPPER,c:\Users\ricar\Downloads\TP2-Students\aca-butterflies\train
Image_3560.jpg,SILVER SPOT SKIPPER,c:\Users\ricar\Downloads\TP2-Students\aca-butterflies\train
Image_2360.jpg,SILVER SPOT SKIPPER,c:\Users\ricar\Downloads\TP2-Students\aca-butterflies\train
Image_36.jpg,SILVER SPOT SKIPPER,c:\Users\ricar\Downloads\TP2-Students\aca-butterflies\train
Image_2213.jpg,SILVER SPOT SKIPPER,c:\Users\ricar\Downloads\TP2-Students\aca-butterflies\train
Image_3115.jpg,SILVER SPOT SKIPPER,c:\Users\ricar\Downloads\TP2-Students\aca-butterflies\train
Image_2964.jpg,SILVER SPOT SKIPPER,c:\Users\ricar\Downloads\TP2-Students\aca-butterflies\train
Image_1929.jpg,SILVER SPOT SKIPPER,c:\Users\ricar\Downloads\TP2-Students\aca-butterflies\train
Image_4083.jpg,SILVER SPOT SKIPPER,c:\Users\ricar\Downloads\TP2-Students\aca-butterflies\train
Image_76.jpg,SILVER SPOT SKIPPER,c:\Users\ricar\Downloads\TP2-Students\aca-butterflies\train
Image_2929.jpg,SILVER SPOT SKIPPER,c:\Users\ricar\Downloads\TP2-Students\aca-butterflies\train
Image_315.jpg,SILVER SPOT SKIPPER,c:\Users\ricar\Downloads\TP2-Students\aca-butterflies\train
Image_769.jpg,SILVER SPOT SKIPPER,c:\Users\ricar\Downloads\TP2-Students\aca-butterflies\train
Image_1087.jpg,SILVER SPOT SKIPPER,c:\Users\ricar\Downloads\TP2-Students\aca-butterflies\train
Image_1894.jpg,SILVER SPOT SKIPPER,c:\Users\ricar\Downloads\TP2-Students\aca-butterflies\train
Image_803.jpg,SILVER SPOT SKIPPER,c:\Users\ricar\Downloads\TP2-Students\aca-butterflies\train
Image_4211.jpg,SILVER SPOT SKIPPER,c:\Users\ricar\Downloads\TP2-Students\aca-butterflies\train
Image_3111.jpg,SILVER SPOT SKIPPER,c:\Users\ricar\Downloads\TP2-Students\aca-butterflies\train
Image_2123.jpg,SILVER SPOT SKIPPER,c:\Users\ricar\Downloads\TP2-Students\aca-butterflies\train
Image_2863.jpg,SILVER SPOT SKIPPER,c:\Users\ricar\Downloads\TP2-Students\aca-butterflies\train
Image_4125.jpg,SILVER SPOT SKIPPER,c:\Users\ricar\Downloads\TP2-Students\aca-butterflies\train
Image_2459.jpg,SILVER SPOT SKIPPER,c:\Users\ricar\Downloads\TP2-Students\aca-butterflies\train
Image_3238.jpg,SILVER SPOT SKIPPER,c:\Users\ricar\Downloads\TP2-Students\aca-butterflies\train
Image_82.jpg,SILVER SPOT SKIPPER,c:\Users\ricar\Downloads\TP2-Students\aca-butterflies\train
Image_69.jpg,SILVER SPOT SKIPPER,c:\Users\ricar\Downloads\TP2-Students\aca-butterflies\train
Image_1840.jpg,SLEEPY ORANGE,c:\Users\ricar\Downloads\TP2-Students\aca-butterflies\train
Image_2617.jpg,SLEEPY ORANGE,c:\Users\ricar\Downloads\TP2-Students\aca-butterflies\train
Image_553.jpg,SLEEPY ORANGE,c:\Users\ricar\Downloads\TP2-Students\aca-butterflies\train
Image_1323.jpg,SLEEPY ORANGE,c:\Users\ricar\Downloads\TP2-Students\aca-butterflies\train
Image_44.jpg,SLEEPY ORANGE,c:\Users\ricar\Downloads\TP2-Students\aca-butterflies\train
Image_4869.jpg,SLEEPY ORANGE,c:\Users\ricar\Downloads\TP2-Students\aca-butterflies\train
Image_4441.jpg,SLEEPY ORANGE,c:\Users\ricar\Downloads\TP2-Students\aca-butterflies\train
Image_2626.jpg,SLEEPY ORANGE,c:\Users\ricar\Downloads\TP2-Students\aca-butterflies\train
Image_729.jpg,SLEEPY ORANGE,c:\Users\ricar\Downloads\TP2-Students\aca-butterflies\train
Image_2513.jpg,SLEEPY ORANGE,c:\Users\ricar\Downloads\TP2-Students\aca-butterflies\train
Image_4373.jpg,SLEEPY ORANGE,c:\Users\ricar\Downloads\TP2-Students\aca-butterflies\train
Image_1228.jpg,SLEEPY ORANGE,c:\Users\ricar\Downloads\TP2-Students\aca-butterflies\train
Image_2958.jpg,SLEEPY ORANGE,c:\Users\ricar\Downloads\TP2-Students\aca-butterflies\train
Image_4990.jpg,SLEEPY ORANGE,c:\Users\ricar\Downloads\TP2-Students\aca-butterflies\train
Image_3636.jpg,SLEEPY ORANGE,c:\Users\ricar\Downloads\TP2-Students\aca-butterflies\train
Image_2373.jpg,SLEEPY ORANGE,c:\Users\ricar\Downloads\TP2-Students\aca-butterflies\train
Image_622.jpg,SLEEPY ORANGE,c:\Users\ricar\Downloads\TP2-Students\aca-butterflies\train
Image_1353.jpg,SLEEPY ORANGE,c:\Users\ricar\Downloads\TP2-Students\aca-butterflies\train
Image_3556.jpg,SLEEPY ORANGE,c:\Users\ricar\Downloads\TP2-Students\aca-butterflies\train
Image_945.jpg,SLEEPY ORANGE,c:\Users\ricar\Downloads\TP2-Students\aca-butterflies\train
Image_5041.jpg,SLEEPY ORANGE,c:\Users\ricar\Downloads\TP2-Students\aca-butterflies\train
Image_3590.jpg,SLEEPY ORANGE,c:\Users\ricar\Downloads\TP2-Students\aca-butterflies\train
Image_3505.jpg,SLEEPY ORANGE,c:\Users\ricar\Downloads\TP2-Students\aca-butterflies\train
Image_4500.jpg,SLEEPY ORANGE,c:\Users\ricar\Downloads\TP2-Students\aca-butterflies\train
Image_2146.jpg,SLEEPY ORANGE,c:\Users\ricar\Downloads\TP2-Students\aca-butterflies\train
Image_84.jpg,SLEEPY ORANGE,c:\Users\ricar\Downloads\TP2-Students\aca-butterflies\train
Image_5056.jpg,SLEEPY ORANGE,c:\Users\ricar\Downloads\TP2-Students\aca-butterflies\train
Image_2478.jpg,SLEEPY ORANGE,c:\Users\ricar\Downloads\TP2-Students\aca-butterflies\train
Image_2689.jpg,SLEEPY ORANGE,c:\Users\ricar\Downloads\TP2-Students\aca-butterflies\train
Image_3975.jpg,SLEEPY ORANGE,c:\Users\ricar\Downloads\TP2-Students\aca-butterflies\train
Image_182.jpg,SLEEPY ORANGE,c:\Users\ricar\Downloads\TP2-Students\aca-butterflies\train
Image_690.jpg,SLEEPY ORANGE,c:\Users\ricar\Downloads\TP2-Students\aca-butterflies\train
Image_2381.jpg,SLEEPY ORANGE,c:\Users\ricar\Downloads\TP2-Students\aca-butterflies\train
Image_2201.jpg,SLEEPY ORANGE,c:\Users\ricar\Downloads\TP2-Students\aca-butterflies\train
Image_1456.jpg,SLEEPY ORANGE,c:\Users\ricar\Downloads\TP2-Students\aca-butterflies\train
Image_2711.jpg,SLEEPY ORANGE,c:\Users\ricar\Downloads\TP2-Students\aca-butterflies\train
Image_3712.jpg,SLEEPY ORANGE,c:\Users\ricar\Downloads\TP2-Students\aca-butterflies\train
Image_5170.jpg,SLEEPY ORANGE,c:\Users\ricar\Downloads\TP2-Students\aca-butterflies\train
Image_3501.jpg,SLEEPY ORANGE,c:\Users\ricar\Downloads\TP2-Students\aca-butterflies\train
Image_3449.jpg,SLEEPY ORANGE,c:\Users\ricar\Downloads\TP2-Students\aca-butterflies\train
Image_4844.jpg,SLEEPY ORANGE,c:\Users\ricar\Downloads\TP2-Students\aca-butterflies\train
Image_1151.jpg,SLEEPY ORANGE,c:\Users\ricar\Downloads\TP2-Students\aca-butterflies\train
Image_262.jpg,SLEEPY ORANGE,c:\Users\ricar\Downloads\TP2-Students\aca-butterflies\train
Image_3804.jpg,SLEEPY ORANGE,c:\Users\ricar\Downloads\TP2-Students\aca-butterflies\train
Image_4909.jpg,SLEEPY ORANGE,c:\Users\ricar\Downloads\TP2-Students\aca-butterflies\train
Image_232.jpg,SLEEPY ORANGE,c:\Users\ricar\Downloads\TP2-Students\aca-butterflies\train
Image_2754.jpg,SLEEPY ORANGE,c:\Users\ricar\Downloads\TP2-Students\aca-butterflies\train
Image_2642.jpg,SLEEPY ORANGE,c:\Users\ricar\Downloads\TP2-Students\aca-butterflies\train
Image_2928.jpg,SLEEPY ORANGE,c:\Users\ricar\Downloads\TP2-Students\aca-butterflies\train
Image_1799.jpg,SLEEPY ORANGE,c:\Users\ricar\Downloads\TP2-Students\aca-butterflies\train
Image_3433.jpg,SLEEPY ORANGE,c:\Users\ricar\Downloads\TP2-Students\aca-butterflies\train
Image_2029.jpg,SLEEPY ORANGE,c:\Users\ricar\Downloads\TP2-Students\aca-butterflies\train
Image_490.jpg,SLEEPY ORANGE,c:\Users\ricar\Downloads\TP2-Students\aca-butterflies\train
Image_503.jpg,SLEEPY ORANGE,c:\Users\ricar\Downloads\TP2-Students\aca-butterflies\train
Image_1244.jpg,SLEEPY ORANGE,c:\Users\ricar\Downloads\TP2-Students\aca-butterflies\train
Image_2630.jpg,SLEEPY ORANGE,c:\Users\ricar\Downloads\TP2-Students\aca-butterflies\train
Image_3079.jpg,SLEEPY ORANGE,c:\Users\ricar\Downloads\TP2-Students\aca-butterflies\train
Image_3211.jpg,SLEEPY ORANGE,c:\Users\ricar\Downloads\TP2-Students\aca-butterflies\train
Image_648.jpg,SLEEPY ORANGE,c:\Users\ricar\Downloads\TP2-Students\aca-butterflies\train
Image_3971.jpg,SOOTYWING,c:\Users\ricar\Downloads\TP2-Students\aca-butterflies\train
Image_3043.jpg,SOOTYWING,c:\Users\ricar\Downloads\TP2-Students\aca-butterflies\train
Image_3130.jpg,SOOTYWING,c:\Users\ricar\Downloads\TP2-Students\aca-butterflies\train
Image_4053.jpg,SOOTYWING,c:\Users\ricar\Downloads\TP2-Students\aca-butterflies\train
Image_846.jpg,SOOTYWING,c:\Users\ricar\Downloads\TP2-Students\aca-butterflies\train
Image_5059.jpg,SOOTYWING,c:\Users\ricar\Downloads\TP2-Students\aca-butterflies\train
Image_4475.jpg,SOOTYWING,c:\Users\ricar\Downloads\TP2-Students\aca-butterflies\train
Image_721.jpg,SOOTYWING,c:\Users\ricar\Downloads\TP2-Students\aca-butterflies\train
Image_2640.jpg,SOOTYWING,c:\Users\ricar\Downloads\TP2-Students\aca-butterflies\train
Image_3355.jpg,SOOTYWING,c:\Users\ricar\Downloads\TP2-Students\aca-butterflies\train
Image_3937.jpg,SOOTYWING,c:\Users\ricar\Downloads\TP2-Students\aca-butterflies\train
Image_2838.jpg,SOOTYWING,c:\Users\ricar\Downloads\TP2-Students\aca-butterflies\train
Image_3034.jpg,SOOTYWING,c:\Users\ricar\Downloads\TP2-Students\aca-butterflies\train
Image_1777.jpg,SOOTYWING,c:\Users\ricar\Downloads\TP2-Students\aca-butterflies\train
Image_2285.jpg,SOOTYWING,c:\Users\ricar\Downloads\TP2-Students\aca-butterflies\train
Image_4094.jpg,SOOTYWING,c:\Users\ricar\Downloads\TP2-Students\aca-butterflies\train
Image_1381.jpg,SOOTYWING,c:\Users\ricar\Downloads\TP2-Students\aca-butterflies\train
Image_4956.jpg,SOOTYWING,c:\Users\ricar\Downloads\TP2-Students\aca-butterflies\train
Image_1549.jpg,SOOTYWING,c:\Users\ricar\Downloads\TP2-Students\aca-butterflies\train
Image_2909.jpg,SOOTYWING,c:\Users\ricar\Downloads\TP2-Students\aca-butterflies\train
Image_2926.jpg,SOOTYWING,c:\Users\ricar\Downloads\TP2-Students\aca-butterflies\train
Image_4442.jpg,SOOTYWING,c:\Users\ricar\Downloads\TP2-Students\aca-butterflies\train
Image_4331.jpg,SOOTYWING,c:\Users\ricar\Downloads\TP2-Students\aca-butterflies\train
Image_4672.jpg,SOOTYWING,c:\Users\ricar\Downloads\TP2-Students\aca-butterflies\train
Image_4498.jpg,SOOTYWING,c:\Users\ricar\Downloads\TP2-Students\aca-butterflies\train
Image_2426.jpg,SOOTYWING,c:\Users\ricar\Downloads\TP2-Students\aca-butterflies\train
Image_2185.jpg,SOOTYWING,c:\Users\ricar\Downloads\TP2-Students\aca-butterflies\train
Image_4558.jpg,SOOTYWING,c:\Users\ricar\Downloads\TP2-Students\aca-butterflies\train
Image_3973.jpg,SOOTYWING,c:\Users\ricar\Downloads\TP2-Students\aca-butterflies\train
Image_1897.jpg,SOOTYWING,c:\Users\ricar\Downloads\TP2-Students\aca-butterflies\train
Image_4625.jpg,SOOTYWING,c:\Users\ricar\Downloads\TP2-Students\aca-butterflies\train
Image_3833.jpg,SOOTYWING,c:\Users\ricar\Downloads\TP2-Students\aca-butterflies\train
Image_1661.jpg,SOOTYWING,c:\Users\ricar\Downloads\TP2-Students\aca-butterflies\train
Image_3153.jpg,SOOTYWING,c:\Users\ricar\Downloads\TP2-Students\aca-butterflies\train
Image_3788.jpg,SOOTYWING,c:\Users\ricar\Downloads\TP2-Students\aca-butterflies\train
Image_1734.jpg,SOOTYWING,c:\Users\ricar\Downloads\TP2-Students\aca-butterflies\train
Image_3716.jpg,SOOTYWING,c:\Users\ricar\Downloads\TP2-Students\aca-butterflies\train
Image_2307.jpg,SOOTYWING,c:\Users\ricar\Downloads\TP2-Students\aca-butterflies\train
Image_1471.jpg,SOOTYWING,c:\Users\ricar\Downloads\TP2-Students\aca-butterflies\train
Image_633.jpg,SOOTYWING,c:\Users\ricar\Downloads\TP2-Students\aca-butterflies\train
Image_1833.jpg,SOOTYWING,c:\Users\ricar\Downloads\TP2-Students\aca-butterflies\train
Image_2966.jpg,SOOTYWING,c:\Users\ricar\Downloads\TP2-Students\aca-butterflies\train
Image_3555.jpg,SOOTYWING,c:\Users\ricar\Downloads\TP2-Students\aca-butterflies\train
Image_2309.jpg,SOOTYWING,c:\Users\ricar\Downloads\TP2-Students\aca-butterflies\train
Image_898.jpg,SOOTYWING,c:\Users\ricar\Downloads\TP2-Students\aca-butterflies\train
Image_173.jpg,SOOTYWING,c:\Users\ricar\Downloads\TP2-Students\aca-butterflies\train
Image_136.jpg,SOOTYWING,c:\Users\ricar\Downloads\TP2-Students\aca-butterflies\train
Image_2766.jpg,SOOTYWING,c:\Users\ricar\Downloads\TP2-Students\aca-butterflies\train
Image_3138.jpg,SOOTYWING,c:\Users\ricar\Downloads\TP2-Students\aca-butterflies\train
Image_178.jpg,SOOTYWING,c:\Users\ricar\Downloads\TP2-Students\aca-butterflies\train
Image_3453.jpg,SOUTHERN DOGFACE,c:\Users\ricar\Downloads\TP2-Students\aca-butterflies\train
Image_853.jpg,SOUTHERN DOGFACE,c:\Users\ricar\Downloads\TP2-Students\aca-butterflies\train
Image_3666.jpg,SOUTHERN DOGFACE,c:\Users\ricar\Downloads\TP2-Students\aca-butterflies\train
Image_5195.jpg,SOUTHERN DOGFACE,c:\Users\ricar\Downloads\TP2-Students\aca-butterflies\train
Image_4382.jpg,SOUTHERN DOGFACE,c:\Users\ricar\Downloads\TP2-Students\aca-butterflies\train
Image_3014.jpg,SOUTHERN DOGFACE,c:\Users\ricar\Downloads\TP2-Students\aca-butterflies\train
Image_4186.jpg,SOUTHERN DOGFACE,c:\Users\ricar\Downloads\TP2-Students\aca-butterflies\train
Image_2172.jpg,SOUTHERN DOGFACE,c:\Users\ricar\Downloads\TP2-Students\aca-butterflies\train
Image_2196.jpg,SOUTHERN DOGFACE,c:\Users\ricar\Downloads\TP2-Students\aca-butterflies\train
Image_3377.jpg,SOUTHERN DOGFACE,c:\Users\ricar\Downloads\TP2-Students\aca-butterflies\train
Image_825.jpg,SOUTHERN DOGFACE,c:\Users\ricar\Downloads\TP2-Students\aca-butterflies\train
Image_1823.jpg,SOUTHERN DOGFACE,c:\Users\ricar\Downloads\TP2-Students\aca-butterflies\train
Image_1942.jpg,SOUTHERN DOGFACE,c:\Users\ricar\Downloads\TP2-Students\aca-butterflies\train
Image_823.jpg,SOUTHERN DOGFACE,c:\Users\ricar\Downloads\TP2-Students\aca-butterflies\train
Image_843.jpg,SOUTHERN DOGFACE,c:\Users\ricar\Downloads\TP2-Students\aca-butterflies\train
Image_3147.jpg,SOUTHERN DOGFACE,c:\Users\ricar\Downloads\TP2-Students\aca-butterflies\train
Image_2442.jpg,SOUTHERN DOGFACE,c:\Users\ricar\Downloads\TP2-Students\aca-butterflies\train
Image_4724.jpg,SOUTHERN DOGFACE,c:\Users\ricar\Downloads\TP2-Students\aca-butterflies\train
Image_4107.jpg,SOUTHERN DOGFACE,c:\Users\ricar\Downloads\TP2-Students\aca-butterflies\train
Image_2687.jpg,SOUTHERN DOGFACE,c:\Users\ricar\Downloads\TP2-Students\aca-butterflies\train
Image_1477.jpg,SOUTHERN DOGFACE,c:\Users\ricar\Downloads\TP2-Students\aca-butterflies\train
Image_4570.jpg,SOUTHERN DOGFACE,c:\Users\ricar\Downloads\TP2-Students\aca-butterflies\train
Image_3736.jpg,SOUTHERN DOGFACE,c:\Users\ricar\Downloads\TP2-Students\aca-butterflies\train
Image_123.jpg,SOUTHERN DOGFACE,c:\Users\ricar\Downloads\TP2-Students\aca-butterflies\train
Image_4577.jpg,SOUTHERN DOGFACE,c:\Users\ricar\Downloads\TP2-Students\aca-butterflies\train
Image_2295.jpg,SOUTHERN DOGFACE,c:\Users\ricar\Downloads\TP2-Students\aca-butterflies\train
Image_1748.jpg,SOUTHERN DOGFACE,c:\Users\ricar\Downloads\TP2-Students\aca-butterflies\train
Image_1553.jpg,SOUTHERN DOGFACE,c:\Users\ricar\Downloads\TP2-Students\aca-butterflies\train
Image_1143.jpg,SOUTHERN DOGFACE,c:\Users\ricar\Downloads\TP2-Students\aca-butterflies\train
Image_4783.jpg,SOUTHERN DOGFACE,c:\Users\ricar\Downloads\TP2-Students\aca-butterflies\train
Image_3908.jpg,SOUTHERN DOGFACE,c:\Users\ricar\Downloads\TP2-Students\aca-butterflies\train
Image_970.jpg,SOUTHERN DOGFACE,c:\Users\ricar\Downloads\TP2-Students\aca-butterflies\train
Image_4022.jpg,SOUTHERN DOGFACE,c:\Users\ricar\Downloads\TP2-Students\aca-butterflies\train
Image_2273.jpg,SOUTHERN DOGFACE,c:\Users\ricar\Downloads\TP2-Students\aca-butterflies\train
Image_1656.jpg,SOUTHERN DOGFACE,c:\Users\ricar\Downloads\TP2-Students\aca-butterflies\train
Image_1529.jpg,SOUTHERN DOGFACE,c:\Users\ricar\Downloads\TP2-Students\aca-butterflies\train
Image_3790.jpg,SOUTHERN DOGFACE,c:\Users\ricar\Downloads\TP2-Students\aca-butterflies\train
Image_1356.jpg,SOUTHERN DOGFACE,c:\Users\ricar\Downloads\TP2-Students\aca-butterflies\train
Image_1119.jpg,SOUTHERN DOGFACE,c:\Users\ricar\Downloads\TP2-Students\aca-butterflies\train
Image_3706.jpg,SOUTHERN DOGFACE,c:\Users\ricar\Downloads\TP2-Students\aca-butterflies\train
Image_2865.jpg,SOUTHERN DOGFACE,c:\Users\ricar\Downloads\TP2-Students\aca-butterflies\train
Image_137.jpg,SOUTHERN DOGFACE,c:\Users\ricar\Downloads\TP2-Students\aca-butterflies\train
Image_3100.jpg,SOUTHERN DOGFACE,c:\Users\ricar\Downloads\TP2-Students\aca-butterflies\train
Image_689.jpg,SOUTHERN DOGFACE,c:\Users\ricar\Downloads\TP2-Students\aca-butterflies\train
Image_1755.jpg,SOUTHERN DOGFACE,c:\Users\ricar\Downloads\TP2-Students\aca-butterflies\train
Image_521.jpg,SOUTHERN DOGFACE,c:\Users\ricar\Downloads\TP2-Students\aca-butterflies\train
Image_3735.jpg,SOUTHERN DOGFACE,c:\Users\ricar\Downloads\TP2-Students\aca-butterflies\train
Image_5143.jpg,SOUTHERN DOGFACE,c:\Users\ricar\Downloads\TP2-Students\aca-butterflies\train
Image_666.jpg,SOUTHERN DOGFACE,c:\Users\ricar\Downloads\TP2-Students\aca-butterflies\train
Image_4821.jpg,STRAITED QUEEN,c:\Users\ricar\Downloads\TP2-Students\aca-butterflies\train
Image_2248.jpg,STRAITED QUEEN,c:\Users\ricar\Downloads\TP2-Students\aca-butterflies\train
Image_4408.jpg,STRAITED QUEEN,c:\Users\ricar\Downloads\TP2-Students\aca-butterflies\train
Image_3637.jpg,STRAITED QUEEN,c:\Users\ricar\Downloads\TP2-Students\aca-butterflies\train
Image_4791.jpg,STRAITED QUEEN,c:\Users\ricar\Downloads\TP2-Students\aca-butterflies\train
Image_3170.jpg,STRAITED QUEEN,c:\Users\ricar\Downloads\TP2-Students\aca-butterflies\train
Image_1209.jpg,STRAITED QUEEN,c:\Users\ricar\Downloads\TP2-Students\aca-butterflies\train
Image_2844.jpg,STRAITED QUEEN,c:\Users\ricar\Downloads\TP2-Students\aca-butterflies\train
Image_975.jpg,STRAITED QUEEN,c:\Users\ricar\Downloads\TP2-Students\aca-butterflies\train
Image_2420.jpg,STRAITED QUEEN,c:\Users\ricar\Downloads\TP2-Students\aca-butterflies\train
Image_3622.jpg,STRAITED QUEEN,c:\Users\ricar\Downloads\TP2-Students\aca-butterflies\train
Image_4133.jpg,STRAITED QUEEN,c:\Users\ricar\Downloads\TP2-Students\aca-butterflies\train
Image_2981.jpg,STRAITED QUEEN,c:\Users\ricar\Downloads\TP2-Students\aca-butterflies\train
Image_3693.jpg,STRAITED QUEEN,c:\Users\ricar\Downloads\TP2-Students\aca-butterflies\train
Image_1192.jpg,STRAITED QUEEN,c:\Users\ricar\Downloads\TP2-Students\aca-butterflies\train
Image_2103.jpg,STRAITED QUEEN,c:\Users\ricar\Downloads\TP2-Students\aca-butterflies\train
Image_4066.jpg,STRAITED QUEEN,c:\Users\ricar\Downloads\TP2-Students\aca-butterflies\train
Image_1695.jpg,STRAITED QUEEN,c:\Users\ricar\Downloads\TP2-Students\aca-butterflies\train
Image_2310.jpg,STRAITED QUEEN,c:\Users\ricar\Downloads\TP2-Students\aca-butterflies\train
Image_3463.jpg,STRAITED QUEEN,c:\Users\ricar\Downloads\TP2-Students\aca-butterflies\train
Image_2035.jpg,STRAITED QUEEN,c:\Users\ricar\Downloads\TP2-Students\aca-butterflies\train
Image_463.jpg,STRAITED QUEEN,c:\Users\ricar\Downloads\TP2-Students\aca-butterflies\train
Image_1417.jpg,STRAITED QUEEN,c:\Users\ricar\Downloads\TP2-Students\aca-butterflies\train
Image_3906.jpg,STRAITED QUEEN,c:\Users\ricar\Downloads\TP2-Students\aca-butterflies\train
Image_1810.jpg,STRAITED QUEEN,c:\Users\ricar\Downloads\TP2-Students\aca-butterflies\train
Image_2242.jpg,STRAITED QUEEN,c:\Users\ricar\Downloads\TP2-Students\aca-butterflies\train
Image_3072.jpg,STRAITED QUEEN,c:\Users\ricar\Downloads\TP2-Students\aca-butterflies\train
Image_1365.jpg,STRAITED QUEEN,c:\Users\ricar\Downloads\TP2-Students\aca-butterflies\train
Image_4829.jpg,STRAITED QUEEN,c:\Users\ricar\Downloads\TP2-Students\aca-butterflies\train
Image_3662.jpg,STRAITED QUEEN,c:\Users\ricar\Downloads\TP2-Students\aca-butterflies\train
Image_2835.jpg,STRAITED QUEEN,c:\Users\ricar\Downloads\TP2-Students\aca-butterflies\train
Image_425.jpg,STRAITED QUEEN,c:\Users\ricar\Downloads\TP2-Students\aca-butterflies\train
Image_1454.jpg,STRAITED QUEEN,c:\Users\ricar\Downloads\TP2-Students\aca-butterflies\train
Image_2335.jpg,STRAITED QUEEN,c:\Users\ricar\Downloads\TP2-Students\aca-butterflies\train
Image_3414.jpg,STRAITED QUEEN,c:\Users\ricar\Downloads\TP2-Students\aca-butterflies\train
Image_2094.jpg,STRAITED QUEEN,c:\Users\ricar\Downloads\TP2-Students\aca-butterflies\train
Image_1689.jpg,STRAITED QUEEN,c:\Users\ricar\Downloads\TP2-Students\aca-butterflies\train
Image_1683.jpg,STRAITED QUEEN,c:\Users\ricar\Downloads\TP2-Students\aca-butterflies\train
Image_2798.jpg,STRAITED QUEEN,c:\Users\ricar\Downloads\TP2-Students\aca-butterflies\train
Image_2003.jpg,STRAITED QUEEN,c:\Users\ricar\Downloads\TP2-Students\aca-butterflies\train
Image_641.jpg,STRAITED QUEEN,c:\Users\ricar\Downloads\TP2-Students\aca-butterflies\train
Image_487.jpg,STRAITED QUEEN,c:\Users\ricar\Downloads\TP2-Students\aca-butterflies\train
Image_3407.jpg,STRAITED QUEEN,c:\Users\ricar\Downloads\TP2-Students\aca-butterflies\train
Image_2998.jpg,STRAITED QUEEN,c:\Users\ricar\Downloads\TP2-Students\aca-butterflies\train
Image_4916.jpg,STRAITED QUEEN,c:\Users\ricar\Downloads\TP2-Students\aca-butterflies\train
Image_2651.jpg,STRAITED QUEEN,c:\Users\ricar\Downloads\TP2-Students\aca-butterflies\train
Image_4538.jpg,STRAITED QUEEN,c:\Users\ricar\Downloads\TP2-Students\aca-butterflies\train
Image_1993.jpg,STRAITED QUEEN,c:\Users\ricar\Downloads\TP2-Students\aca-butterflies\train
Image_161.jpg,STRAITED QUEEN,c:\Users\ricar\Downloads\TP2-Students\aca-butterflies\train
Image_3444.jpg,TROPICAL LEAFWING,c:\Users\ricar\Downloads\TP2-Students\aca-butterflies\train
Image_694.jpg,TROPICAL LEAFWING,c:\Users\ricar\Downloads\TP2-Students\aca-butterflies\train
Image_3805.jpg,TROPICAL LEAFWING,c:\Users\ricar\Downloads\TP2-Students\aca-butterflies\train
Image_2676.jpg,TROPICAL LEAFWING,c:\Users\ricar\Downloads\TP2-Students\aca-butterflies\train
Image_3025.jpg,TROPICAL LEAFWING,c:\Users\ricar\Downloads\TP2-Students\aca-butterflies\train
Image_1626.jpg,TROPICAL LEAFWING,c:\Users\ricar\Downloads\TP2-Students\aca-butterflies\train
Image_4033.jpg,TROPICAL LEAFWING,c:\Users\ricar\Downloads\TP2-Students\aca-butterflies\train
Image_1240.jpg,TROPICAL LEAFWING,c:\Users\ricar\Downloads\TP2-Students\aca-butterflies\train
Image_4209.jpg,TROPICAL LEAFWING,c:\Users\ricar\Downloads\TP2-Students\aca-butterflies\train
Image_496.jpg,TROPICAL LEAFWING,c:\Users\ricar\Downloads\TP2-Students\aca-butterflies\train
Image_3276.jpg,TROPICAL LEAFWING,c:\Users\ricar\Downloads\TP2-Students\aca-butterflies\train
Image_1342.jpg,TROPICAL LEAFWING,c:\Users\ricar\Downloads\TP2-Students\aca-butterflies\train
Image_3938.jpg,TROPICAL LEAFWING,c:\Users\ricar\Downloads\TP2-Students\aca-butterflies\train
Image_432.jpg,TROPICAL LEAFWING,c:\Users\ricar\Downloads\TP2-Students\aca-butterflies\train
Image_907.jpg,TROPICAL LEAFWING,c:\Users\ricar\Downloads\TP2-Students\aca-butterflies\train
Image_566.jpg,TROPICAL LEAFWING,c:\Users\ricar\Downloads\TP2-Students\aca-butterflies\train
Image_4951.jpg,TROPICAL LEAFWING,c:\Users\ricar\Downloads\TP2-Students\aca-butterflies\train
Image_27.jpg,TROPICAL LEAFWING,c:\Users\ricar\Downloads\TP2-Students\aca-butterflies\train
Image_1022.jpg,TROPICAL LEAFWING,c:\Users\ricar\Downloads\TP2-Students\aca-butterflies\train
Image_1434.jpg,TROPICAL LEAFWING,c:\Users\ricar\Downloads\TP2-Students\aca-butterflies\train
Image_2739.jpg,TROPICAL LEAFWING,c:\Users\ricar\Downloads\TP2-Students\aca-butterflies\train
Image_4114.jpg,TROPICAL LEAFWING,c:\Users\ricar\Downloads\TP2-Students\aca-butterflies\train
Image_2783.jpg,TROPICAL LEAFWING,c:\Users\ricar\Downloads\TP2-Students\aca-butterflies\train
Image_2106.jpg,TROPICAL LEAFWING,c:\Users\ricar\Downloads\TP2-Students\aca-butterflies\train
Image_1724.jpg,TROPICAL LEAFWING,c:\Users\ricar\Downloads\TP2-Students\aca-butterflies\train
Image_1665.jpg,TROPICAL LEAFWING,c:\Users\ricar\Downloads\TP2-Students\aca-butterflies\train
Image_4435.jpg,TROPICAL LEAFWING,c:\Users\ricar\Downloads\TP2-Students\aca-butterflies\train
Image_4822.jpg,TROPICAL LEAFWING,c:\Users\ricar\Downloads\TP2-Students\aca-butterflies\train
Image_4286.jpg,TROPICAL LEAFWING,c:\Users\ricar\Downloads\TP2-Students\aca-butterflies\train
Image_40.jpg,TROPICAL LEAFWING,c:\Users\ricar\Downloads\TP2-Students\aca-butterflies\train
Image_728.jpg,TROPICAL LEAFWING,c:\Users\ricar\Downloads\TP2-Students\aca-butterflies\train
Image_1877.jpg,TROPICAL LEAFWING,c:\Users\ricar\Downloads\TP2-Students\aca-butterflies\train
Image_3734.jpg,TROPICAL LEAFWING,c:\Users\ricar\Downloads\TP2-Students\aca-butterflies\train
Image_95.jpg,TROPICAL LEAFWING,c:\Users\ricar\Downloads\TP2-Students\aca-butterflies\train
Image_3235.jpg,TROPICAL LEAFWING,c:\Users\ricar\Downloads\TP2-Students\aca-butterflies\train
Image_4151.jpg,TROPICAL LEAFWING,c:\Users\ricar\Downloads\TP2-Students\aca-butterflies\train
Image_3519.jpg,TROPICAL LEAFWING,c:\Users\ricar\Downloads\TP2-Students\aca-butterflies\train
Image_3889.jpg,TROPICAL LEAFWING,c:\Users\ricar\Downloads\TP2-Students\aca-butterflies\train
Image_2367.jpg,TROPICAL LEAFWING,c:\Users\ricar\Downloads\TP2-Students\aca-butterflies\train
Image_4964.jpg,TROPICAL LEAFWING,c:\Users\ricar\Downloads\TP2-Students\aca-butterflies\train
Image_2666.jpg,TROPICAL LEAFWING,c:\Users\ricar\Downloads\TP2-Students\aca-butterflies\train
Image_2424.jpg,TROPICAL LEAFWING,c:\Users\ricar\Downloads\TP2-Students\aca-butterflies\train
Image_3460.jpg,TROPICAL LEAFWING,c:\Users\ricar\Downloads\TP2-Students\aca-butterflies\train
Image_2978.jpg,TROPICAL LEAFWING,c:\Users\ricar\Downloads\TP2-Students\aca-butterflies\train
Image_113.jpg,TROPICAL LEAFWING,c:\Users\ricar\Downloads\TP2-Students\aca-butterflies\train
Image_3137.jpg,TROPICAL LEAFWING,c:\Users\ricar\Downloads\TP2-Students\aca-butterflies\train
Image_859.jpg,TWO BARRED FLASHER,c:\Users\ricar\Downloads\TP2-Students\aca-butterflies\train
Image_2024.jpg,TWO BARRED FLASHER,c:\Users\ricar\Downloads\TP2-Students\aca-butterflies\train
Image_592.jpg,TWO BARRED FLASHER,c:\Users\ricar\Downloads\TP2-Students\aca-butterflies\train
Image_2495.jpg,TWO BARRED FLASHER,c:\Users\ricar\Downloads\TP2-Students\aca-butterflies\train
Image_549.jpg,TWO BARRED FLASHER,c:\Users\ricar\Downloads\TP2-Students\aca-butterflies\train
Image_3928.jpg,TWO BARRED FLASHER,c:\Users\ricar\Downloads\TP2-Students\aca-butterflies\train
Image_2895.jpg,TWO BARRED FLASHER,c:\Users\ricar\Downloads\TP2-Students\aca-butterflies\train
Image_2104.jpg,TWO BARRED FLASHER,c:\Users\ricar\Downloads\TP2-Students\aca-butterflies\train
Image_5181.jpg,TWO BARRED FLASHER,c:\Users\ricar\Downloads\TP2-Students\aca-butterflies\train
Image_1458.jpg,TWO BARRED FLASHER,c:\Users\ricar\Downloads\TP2-Students\aca-butterflies\train
Image_1273.jpg,TWO BARRED FLASHER,c:\Users\ricar\Downloads\TP2-Students\aca-butterflies\train
Image_3317.jpg,TWO BARRED FLASHER,c:\Users\ricar\Downloads\TP2-Students\aca-butterflies\train
Image_2217.jpg,TWO BARRED FLASHER,c:\Users\ricar\Downloads\TP2-Students\aca-butterflies\train
Image_2723.jpg,TWO BARRED FLASHER,c:\Users\ricar\Downloads\TP2-Students\aca-butterflies\train
Image_4725.jpg,TWO BARRED FLASHER,c:\Users\ricar\Downloads\TP2-Students\aca-butterflies\train
Image_274.jpg,TWO BARRED FLASHER,c:\Users\ricar\Downloads\TP2-Students\aca-butterflies\train
Image_1106.jpg,TWO BARRED FLASHER,c:\Users\ricar\Downloads\TP2-Students\aca-butterflies\train
Image_3763.jpg,TWO BARRED FLASHER,c:\Users\ricar\Downloads\TP2-Students\aca-butterflies\train
Image_399.jpg,TWO BARRED FLASHER,c:\Users\ricar\Downloads\TP2-Students\aca-butterflies\train
Image_1582.jpg,TWO BARRED FLASHER,c:\Users\ricar\Downloads\TP2-Students\aca-butterflies\train
Image_3680.jpg,TWO BARRED FLASHER,c:\Users\ricar\Downloads\TP2-Students\aca-butterflies\train
Image_4692.jpg,TWO BARRED FLASHER,c:\Users\ricar\Downloads\TP2-Students\aca-butterflies\train
Image_229.jpg,TWO BARRED FLASHER,c:\Users\ricar\Downloads\TP2-Students\aca-butterflies\train
Image_3613.jpg,TWO BARRED FLASHER,c:\Users\ricar\Downloads\TP2-Students\aca-butterflies\train
Image_4496.jpg,TWO BARRED FLASHER,c:\Users\ricar\Downloads\TP2-Students\aca-butterflies\train
Image_3624.jpg,TWO BARRED FLASHER,c:\Users\ricar\Downloads\TP2-Students\aca-butterflies\train
Image_4487.jpg,TWO BARRED FLASHER,c:\Users\ricar\Downloads\TP2-Students\aca-butterflies\train
Image_2501.jpg,TWO BARRED FLASHER,c:\Users\ricar\Downloads\TP2-Students\aca-butterflies\train
Image_3657.jpg,TWO BARRED FLASHER,c:\Users\ricar\Downloads\TP2-Students\aca-butterflies\train
Image_1816.jpg,TWO BARRED FLASHER,c:\Users\ricar\Downloads\TP2-Students\aca-butterflies\train
Image_1986.jpg,TWO BARRED FLASHER,c:\Users\ricar\Downloads\TP2-Students\aca-butterflies\train
Image_1938.jpg,TWO BARRED FLASHER,c:\Users\ricar\Downloads\TP2-Students\aca-butterflies\train
Image_1548.jpg,TWO BARRED FLASHER,c:\Users\ricar\Downloads\TP2-Students\aca-butterflies\train
Image_462.jpg,TWO BARRED FLASHER,c:\Users\ricar\Downloads\TP2-Students\aca-butterflies\train
Image_3515.jpg,TWO BARRED FLASHER,c:\Users\ricar\Downloads\TP2-Students\aca-butterflies\train
Image_2597.jpg,TWO BARRED FLASHER,c:\Users\ricar\Downloads\TP2-Students\aca-butterflies\train
Image_1457.jpg,TWO BARRED FLASHER,c:\Users\ricar\Downloads\TP2-Students\aca-butterflies\train
Image_2069.jpg,TWO BARRED FLASHER,c:\Users\ricar\Downloads\TP2-Students\aca-butterflies\train
Image_1095.jpg,TWO BARRED FLASHER,c:\Users\ricar\Downloads\TP2-Students\aca-butterflies\train
Image_1162.jpg,TWO BARRED FLASHER,c:\Users\ricar\Downloads\TP2-Students\aca-butterflies\train
Image_1267.jpg,TWO BARRED FLASHER,c:\Users\ricar\Downloads\TP2-Students\aca-butterflies\train
Image_5155.jpg,TWO BARRED FLASHER,c:\Users\ricar\Downloads\TP2-Students\aca-butterflies\train
Image_3425.jpg,ULYSES,c:\Users\ricar\Downloads\TP2-Students\aca-butterflies\train
Image_2577.jpg,ULYSES,c:\Users\ricar\Downloads\TP2-Students\aca-butterflies\train
Image_4198.jpg,ULYSES,c:\Users\ricar\Downloads\TP2-Students\aca-butterflies\train
Image_1072.jpg,ULYSES,c:\Users\ricar\Downloads\TP2-Students\aca-butterflies\train
Image_436.jpg,ULYSES,c:\Users\ricar\Downloads\TP2-Students\aca-butterflies\train
Image_3620.jpg,ULYSES,c:\Users\ricar\Downloads\TP2-Students\aca-butterflies\train
Image_1091.jpg,ULYSES,c:\Users\ricar\Downloads\TP2-Students\aca-butterflies\train
Image_3842.jpg,ULYSES,c:\Users\ricar\Downloads\TP2-Students\aca-butterflies\train
Image_3647.jpg,ULYSES,c:\Users\ricar\Downloads\TP2-Students\aca-butterflies\train
Image_3475.jpg,ULYSES,c:\Users\ricar\Downloads\TP2-Students\aca-butterflies\train
Image_636.jpg,ULYSES,c:\Users\ricar\Downloads\TP2-Students\aca-butterflies\train
Image_1489.jpg,ULYSES,c:\Users\ricar\Downloads\TP2-Students\aca-butterflies\train
Image_2020.jpg,ULYSES,c:\Users\ricar\Downloads\TP2-Students\aca-butterflies\train
Image_3442.jpg,ULYSES,c:\Users\ricar\Downloads\TP2-Students\aca-butterflies\train
Image_3686.jpg,ULYSES,c:\Users\ricar\Downloads\TP2-Students\aca-butterflies\train
Image_4031.jpg,ULYSES,c:\Users\ricar\Downloads\TP2-Students\aca-butterflies\train
Image_4027.jpg,ULYSES,c:\Users\ricar\Downloads\TP2-Students\aca-butterflies\train
Image_127.jpg,ULYSES,c:\Users\ricar\Downloads\TP2-Students\aca-butterflies\train
Image_2114.jpg,ULYSES,c:\Users\ricar\Downloads\TP2-Students\aca-butterflies\train
Image_3507.jpg,ULYSES,c:\Users\ricar\Downloads\TP2-Students\aca-butterflies\train
Image_2502.jpg,ULYSES,c:\Users\ricar\Downloads\TP2-Students\aca-butterflies\train
Image_3953.jpg,ULYSES,c:\Users\ricar\Downloads\TP2-Students\aca-butterflies\train
Image_5138.jpg,ULYSES,c:\Users\ricar\Downloads\TP2-Students\aca-butterflies\train
Image_171.jpg,ULYSES,c:\Users\ricar\Downloads\TP2-Students\aca-butterflies\train
Image_943.jpg,ULYSES,c:\Users\ricar\Downloads\TP2-Students\aca-butterflies\train
Image_1754.jpg,ULYSES,c:\Users\ricar\Downloads\TP2-Students\aca-butterflies\train
Image_158.jpg,ULYSES,c:\Users\ricar\Downloads\TP2-Students\aca-butterflies\train
Image_3713.jpg,ULYSES,c:\Users\ricar\Downloads\TP2-Students\aca-butterflies\train
Image_1130.jpg,ULYSES,c:\Users\ricar\Downloads\TP2-Students\aca-butterflies\train
Image_2249.jpg,ULYSES,c:\Users\ricar\Downloads\TP2-Students\aca-butterflies\train
Image_2200.jpg,ULYSES,c:\Users\ricar\Downloads\TP2-Students\aca-butterflies\train
Image_1884.jpg,ULYSES,c:\Users\ricar\Downloads\TP2-Students\aca-butterflies\train
Image_2559.jpg,ULYSES,c:\Users\ricar\Downloads\TP2-Students\aca-butterflies\train
Image_3950.jpg,ULYSES,c:\Users\ricar\Downloads\TP2-Students\aca-butterflies\train
Image_2142.jpg,ULYSES,c:\Users\ricar\Downloads\TP2-Students\aca-butterflies\train
Image_1621.jpg,ULYSES,c:\Users\ricar\Downloads\TP2-Students\aca-butterflies\train
Image_600.jpg,ULYSES,c:\Users\ricar\Downloads\TP2-Students\aca-butterflies\train
Image_3294.jpg,ULYSES,c:\Users\ricar\Downloads\TP2-Students\aca-butterflies\train
Image_1470.jpg,ULYSES,c:\Users\ricar\Downloads\TP2-Students\aca-butterflies\train
Image_1215.jpg,ULYSES,c:\Users\ricar\Downloads\TP2-Students\aca-butterflies\train
Image_1050.jpg,ULYSES,c:\Users\ricar\Downloads\TP2-Students\aca-butterflies\train
Image_1977.jpg,ULYSES,c:\Users\ricar\Downloads\TP2-Students\aca-butterflies\train
Image_924.jpg,ULYSES,c:\Users\ricar\Downloads\TP2-Students\aca-butterflies\train
Image_3313.jpg,ULYSES,c:\Users\ricar\Downloads\TP2-Students\aca-butterflies\train
Image_2078.jpg,ULYSES,c:\Users\ricar\Downloads\TP2-Students\aca-butterflies\train
Image_2212.jpg,ULYSES,c:\Users\ricar\Downloads\TP2-Students\aca-butterflies\train
Image_1647.jpg,VICEROY,c:\Users\ricar\Downloads\TP2-Students\aca-butterflies\train
Image_2612.jpg,VICEROY,c:\Users\ricar\Downloads\TP2-Students\aca-butterflies\train
Image_193.jpg,VICEROY,c:\Users\ricar\Downloads\TP2-Students\aca-butterflies\train
Image_4922.jpg,VICEROY,c:\Users\ricar\Downloads\TP2-Students\aca-butterflies\train
Image_2204.jpg,VICEROY,c:\Users\ricar\Downloads\TP2-Students\aca-butterflies\train
Image_4581.jpg,VICEROY,c:\Users\ricar\Downloads\TP2-Students\aca-butterflies\train
Image_3193.jpg,VICEROY,c:\Users\ricar\Downloads\TP2-Students\aca-butterflies\train
Image_83.jpg,VICEROY,c:\Users\ricar\Downloads\TP2-Students\aca-butterflies\train
Image_5171.jpg,VICEROY,c:\Users\ricar\Downloads\TP2-Students\aca-butterflies\train
Image_720.jpg,VICEROY,c:\Users\ricar\Downloads\TP2-Students\aca-butterflies\train
Image_787.jpg,VICEROY,c:\Users\ricar\Downloads\TP2-Students\aca-butterflies\train
Image_1709.jpg,VICEROY,c:\Users\ricar\Downloads\TP2-Students\aca-butterflies\train
Image_1138.jpg,VICEROY,c:\Users\ricar\Downloads\TP2-Students\aca-butterflies\train
Image_1400.jpg,VICEROY,c:\Users\ricar\Downloads\TP2-Students\aca-butterflies\train
Image_4325.jpg,VICEROY,c:\Users\ricar\Downloads\TP2-Students\aca-butterflies\train
Image_3248.jpg,VICEROY,c:\Users\ricar\Downloads\TP2-Students\aca-butterflies\train
Image_3076.jpg,VICEROY,c:\Users\ricar\Downloads\TP2-Students\aca-butterflies\train
Image_1337.jpg,VICEROY,c:\Users\ricar\Downloads\TP2-Students\aca-butterflies\train
Image_703.jpg,VICEROY,c:\Users\ricar\Downloads\TP2-Students\aca-butterflies\train
Image_1315.jpg,VICEROY,c:\Users\ricar\Downloads\TP2-Students\aca-butterflies\train
Image_3919.jpg,VICEROY,c:\Users\ricar\Downloads\TP2-Students\aca-butterflies\train
Image_1181.jpg,VICEROY,c:\Users\ricar\Downloads\TP2-Students\aca-butterflies\train
Image_2855.jpg,VICEROY,c:\Users\ricar\Downloads\TP2-Students\aca-butterflies\train
Image_2162.jpg,VICEROY,c:\Users\ricar\Downloads\TP2-Students\aca-butterflies\train
Image_4970.jpg,VICEROY,c:\Users\ricar\Downloads\TP2-Students\aca-butterflies\train
Image_2240.jpg,VICEROY,c:\Users\ricar\Downloads\TP2-Students\aca-butterflies\train
Image_771.jpg,VICEROY,c:\Users\ricar\Downloads\TP2-Students\aca-butterflies\train
Image_3930.jpg,VICEROY,c:\Users\ricar\Downloads\TP2-Students\aca-butterflies\train
Image_4858.jpg,VICEROY,c:\Users\ricar\Downloads\TP2-Students\aca-butterflies\train
Image_3394.jpg,VICEROY,c:\Users\ricar\Downloads\TP2-Students\aca-butterflies\train
Image_713.jpg,VICEROY,c:\Users\ricar\Downloads\TP2-Students\aca-butterflies\train
Image_4334.jpg,VICEROY,c:\Users\ricar\Downloads\TP2-Students\aca-butterflies\train
Image_3332.jpg,VICEROY,c:\Users\ricar\Downloads\TP2-Students\aca-butterflies\train
Image_580.jpg,VICEROY,c:\Users\ricar\Downloads\TP2-Students\aca-butterflies\train
Image_431.jpg,VICEROY,c:\Users\ricar\Downloads\TP2-Students\aca-butterflies\train
Image_5044.jpg,VICEROY,c:\Users\ricar\Downloads\TP2-Students\aca-butterflies\train
Image_2361.jpg,VICEROY,c:\Users\ricar\Downloads\TP2-Students\aca-butterflies\train
Image_4636.jpg,VICEROY,c:\Users\ricar\Downloads\TP2-Students\aca-butterflies\train
Image_2336.jpg,VICEROY,c:\Users\ricar\Downloads\TP2-Students\aca-butterflies\train
Image_3822.jpg,VICEROY,c:\Users\ricar\Downloads\TP2-Students\aca-butterflies\train
Image_940.jpg,VICEROY,c:\Users\ricar\Downloads\TP2-Students\aca-butterflies\train
Image_2664.jpg,VICEROY,c:\Users\ricar\Downloads\TP2-Students\aca-butterflies\train
Image_3708.jpg,VICEROY,c:\Users\ricar\Downloads\TP2-Students\aca-butterflies\train
Image_1550.jpg,VICEROY,c:\Users\ricar\Downloads\TP2-Students\aca-butterflies\train
Image_198.jpg,VICEROY,c:\Users\ricar\Downloads\TP2-Students\aca-butterflies\train
Image_1487.jpg,WOOD SATYR,c:\Users\ricar\Downloads\TP2-Students\aca-butterflies\train
Image_1311.jpg,WOOD SATYR,c:\Users\ricar\Downloads\TP2-Students\aca-butterflies\train
Image_4540.jpg,WOOD SATYR,c:\Users\ricar\Downloads\TP2-Students\aca-butterflies\train
Image_244.jpg,WOOD SATYR,c:\Users\ricar\Downloads\TP2-Students\aca-butterflies\train
Image_2591.jpg,WOOD SATYR,c:\Users\ricar\Downloads\TP2-Students\aca-butterflies\train
Image_1054.jpg,WOOD SATYR,c:\Users\ricar\Downloads\TP2-Students\aca-butterflies\train
Image_3912.jpg,WOOD SATYR,c:\Users\ricar\Downloads\TP2-Students\aca-butterflies\train
Image_2378.jpg,WOOD SATYR,c:\Users\ricar\Downloads\TP2-Students\aca-butterflies\train
Image_5017.jpg,WOOD SATYR,c:\Users\ricar\Downloads\TP2-Students\aca-butterflies\train
Image_4657.jpg,WOOD SATYR,c:\Users\ricar\Downloads\TP2-Students\aca-butterflies\train
Image_1378.jpg,WOOD SATYR,c:\Users\ricar\Downloads\TP2-Students\aca-butterflies\train
Image_1070.jpg,WOOD SATYR,c:\Users\ricar\Downloads\TP2-Students\aca-butterflies\train
Image_5091.jpg,WOOD SATYR,c:\Users\ricar\Downloads\TP2-Students\aca-butterflies\train
Image_3331.jpg,WOOD SATYR,c:\Users\ricar\Downloads\TP2-Students\aca-butterflies\train
Image_4127.jpg,WOOD SATYR,c:\Users\ricar\Downloads\TP2-Students\aca-butterflies\train
Image_4456.jpg,WOOD SATYR,c:\Users\ricar\Downloads\TP2-Students\aca-butterflies\train
Image_332.jpg,WOOD SATYR,c:\Users\ricar\Downloads\TP2-Students\aca-butterflies\train
Image_1026.jpg,WOOD SATYR,c:\Users\ricar\Downloads\TP2-Students\aca-butterflies\train
Image_4766.jpg,WOOD SATYR,c:\Users\ricar\Downloads\TP2-Students\aca-butterflies\train
Image_2281.jpg,WOOD SATYR,c:\Users\ricar\Downloads\TP2-Students\aca-butterflies\train
Image_3237.jpg,WOOD SATYR,c:\Users\ricar\Downloads\TP2-Students\aca-butterflies\train
Image_2724.jpg,WOOD SATYR,c:\Users\ricar\Downloads\TP2-Students\aca-butterflies\train
Image_3704.jpg,WOOD SATYR,c:\Users\ricar\Downloads\TP2-Students\aca-butterflies\train
Image_5135.jpg,WOOD SATYR,c:\Users\ricar\Downloads\TP2-Students\aca-butterflies\train
Image_1972.jpg,WOOD SATYR,c:\Users\ricar\Downloads\TP2-Students\aca-butterflies\train
Image_1851.jpg,WOOD SATYR,c:\Users\ricar\Downloads\TP2-Students\aca-butterflies\train
Image_2624.jpg,WOOD SATYR,c:\Users\ricar\Downloads\TP2-Students\aca-butterflies\train
Image_3356.jpg,WOOD SATYR,c:\Users\ricar\Downloads\TP2-Students\aca-butterflies\train
Image_276.jpg,WOOD SATYR,c:\Users\ricar\Downloads\TP2-Students\aca-butterflies\train
Image_2409.jpg,WOOD SATYR,c:\Users\ricar\Downloads\TP2-Students\aca-butterflies\train
Image_4224.jpg,WOOD SATYR,c:\Users\ricar\Downloads\TP2-Students\aca-butterflies\train
Image_4884.jpg,WOOD SATYR,c:\Users\ricar\Downloads\TP2-Students\aca-butterflies\train
Image_2627.jpg,WOOD SATYR,c:\Users\ricar\Downloads\TP2-Students\aca-butterflies\train
Image_3902.jpg,WOOD SATYR,c:\Users\ricar\Downloads\TP2-Students\aca-butterflies\train
Image_1190.jpg,WOOD SATYR,c:\Users\ricar\Downloads\TP2-Students\aca-butterflies\train
Image_1691.jpg,WOOD SATYR,c:\Users\ricar\Downloads\TP2-Students\aca-butterflies\train
Image_3635.jpg,WOOD SATYR,c:\Users\ricar\Downloads\TP2-Students\aca-butterflies\train
Image_4071.jpg,WOOD SATYR,c:\Users\ricar\Downloads\TP2-Students\aca-butterflies\train
Image_4310.jpg,WOOD SATYR,c:\Users\ricar\Downloads\TP2-Students\aca-butterflies\train
Image_4246.jpg,YELLOW SWALLOW TAIL,c:\Users\ricar\Downloads\TP2-Students\aca-butterflies\train
Image_3575.jpg,YELLOW SWALLOW TAIL,c:\Users\ricar\Downloads\TP2-Students\aca-butterflies\train
Image_167.jpg,YELLOW SWALLOW TAIL,c:\Users\ricar\Downloads\TP2-Students\aca-butterflies\train
Image_147.jpg,YELLOW SWALLOW TAIL,c:\Users\ricar\Downloads\TP2-Students\aca-butterflies\train
Image_4628.jpg,YELLOW SWALLOW TAIL,c:\Users\ricar\Downloads\TP2-Students\aca-butterflies\train
Image_2996.jpg,YELLOW SWALLOW TAIL,c:\Users\ricar\Downloads\TP2-Students\aca-butterflies\train
Image_2770.jpg,YELLOW SWALLOW TAIL,c:\Users\ricar\Downloads\TP2-Students\aca-butterflies\train
Image_71.jpg,YELLOW SWALLOW TAIL,c:\Users\ricar\Downloads\TP2-Students\aca-butterflies\train
Image_3109.jpg,YELLOW SWALLOW TAIL,c:\Users\ricar\Downloads\TP2-Students\aca-butterflies\train
Image_571.jpg,YELLOW SWALLOW TAIL,c:\Users\ricar\Downloads\TP2-Students\aca-butterflies\train
Image_1772.jpg,YELLOW SWALLOW TAIL,c:\Users\ricar\Downloads\TP2-Students\aca-butterflies\train
Image_2171.jpg,YELLOW SWALLOW TAIL,c:\Users\ricar\Downloads\TP2-Students\aca-butterflies\train
Image_3210.jpg,YELLOW SWALLOW TAIL,c:\Users\ricar\Downloads\TP2-Students\aca-butterflies\train
Image_1879.jpg,YELLOW SWALLOW TAIL,c:\Users\ricar\Downloads\TP2-Students\aca-butterflies\train
Image_2523.jpg,YELLOW SWALLOW TAIL,c:\Users\ricar\Downloads\TP2-Students\aca-butterflies\train
Image_952.jpg,YELLOW SWALLOW TAIL,c:\Users\ricar\Downloads\TP2-Students\aca-butterflies\train
Image_2327.jpg,YELLOW SWALLOW TAIL,c:\Users\ricar\Downloads\TP2-Students\aca-butterflies\train
Image_1206.jpg,YELLOW SWALLOW TAIL,c:\Users\ricar\Downloads\TP2-Students\aca-butterflies\train
Image_4598.jpg,YELLOW SWALLOW TAIL,c:\Users\ricar\Downloads\TP2-Students\aca-butterflies\train
Image_153.jpg,YELLOW SWALLOW TAIL,c:\Users\ricar\Downloads\TP2-Students\aca-butterflies\train
Image_3695.jpg,YELLOW SWALLOW TAIL,c:\Users\ricar\Downloads\TP2-Students\aca-butterflies\train
Image_2441.jpg,YELLOW SWALLOW TAIL,c:\Users\ricar\Downloads\TP2-Students\aca-butterflies\train
Image_4109.jpg,YELLOW SWALLOW TAIL,c:\Users\ricar\Downloads\TP2-Students\aca-butterflies\train
Image_981.jpg,YELLOW SWALLOW TAIL,c:\Users\ricar\Downloads\TP2-Students\aca-butterflies\train
Image_1247.jpg,YELLOW SWALLOW TAIL,c:\Users\ricar\Downloads\TP2-Students\aca-butterflies\train
Image_1438.jpg,YELLOW SWALLOW TAIL,c:\Users\ricar\Downloads\TP2-Students\aca-butterflies\train
Image_2780.jpg,YELLOW SWALLOW TAIL,c:\Users\ricar\Downloads\TP2-Students\aca-butterflies\train
Image_1332.jpg,YELLOW SWALLOW TAIL,c:\Users\ricar\Downloads\TP2-Students\aca-butterflies\train
Image_1060.jpg,YELLOW SWALLOW TAIL,c:\Users\ricar\Downloads\TP2-Students\aca-butterflies\train
Image_3320.jpg,YELLOW SWALLOW TAIL,c:\Users\ricar\Downloads\TP2-Students\aca-butterflies\train
Image_4826.jpg,YELLOW SWALLOW TAIL,c:\Users\ricar\Downloads\TP2-Students\aca-butterflies\train
Image_639.jpg,YELLOW SWALLOW TAIL,c:\Users\ricar\Downloads\TP2-Students\aca-butterflies\train
Image_5068.jpg,YELLOW SWALLOW TAIL,c:\Users\ricar\Downloads\TP2-Students\aca-butterflies\train
Image_815.jpg,YELLOW SWALLOW TAIL,c:\Users\ricar\Downloads\TP2-Students\aca-butterflies\train
Image_2911.jpg,YELLOW SWALLOW TAIL,c:\Users\ricar\Downloads\TP2-Students\aca-butterflies\train
Image_4478.jpg,YELLOW SWALLOW TAIL,c:\Users\ricar\Downloads\TP2-Students\aca-butterflies\train
Image_1919.jpg,YELLOW SWALLOW TAIL,c:\Users\ricar\Downloads\TP2-Students\aca-butterflies\train
Image_378.jpg,YELLOW SWALLOW TAIL,c:\Users\ricar\Downloads\TP2-Students\aca-butterflies\train
Image_1926.jpg,YELLOW SWALLOW TAIL,c:\Users\ricar\Downloads\TP2-Students\aca-butterflies\train
Image_3502.jpg,YELLOW SWALLOW TAIL,c:\Users\ricar\Downloads\TP2-Students\aca-butterflies\train
Image_2259.jpg,YELLOW SWALLOW TAIL,c:\Users\ricar\Downloads\TP2-Students\aca-butterflies\train
Image_962.jpg,YELLOW SWALLOW TAIL,c:\Users\ricar\Downloads\TP2-Students\aca-butterflies\train
Image_796.jpg,ZEBRA LONG WING,c:\Users\ricar\Downloads\TP2-Students\aca-butterflies\train
Image_329.jpg,ZEBRA LONG WING,c:\Users\ricar\Downloads\TP2-Students\aca-butterflies\train
Image_890.jpg,ZEBRA LONG WING,c:\Users\ricar\Downloads\TP2-Students\aca-butterflies\train
Image_3687.jpg,ZEBRA LONG WING,c:\Users\ricar\Downloads\TP2-Students\aca-butterflies\train
Image_1224.jpg,ZEBRA LONG WING,c:\Users\ricar\Downloads\TP2-Students\aca-butterflies\train
Image_3472.jpg,ZEBRA LONG WING,c:\Users\ricar\Downloads\TP2-Students\aca-butterflies\train
Image_2344.jpg,ZEBRA LONG WING,c:\Users\ricar\Downloads\TP2-Students\aca-butterflies\train
Image_2942.jpg,ZEBRA LONG WING,c:\Users\ricar\Downloads\TP2-Students\aca-butterflies\train
Image_2819.jpg,ZEBRA LONG WING,c:\Users\ricar\Downloads\TP2-Students\aca-butterflies\train
Image_2521.jpg,ZEBRA LONG WING,c:\Users\ricar\Downloads\TP2-Students\aca-butterflies\train
Image_3806.jpg,ZEBRA LONG WING,c:\Users\ricar\Downloads\TP2-Students\aca-butterflies\train
Image_4158.jpg,ZEBRA LONG WING,c:\Users\ricar\Downloads\TP2-Students\aca-butterflies\train
Image_1517.jpg,ZEBRA LONG WING,c:\Users\ricar\Downloads\TP2-Students\aca-butterflies\train
Image_4012.jpg,ZEBRA LONG WING,c:\Users\ricar\Downloads\TP2-Students\aca-butterflies\train
Image_2299.jpg,ZEBRA LONG WING,c:\Users\ricar\Downloads\TP2-Students\aca-butterflies\train
Image_3074.jpg,ZEBRA LONG WING,c:\Users\ricar\Downloads\TP2-Students\aca-butterflies\train
Image_4138.jpg,ZEBRA LONG WING,c:\Users\ricar\Downloads\TP2-Students\aca-butterflies\train
Image_767.jpg,ZEBRA LONG WING,c:\Users\ricar\Downloads\TP2-Students\aca-butterflies\train
Image_3440.jpg,ZEBRA LONG WING,c:\Users\ricar\Downloads\TP2-Students\aca-butterflies\train
Image_1375.jpg,ZEBRA LONG WING,c:\Users\ricar\Downloads\TP2-Students\aca-butterflies\train
Image_385.jpg,ZEBRA LONG WING,c:\Users\ricar\Downloads\TP2-Students\aca-butterflies\train
Image_2187.jpg,ZEBRA LONG WING,c:\Users\ricar\Downloads\TP2-Students\aca-butterflies\train
Image_3384.jpg,ZEBRA LONG WING,c:\Users\ricar\Downloads\TP2-Students\aca-butterflies\train
Image_3499.jpg,ZEBRA LONG WING,c:\Users\ricar\Downloads\TP2-Students\aca-butterflies\train
Image_1787.jpg,ZEBRA LONG WING,c:\Users\ricar\Downloads\TP2-Students\aca-butterflies\train
Image_1367.jpg,ZEBRA LONG WING,c:\Users\ricar\Downloads\TP2-Students\aca-butterflies\train
Image_273.jpg,ZEBRA LONG WING,c:\Users\ricar\Downloads\TP2-Students\aca-butterflies\train
Image_511.jpg,ZEBRA LONG WING,c:\Users\ricar\Downloads\TP2-Students\aca-butterflies\train
Image_3685.jpg,ZEBRA LONG WING,c:\Users\ricar\Downloads\TP2-Students\aca-butterflies\train
Image_4172.jpg,ZEBRA LONG WING,c:\Users\ricar\Downloads\TP2-Students\aca-butterflies\train
Image_345.jpg,ZEBRA LONG WING,c:\Users\ricar\Downloads\TP2-Students\aca-butterflies\train
Image_1634.jpg,ZEBRA LONG WING,c:\Users\ricar\Downloads\TP2-Students\aca-butterflies\train
Image_341.jpg,ZEBRA LONG WING,c:\Users\ricar\Downloads\TP2-Students\aca-butterflies\train
Image_4260.jpg,ZEBRA LONG WING,c:\Users\ricar\Downloads\TP2-Students\aca-butterflies\train
Image_2799.jpg,ZEBRA LONG WING,c:\Users\ricar\Downloads\TP2-Students\aca-butterflies\train
Image_2233.jpg,ZEBRA LONG WING,c:\Users\ricar\Downloads\TP2-Students\aca-butterflies\train
Image_1376.jpg,ZEBRA LONG WING,c:\Users\ricar\Downloads\TP2-Students\aca-butterflies\train
Image_2590.jpg,ZEBRA LONG WING,c:\Users\ricar\Downloads\TP2-Students\aca-butterflies\train
Image_8.jpg,ZEBRA LONG WING,c:\Users\ricar\Downloads\TP2-Students\aca-butterflies\train
Image_2151.jpg,ZEBRA LONG WING,c:\Users\ricar\Downloads\TP2-Students\aca-butterflies\train
Image_4403.jpg,ZEBRA LONG WING,c:\Users\ricar\Downloads\TP2-Students\aca-butterflies\train
Image_349.jpg,ZEBRA LONG WING,c:\Users\ricar\Downloads\TP2-Students\aca-butterflies\train
gan_018_0008.jpg,CLODIUS PARNASSIAN,c:\Users\ricar\Downloads\TP2-Students\data\generated\gan
gan_018_0016.jpg,CLODIUS PARNASSIAN,c:\Users\ricar\Downloads\TP2-Students\data\generated\gan
gan_018_0000.jpg,CLODIUS PARNASSIAN,c:\Users\ricar\Downloads\TP2-Students\data\generated\gan
gan_018_0018.jpg,CLODIUS PARNASSIAN,c:\Users\ricar\Downloads\TP2-Students\data\generated\gan
gan_018_0011.jpg,CLODIUS PARNASSIAN,c:\Users\ricar\Downloads\TP2-Students\data\generated\gan
gan_018_0009.jpg,CLODIUS PARNASSIAN,c:\Users\ricar\Downloads\TP2-Students\data\generated\gan
gan_018_0013.jpg,CLODIUS PARNASSIAN,c:\Users\ricar\Downloads\TP2-Students\data\generated\gan
gan_018_0001.jpg,CLODIUS PARNASSIAN,c:\Users\ricar\Downloads\TP2-Students\data\generated\gan
gan_018_0021.jpg,CLODIUS PARNASSIAN,c:\Users\ricar\Downloads\TP2-Students\data\generated\gan
gan_018_0005.jpg,CLODIUS PARNASSIAN,c:\Users\ricar\Downloads\TP2-Students\data\generated\gan
gan_018_0002.jpg,CLODIUS PARNASSIAN,c:\Users\ricar\Downloads\TP2-Students\data\generated\gan
gan_018_0012.jpg,CLODIUS PARNASSIAN,c:\Users\ricar\Downloads\TP2-Students\data\generated\gan
gan_018_0015.jpg,CLODIUS PARNASSIAN,c:\Users\ricar\Downloads\TP2-Students\data\generated\gan
gan_018_0003.jpg,CLODIUS PARNASSIAN,c:\Users\ricar\Downloads\TP2-Students\data\generated\gan
gan_018_0004.jpg,CLODIUS PARNASSIAN,c:\Users\ricar\Downloads\TP2-Students\data\generated\gan
gan_018_0022.jpg,CLODIUS PARNASSIAN,c:\Users\ricar\Downloads\TP2-Students\data\generated\gan
gan_018_0017.jpg,CLODIUS PARNASSIAN,c:\Users\ricar\Downloads\TP2-Students\data\generated\gan
gan_018_0020.jpg,CLODIUS PARNASSIAN,c:\Users\ricar\Downloads\TP2-Students\data\generated\gan
gan_018_0023.jpg,CLODIUS PARNASSIAN,c:\Users\ricar\Downloads\TP2-Students\data\generated\gan
gan_018_0007.jpg,CLODIUS PARNASSIAN,c:\Users\ricar\Downloads\TP2-Students\data\generated\gan
gan_018_0010.jpg,CLODIUS PARNASSIAN,c:\Users\ricar\Downloads\TP2-Students\data\generated\gan
gan_018_0014.jpg,CLODIUS PARNASSIAN,c:\Users\ricar\Downloads\TP2-Students\data\generated\gan
gan_018_0019.jpg,CLODIUS PARNASSIAN,c:\Users\ricar\Downloads\TP2-Students\data\generated\gan
gan_018_0006.jpg,CLODIUS PARNASSIAN,c:\Users\ricar\Downloads\TP2-Students\data\generated\gan
gan_025_0007.jpg,DANAID EGGFLY,c:\Users\ricar\Downloads\TP2-Students\data\generated\gan
gan_025_0001.jpg,DANAID EGGFLY,c:\Users\ricar\Downloads\TP2-Students\data\generated\gan
gan_032_0000.jpg,GREAT JAY,c:\Users\ricar\Downloads\TP2-Students\data\generated\gan
gan_032_0017.jpg,GREAT JAY,c:\Users\ricar\Downloads\TP2-Students\data\generated\gan
gan_032_0015.jpg,GREAT JAY,c:\Users\ricar\Downloads\TP2-Students\data\generated\gan
gan_032_0001.jpg,GREAT JAY,c:\Users\ricar\Downloads\TP2-Students\data\generated\gan
gan_032_0008.jpg,GREAT JAY,c:\Users\ricar\Downloads\TP2-Students\data\generated\gan
gan_032_0005.jpg,GREAT JAY,c:\Users\ricar\Downloads\TP2-Students\data\generated\gan
gan_032_0011.jpg,GREAT JAY,c:\Users\ricar\Downloads\TP2-Students\data\generated\gan
gan_032_0003.jpg,GREAT JAY,c:\Users\ricar\Downloads\TP2-Students\data\generated\gan
gan_032_0018.jpg,GREAT JAY,c:\Users\ricar\Downloads\TP2-Students\data\generated\gan
gan_032_0016.jpg,GREAT JAY,c:\Users\ricar\Downloads\TP2-Students\data\generated\gan
gan_032_0013.jpg,GREAT JAY,c:\Users\ricar\Downloads\TP2-Students\data\generated\gan
gan_032_0002.jpg,GREAT JAY,c:\Users\ricar\Downloads\TP2-Students\data\generated\gan
gan_032_0009.jpg,GREAT JAY,c:\Users\ricar\Downloads\TP2-Students\data\generated\gan
gan_032_0020.jpg,GREAT JAY,c:\Users\ricar\Downloads\TP2-Students\data\generated\gan
gan_032_0004.jpg,GREAT JAY,c:\Users\ricar\Downloads\TP2-Students\data\generated\gan
gan_032_0012.jpg,GREAT JAY,c:\Users\ricar\Downloads\TP2-Students\data\generated\gan
gan_032_0007.jpg,GREAT JAY,c:\Users\ricar\Downloads\TP2-Students\data\generated\gan
gan_032_0010.jpg,GREAT JAY,c:\Users\ricar\Downloads\TP2-Students\data\generated\gan
gan_032_0014.jpg,GREAT JAY,c:\Users\ricar\Downloads\TP2-Students\data\generated\gan
gan_032_0019.jpg,GREAT JAY,c:\Users\ricar\Downloads\TP2-Students\data\generated\gan
gan_032_0006.jpg,GREAT JAY,c:\Users\ricar\Downloads\TP2-Students\data\generated\gan
gan_047_0000.jpg,ORANGE TIP,c:\Users\ricar\Downloads\TP2-Students\data\generated\gan
gan_047_0017.jpg,ORANGE TIP,c:\Users\ricar\Downloads\TP2-Students\data\generated\gan
gan_047_0015.jpg,ORANGE TIP,c:\Users\ricar\Downloads\TP2-Students\data\generated\gan
gan_047_0001.jpg,ORANGE TIP,c:\Users\ricar\Downloads\TP2-Students\data\generated\gan
gan_047_0008.jpg,ORANGE TIP,c:\Users\ricar\Downloads\TP2-Students\data\generated\gan
gan_047_0005.jpg,ORANGE TIP,c:\Users\ricar\Downloads\TP2-Students\data\generated\gan
gan_047_0011.jpg,ORANGE TIP,c:\Users\ricar\Downloads\TP2-Students\data\generated\gan
gan_047_0003.jpg,ORANGE TIP,c:\Users\ricar\Downloads\TP2-Students\data\generated\gan
gan_047_0018.jpg,ORANGE TIP,c:\Users\ricar\Downloads\TP2-Students\data\generated\gan
gan_047_0016.jpg,ORANGE TIP,c:\Users\ricar\Downloads\TP2-Students\data\generated\gan
gan_047_0013.jpg,ORANGE TIP,c:\Users\ricar\Downloads\TP2-Students\data\generated\gan
gan_047_0002.jpg,ORANGE TIP,c:\Users\ricar\Downloads\TP2-Students\data\generated\gan
gan_047_0009.jpg,ORANGE TIP,c:\Users\ricar\Downloads\TP2-Students\data\generated\gan
gan_047_0019.jpg,ORANGE TIP,c:\Users\ricar\Downloads\TP2-Students\data\generated\gan
gan_047_0004.jpg,ORANGE TIP,c:\Users\ricar\Downloads\TP2-Students\data\generated\gan
gan_047_0012.jpg,ORANGE TIP,c:\Users\ricar\Downloads\TP2-Students\data\generated\gan
gan_047_0007.jpg,ORANGE TIP,c:\Users\ricar\Downloads\TP2-Students\data\generated\gan
gan_047_0010.jpg,ORANGE TIP,c:\Users\ricar\Downloads\TP2-Students\data\generated\gan
gan_047_0014.jpg,ORANGE TIP,c:\Users\ricar\Downloads\TP2-Students\data\generated\gan
gan_047_0006.jpg,ORANGE TIP,c:\Users\ricar\Downloads\TP2-Students\data\generated\gan
gan_058_0008.jpg,RED ADMIRAL,c:\Users\ricar\Downloads\TP2-Students\data\generated\gan
gan_058_0013.jpg,RED ADMIRAL,c:\Users\ricar\Downloads\TP2-Students\data\generated\gan
gan_058_0009.jpg,RED ADMIRAL,c:\Users\ricar\Downloads\TP2-Students\data\generated\gan
gan_058_0021.jpg,RED ADMIRAL,c:\Users\ricar\Downloads\TP2-Students\data\generated\gan
gan_058_0000.jpg,RED ADMIRAL,c:\Users\ricar\Downloads\TP2-Students\data\generated\gan
gan_058_0011.jpg,RED ADMIRAL,c:\Users\ricar\Downloads\TP2-Students\data\generated\gan
gan_058_0016.jpg,RED ADMIRAL,c:\Users\ricar\Downloads\TP2-Students\data\generated\gan
gan_058_0017.jpg,RED ADMIRAL,c:\Users\ricar\Downloads\TP2-Students\data\generated\gan
gan_058_0012.jpg,RED ADMIRAL,c:\Users\ricar\Downloads\TP2-Students\data\generated\gan
gan_058_0024.jpg,RED ADMIRAL,c:\Users\ricar\Downloads\TP2-Students\data\generated\gan
gan_058_0001.jpg,RED ADMIRAL,c:\Users\ricar\Downloads\TP2-Students\data\generated\gan
gan_058_0004.jpg,RED ADMIRAL,c:\Users\ricar\Downloads\TP2-Students\data\generated\gan
gan_058_0005.jpg,RED ADMIRAL,c:\Users\ricar\Downloads\TP2-Students\data\generated\gan
gan_058_0002.jpg,RED ADMIRAL,c:\Users\ricar\Downloads\TP2-Students\data\generated\gan
gan_058_0015.jpg,RED ADMIRAL,c:\Users\ricar\Downloads\TP2-Students\data\generated\gan
gan_058_0022.jpg,RED ADMIRAL,c:\Users\ricar\Downloads\TP2-Students\data\generated\gan
gan_058_0003.jpg,RED ADMIRAL,c:\Users\ricar\Downloads\TP2-Students\data\generated\gan
gan_058_0025.jpg,RED ADMIRAL,c:\Users\ricar\Downloads\TP2-Students\data\generated\gan
gan_058_0023.jpg,RED ADMIRAL,c:\Users\ricar\Downloads\TP2-Students\data\generated\gan
gan_058_0018.jpg,RED ADMIRAL,c:\Users\ricar\Downloads\TP2-Students\data\generated\gan
gan_058_0026.jpg,RED ADMIRAL,c:\Users\ricar\Downloads\TP2-Students\data\generated\gan
gan_058_0020.jpg,RED ADMIRAL,c:\Users\ricar\Downloads\TP2-Students\data\generated\gan
gan_058_0007.jpg,RED ADMIRAL,c:\Users\ricar\Downloads\TP2-Students\data\generated\gan
gan_058_0010.jpg,RED ADMIRAL,c:\Users\ricar\Downloads\TP2-Students\data\generated\gan
gan_058_0014.jpg,RED ADMIRAL,c:\Users\ricar\Downloads\TP2-Students\data\generated\gan
gan_058_0019.jpg,RED ADMIRAL,c:\Users\ricar\Downloads\TP2-Students\data\generated\gan
gan_058_0006.jpg,RED ADMIRAL,c:\Users\ricar\Downloads\TP2-Students\data\generated\gan
